[2025-08-14 19:53:38] local.ERROR: Attempt to read property "examenes" on null {"userId":"Damaris","exception":"[object] (ErrorException(code: 0): Attempt to read property \"examenes\" on null at C:\\Users\\evaa2\\OneDrive\\Escritorio\\EvaluaPro\\evaluaPro\\app\\Http\\Controllers\\UsuarioController.php:35)
[stacktrace]
#0 C:\\Users\\evaa2\\OneDrive\\Escritorio\\EvaluaPro\\evaluaPro\\vendor\\laravel\\framework\\src\\Illuminate\\Foundation\\Bootstrap\\HandleExceptions.php(255): Illuminate\\Foundation\\Bootstrap\\HandleExceptions->handleError(2, 'Attempt to read...', 'C:\\\\Users\\\\evaa2\\\\...', 35)
#1 C:\\Users\\evaa2\\OneDrive\\Escritorio\\EvaluaPro\\evaluaPro\\app\\Http\\Controllers\\UsuarioController.php(35): Illuminate\\Foundation\\Bootstrap\\HandleExceptions->Illuminate\\Foundation\\Bootstrap\\{closure}(2, 'Attempt to read...', 'C:\\\\Users\\\\evaa2\\\\...', 35)
#2 C:\\Users\\evaa2\\OneDrive\\Escritorio\\EvaluaPro\\evaluaPro\\app\\Http\\Controllers\\UsuarioController.php(111): App\\Http\\Controllers\\UsuarioController->getReticulaData(Object(App\\Models\\Usuario))
#3 C:\\Users\\evaa2\\OneDrive\\Escritorio\\EvaluaPro\\evaluaPro\\vendor\\laravel\\framework\\src\\Illuminate\\Routing\\Controller.php(54): App\\Http\\Controllers\\UsuarioController->reticula()
#4 C:\\Users\\evaa2\\OneDrive\\Escritorio\\EvaluaPro\\evaluaPro\\vendor\\laravel\\framework\\src\\Illuminate\\Routing\\ControllerDispatcher.php(43): Illuminate\\Routing\\Controller->callAction('reticula', Array)
#5 C:\\Users\\evaa2\\OneDrive\\Escritorio\\EvaluaPro\\evaluaPro\\vendor\\laravel\\framework\\src\\Illuminate\\Routing\\Route.php(259): Illuminate\\Routing\\ControllerDispatcher->dispatch(Object(Illuminate\\Routing\\Route), Object(App\\Http\\Controllers\\UsuarioController), 'reticula')
#6 C:\\Users\\evaa2\\OneDrive\\Escritorio\\EvaluaPro\\evaluaPro\\vendor\\laravel\\framework\\src\\Illuminate\\Routing\\Route.php(205): Illuminate\\Routing\\Route->runController()
#7 C:\\Users\\evaa2\\OneDrive\\Escritorio\\EvaluaPro\\evaluaPro\\vendor\\laravel\\framework\\src\\Illuminate\\Routing\\Router.php(806): Illuminate\\Routing\\Route->run()
#8 C:\\Users\\evaa2\\OneDrive\\Escritorio\\EvaluaPro\\evaluaPro\\vendor\\laravel\\framework\\src\\Illuminate\\Pipeline\\Pipeline.php(144): Illuminate\\Routing\\Router->Illuminate\\Routing\\{closure}(Object(Illuminate\\Http\\Request))
#9 C:\\Users\\evaa2\\OneDrive\\Escritorio\\EvaluaPro\\evaluaPro\\app\\Http\\Middleware\\RolMiddleware.php(21): Illuminate\\Pipeline\\Pipeline->Illuminate\\Pipeline\\{closure}(Object(Illuminate\\Http\\Request))
#10 C:\\Users\\evaa2\\OneDrive\\Escritorio\\EvaluaPro\\evaluaPro\\vendor\\laravel\\framework\\src\\Illuminate\\Pipeline\\Pipeline.php(183): App\\Http\\Middleware\\RolMiddleware->handle(Object(Illuminate\\Http\\Request), Object(Closure), 'admin', 'capacitador', 'usuario')
#11 C:\\Users\\evaa2\\OneDrive\\Escritorio\\EvaluaPro\\evaluaPro\\vendor\\laravel\\framework\\src\\Illuminate\\Routing\\Middleware\\SubstituteBindings.php(50): Illuminate\\Pipeline\\Pipeline->Illuminate\\Pipeline\\{closure}(Object(Illuminate\\Http\\Request))
#12 C:\\Users\\evaa2\\OneDrive\\Escritorio\\EvaluaPro\\evaluaPro\\vendor\\laravel\\framework\\src\\Illuminate\\Pipeline\\Pipeline.php(183): Illuminate\\Routing\\Middleware\\SubstituteBindings->handle(Object(Illuminate\\Http\\Request), Object(Closure))
#13 C:\\Users\\evaa2\\OneDrive\\Escritorio\\EvaluaPro\\evaluaPro\\vendor\\laravel\\framework\\src\\Illuminate\\Auth\\Middleware\\Authenticate.php(57): Illuminate\\Pipeline\\Pipeline->Illuminate\\Pipeline\\{closure}(Object(Illuminate\\Http\\Request))
#14 C:\\Users\\evaa2\\OneDrive\\Escritorio\\EvaluaPro\\evaluaPro\\vendor\\laravel\\framework\\src\\Illuminate\\Pipeline\\Pipeline.php(183): Illuminate\\Auth\\Middleware\\Authenticate->handle(Object(Illuminate\\Http\\Request), Object(Closure))
#15 C:\\Users\\evaa2\\OneDrive\\Escritorio\\EvaluaPro\\evaluaPro\\vendor\\laravel\\framework\\src\\Illuminate\\Foundation\\Http\\Middleware\\VerifyCsrfToken.php(78): Illuminate\\Pipeline\\Pipeline->Illuminate\\Pipeline\\{closure}(Object(Illuminate\\Http\\Request))
#16 C:\\Users\\evaa2\\OneDrive\\Escritorio\\EvaluaPro\\evaluaPro\\vendor\\laravel\\framework\\src\\Illuminate\\Pipeline\\Pipeline.php(183): Illuminate\\Foundation\\Http\\Middleware\\VerifyCsrfToken->handle(Object(Illuminate\\Http\\Request), Object(Closure))
#17 C:\\Users\\evaa2\\OneDrive\\Escritorio\\EvaluaPro\\evaluaPro\\vendor\\laravel\\framework\\src\\Illuminate\\View\\Middleware\\ShareErrorsFromSession.php(49): Illuminate\\Pipeline\\Pipeline->Illuminate\\Pipeline\\{closure}(Object(Illuminate\\Http\\Request))
#18 C:\\Users\\evaa2\\OneDrive\\Escritorio\\EvaluaPro\\evaluaPro\\vendor\\laravel\\framework\\src\\Illuminate\\Pipeline\\Pipeline.php(183): Illuminate\\View\\Middleware\\ShareErrorsFromSession->handle(Object(Illuminate\\Http\\Request), Object(Closure))
#19 C:\\Users\\evaa2\\OneDrive\\Escritorio\\EvaluaPro\\evaluaPro\\vendor\\laravel\\framework\\src\\Illuminate\\Session\\Middleware\\StartSession.php(121): Illuminate\\Pipeline\\Pipeline->Illuminate\\Pipeline\\{closure}(Object(Illuminate\\Http\\Request))
#20 C:\\Users\\evaa2\\OneDrive\\Escritorio\\EvaluaPro\\evaluaPro\\vendor\\laravel\\framework\\src\\Illuminate\\Session\\Middleware\\StartSession.php(64): Illuminate\\Session\\Middleware\\StartSession->handleStatefulRequest(Object(Illuminate\\Http\\Request), Object(Illuminate\\Session\\Store), Object(Closure))
#21 C:\\Users\\evaa2\\OneDrive\\Escritorio\\EvaluaPro\\evaluaPro\\vendor\\laravel\\framework\\src\\Illuminate\\Pipeline\\Pipeline.php(183): Illuminate\\Session\\Middleware\\StartSession->handle(Object(Illuminate\\Http\\Request), Object(Closure))
#22 C:\\Users\\evaa2\\OneDrive\\Escritorio\\EvaluaPro\\evaluaPro\\vendor\\laravel\\framework\\src\\Illuminate\\Cookie\\Middleware\\AddQueuedCookiesToResponse.php(37): Illuminate\\Pipeline\\Pipeline->Illuminate\\Pipeline\\{closure}(Object(Illuminate\\Http\\Request))
#23 C:\\Users\\evaa2\\OneDrive\\Escritorio\\EvaluaPro\\evaluaPro\\vendor\\laravel\\framework\\src\\Illuminate\\Pipeline\\Pipeline.php(183): Illuminate\\Cookie\\Middleware\\AddQueuedCookiesToResponse->handle(Object(Illuminate\\Http\\Request), Object(Closure))
#24 C:\\Users\\evaa2\\OneDrive\\Escritorio\\EvaluaPro\\evaluaPro\\vendor\\laravel\\framework\\src\\Illuminate\\Cookie\\Middleware\\EncryptCookies.php(67): Illuminate\\Pipeline\\Pipeline->Illuminate\\Pipeline\\{closure}(Object(Illuminate\\Http\\Request))
#25 C:\\Users\\evaa2\\OneDrive\\Escritorio\\EvaluaPro\\evaluaPro\\vendor\\laravel\\framework\\src\\Illuminate\\Pipeline\\Pipeline.php(183): Illuminate\\Cookie\\Middleware\\EncryptCookies->handle(Object(Illuminate\\Http\\Request), Object(Closure))
#26 C:\\Users\\evaa2\\OneDrive\\Escritorio\\EvaluaPro\\evaluaPro\\vendor\\laravel\\framework\\src\\Illuminate\\Pipeline\\Pipeline.php(119): Illuminate\\Pipeline\\Pipeline->Illuminate\\Pipeline\\{closure}(Object(Illuminate\\Http\\Request))
#27 C:\\Users\\evaa2\\OneDrive\\Escritorio\\EvaluaPro\\evaluaPro\\vendor\\laravel\\framework\\src\\Illuminate\\Routing\\Router.php(805): Illuminate\\Pipeline\\Pipeline->then(Object(Closure))
#28 C:\\Users\\evaa2\\OneDrive\\Escritorio\\EvaluaPro\\evaluaPro\\vendor\\laravel\\framework\\src\\Illuminate\\Routing\\Router.php(784): Illuminate\\Routing\\Router->runRouteWithinStack(Object(Illuminate\\Routing\\Route), Object(Illuminate\\Http\\Request))
#29 C:\\Users\\evaa2\\OneDrive\\Escritorio\\EvaluaPro\\evaluaPro\\vendor\\laravel\\framework\\src\\Illuminate\\Routing\\Router.php(748): Illuminate\\Routing\\Router->runRoute(Object(Illuminate\\Http\\Request), Object(Illuminate\\Routing\\Route))
#30 C:\\Users\\evaa2\\OneDrive\\Escritorio\\EvaluaPro\\evaluaPro\\vendor\\laravel\\framework\\src\\Illuminate\\Routing\\Router.php(737): Illuminate\\Routing\\Router->dispatchToRoute(Object(Illuminate\\Http\\Request))
#31 C:\\Users\\evaa2\\OneDrive\\Escritorio\\EvaluaPro\\evaluaPro\\vendor\\laravel\\framework\\src\\Illuminate\\Foundation\\Http\\Kernel.php(200): Illuminate\\Routing\\Router->dispatch(Object(Illuminate\\Http\\Request))
#32 C:\\Users\\evaa2\\OneDrive\\Escritorio\\EvaluaPro\\evaluaPro\\vendor\\laravel\\framework\\src\\Illuminate\\Pipeline\\Pipeline.php(144): Illuminate\\Foundation\\Http\\Kernel->Illuminate\\Foundation\\Http\\{closure}(Object(Illuminate\\Http\\Request))
#33 C:\\Users\\evaa2\\OneDrive\\Escritorio\\EvaluaPro\\evaluaPro\\vendor\\laravel\\framework\\src\\Illuminate\\Foundation\\Http\\Middleware\\TransformsRequest.php(21): Illuminate\\Pipeline\\Pipeline->Illuminate\\Pipeline\\{closure}(Object(Illuminate\\Http\\Request))
#34 C:\\Users\\evaa2\\OneDrive\\Escritorio\\EvaluaPro\\evaluaPro\\vendor\\laravel\\framework\\src\\Illuminate\\Foundation\\Http\\Middleware\\ConvertEmptyStringsToNull.php(31): Illuminate\\Foundation\\Http\\Middleware\\TransformsRequest->handle(Object(Illuminate\\Http\\Request), Object(Closure))
#35 C:\\Users\\evaa2\\OneDrive\\Escritorio\\EvaluaPro\\evaluaPro\\vendor\\laravel\\framework\\src\\Illuminate\\Pipeline\\Pipeline.php(183): Illuminate\\Foundation\\Http\\Middleware\\ConvertEmptyStringsToNull->handle(Object(Illuminate\\Http\\Request), Object(Closure))
#36 C:\\Users\\evaa2\\OneDrive\\Escritorio\\EvaluaPro\\evaluaPro\\vendor\\laravel\\framework\\src\\Illuminate\\Foundation\\Http\\Middleware\\TransformsRequest.php(21): Illuminate\\Pipeline\\Pipeline->Illuminate\\Pipeline\\{closure}(Object(Illuminate\\Http\\Request))
#37 C:\\Users\\evaa2\\OneDrive\\Escritorio\\EvaluaPro\\evaluaPro\\vendor\\laravel\\framework\\src\\Illuminate\\Foundation\\Http\\Middleware\\TrimStrings.php(40): Illuminate\\Foundation\\Http\\Middleware\\TransformsRequest->handle(Object(Illuminate\\Http\\Request), Object(Closure))
#38 C:\\Users\\evaa2\\OneDrive\\Escritorio\\EvaluaPro\\evaluaPro\\vendor\\laravel\\framework\\src\\Illuminate\\Pipeline\\Pipeline.php(183): Illuminate\\Foundation\\Http\\Middleware\\TrimStrings->handle(Object(Illuminate\\Http\\Request), Object(Closure))
#39 C:\\Users\\evaa2\\OneDrive\\Escritorio\\EvaluaPro\\evaluaPro\\vendor\\laravel\\framework\\src\\Illuminate\\Foundation\\Http\\Middleware\\ValidatePostSize.php(27): Illuminate\\Pipeline\\Pipeline->Illuminate\\Pipeline\\{closure}(Object(Illuminate\\Http\\Request))
#40 C:\\Users\\evaa2\\OneDrive\\Escritorio\\EvaluaPro\\evaluaPro\\vendor\\laravel\\framework\\src\\Illuminate\\Pipeline\\Pipeline.php(183): Illuminate\\Foundation\\Http\\Middleware\\ValidatePostSize->handle(Object(Illuminate\\Http\\Request), Object(Closure))
#41 C:\\Users\\evaa2\\OneDrive\\Escritorio\\EvaluaPro\\evaluaPro\\vendor\\laravel\\framework\\src\\Illuminate\\Foundation\\Http\\Middleware\\PreventRequestsDuringMaintenance.php(99): Illuminate\\Pipeline\\Pipeline->Illuminate\\Pipeline\\{closure}(Object(Illuminate\\Http\\Request))
#42 C:\\Users\\evaa2\\OneDrive\\Escritorio\\EvaluaPro\\evaluaPro\\vendor\\laravel\\framework\\src\\Illuminate\\Pipeline\\Pipeline.php(183): Illuminate\\Foundation\\Http\\Middleware\\PreventRequestsDuringMaintenance->handle(Object(Illuminate\\Http\\Request), Object(Closure))
#43 C:\\Users\\evaa2\\OneDrive\\Escritorio\\EvaluaPro\\evaluaPro\\vendor\\laravel\\framework\\src\\Illuminate\\Http\\Middleware\\HandleCors.php(49): Illuminate\\Pipeline\\Pipeline->Illuminate\\Pipeline\\{closure}(Object(Illuminate\\Http\\Request))
#44 C:\\Users\\evaa2\\OneDrive\\Escritorio\\EvaluaPro\\evaluaPro\\vendor\\laravel\\framework\\src\\Illuminate\\Pipeline\\Pipeline.php(183): Illuminate\\Http\\Middleware\\HandleCors->handle(Object(Illuminate\\Http\\Request), Object(Closure))
#45 C:\\Users\\evaa2\\OneDrive\\Escritorio\\EvaluaPro\\evaluaPro\\vendor\\laravel\\framework\\src\\Illuminate\\Http\\Middleware\\TrustProxies.php(39): Illuminate\\Pipeline\\Pipeline->Illuminate\\Pipeline\\{closure}(Object(Illuminate\\Http\\Request))
#46 C:\\Users\\evaa2\\OneDrive\\Escritorio\\EvaluaPro\\evaluaPro\\vendor\\laravel\\framework\\src\\Illuminate\\Pipeline\\Pipeline.php(183): Illuminate\\Http\\Middleware\\TrustProxies->handle(Object(Illuminate\\Http\\Request), Object(Closure))
#47 C:\\Users\\evaa2\\OneDrive\\Escritorio\\EvaluaPro\\evaluaPro\\vendor\\laravel\\framework\\src\\Illuminate\\Pipeline\\Pipeline.php(119): Illuminate\\Pipeline\\Pipeline->Illuminate\\Pipeline\\{closure}(Object(Illuminate\\Http\\Request))
#48 C:\\Users\\evaa2\\OneDrive\\Escritorio\\EvaluaPro\\evaluaPro\\vendor\\laravel\\framework\\src\\Illuminate\\Foundation\\Http\\Kernel.php(175): Illuminate\\Pipeline\\Pipeline->then(Object(Closure))
#49 C:\\Users\\evaa2\\OneDrive\\Escritorio\\EvaluaPro\\evaluaPro\\vendor\\laravel\\framework\\src\\Illuminate\\Foundation\\Http\\Kernel.php(144): Illuminate\\Foundation\\Http\\Kernel->sendRequestThroughRouter(Object(Illuminate\\Http\\Request))
#50 C:\\Users\\evaa2\\OneDrive\\Escritorio\\EvaluaPro\\evaluaPro\\public\\index.php(51): Illuminate\\Foundation\\Http\\Kernel->handle(Object(Illuminate\\Http\\Request))
#51 C:\\Users\\evaa2\\OneDrive\\Escritorio\\EvaluaPro\\evaluaPro\\vendor\\laravel\\framework\\src\\Illuminate\\Foundation\\resources\\server.php(16): require_once('C:\\\\Users\\\\evaa2\\\\...')
#52 {main}
"} 
[2025-08-14 19:53:45] local.ERROR: Attempt to read property "examenes" on null {"userId":"Damaris","exception":"[object] (ErrorException(code: 0): Attempt to read property \"examenes\" on null at C:\\Users\\evaa2\\OneDrive\\Escritorio\\EvaluaPro\\evaluaPro\\app\\Http\\Controllers\\UsuarioController.php:35)
[stacktrace]
#0 C:\\Users\\evaa2\\OneDrive\\Escritorio\\EvaluaPro\\evaluaPro\\vendor\\laravel\\framework\\src\\Illuminate\\Foundation\\Bootstrap\\HandleExceptions.php(255): Illuminate\\Foundation\\Bootstrap\\HandleExceptions->handleError(2, 'Attempt to read...', 'C:\\\\Users\\\\evaa2\\\\...', 35)
#1 C:\\Users\\evaa2\\OneDrive\\Escritorio\\EvaluaPro\\evaluaPro\\app\\Http\\Controllers\\UsuarioController.php(35): Illuminate\\Foundation\\Bootstrap\\HandleExceptions->Illuminate\\Foundation\\Bootstrap\\{closure}(2, 'Attempt to read...', 'C:\\\\Users\\\\evaa2\\\\...', 35)
#2 C:\\Users\\evaa2\\OneDrive\\Escritorio\\EvaluaPro\\evaluaPro\\app\\Http\\Controllers\\UsuarioController.php(111): App\\Http\\Controllers\\UsuarioController->getReticulaData(Object(App\\Models\\Usuario))
#3 C:\\Users\\evaa2\\OneDrive\\Escritorio\\EvaluaPro\\evaluaPro\\vendor\\laravel\\framework\\src\\Illuminate\\Routing\\Controller.php(54): App\\Http\\Controllers\\UsuarioController->reticula()
#4 C:\\Users\\evaa2\\OneDrive\\Escritorio\\EvaluaPro\\evaluaPro\\vendor\\laravel\\framework\\src\\Illuminate\\Routing\\ControllerDispatcher.php(43): Illuminate\\Routing\\Controller->callAction('reticula', Array)
#5 C:\\Users\\evaa2\\OneDrive\\Escritorio\\EvaluaPro\\evaluaPro\\vendor\\laravel\\framework\\src\\Illuminate\\Routing\\Route.php(259): Illuminate\\Routing\\ControllerDispatcher->dispatch(Object(Illuminate\\Routing\\Route), Object(App\\Http\\Controllers\\UsuarioController), 'reticula')
#6 C:\\Users\\evaa2\\OneDrive\\Escritorio\\EvaluaPro\\evaluaPro\\vendor\\laravel\\framework\\src\\Illuminate\\Routing\\Route.php(205): Illuminate\\Routing\\Route->runController()
#7 C:\\Users\\evaa2\\OneDrive\\Escritorio\\EvaluaPro\\evaluaPro\\vendor\\laravel\\framework\\src\\Illuminate\\Routing\\Router.php(806): Illuminate\\Routing\\Route->run()
#8 C:\\Users\\evaa2\\OneDrive\\Escritorio\\EvaluaPro\\evaluaPro\\vendor\\laravel\\framework\\src\\Illuminate\\Pipeline\\Pipeline.php(144): Illuminate\\Routing\\Router->Illuminate\\Routing\\{closure}(Object(Illuminate\\Http\\Request))
#9 C:\\Users\\evaa2\\OneDrive\\Escritorio\\EvaluaPro\\evaluaPro\\app\\Http\\Middleware\\RolMiddleware.php(21): Illuminate\\Pipeline\\Pipeline->Illuminate\\Pipeline\\{closure}(Object(Illuminate\\Http\\Request))
#10 C:\\Users\\evaa2\\OneDrive\\Escritorio\\EvaluaPro\\evaluaPro\\vendor\\laravel\\framework\\src\\Illuminate\\Pipeline\\Pipeline.php(183): App\\Http\\Middleware\\RolMiddleware->handle(Object(Illuminate\\Http\\Request), Object(Closure), 'admin', 'capacitador', 'usuario')
#11 C:\\Users\\evaa2\\OneDrive\\Escritorio\\EvaluaPro\\evaluaPro\\vendor\\laravel\\framework\\src\\Illuminate\\Routing\\Middleware\\SubstituteBindings.php(50): Illuminate\\Pipeline\\Pipeline->Illuminate\\Pipeline\\{closure}(Object(Illuminate\\Http\\Request))
#12 C:\\Users\\evaa2\\OneDrive\\Escritorio\\EvaluaPro\\evaluaPro\\vendor\\laravel\\framework\\src\\Illuminate\\Pipeline\\Pipeline.php(183): Illuminate\\Routing\\Middleware\\SubstituteBindings->handle(Object(Illuminate\\Http\\Request), Object(Closure))
#13 C:\\Users\\evaa2\\OneDrive\\Escritorio\\EvaluaPro\\evaluaPro\\vendor\\laravel\\framework\\src\\Illuminate\\Auth\\Middleware\\Authenticate.php(57): Illuminate\\Pipeline\\Pipeline->Illuminate\\Pipeline\\{closure}(Object(Illuminate\\Http\\Request))
#14 C:\\Users\\evaa2\\OneDrive\\Escritorio\\EvaluaPro\\evaluaPro\\vendor\\laravel\\framework\\src\\Illuminate\\Pipeline\\Pipeline.php(183): Illuminate\\Auth\\Middleware\\Authenticate->handle(Object(Illuminate\\Http\\Request), Object(Closure))
#15 C:\\Users\\evaa2\\OneDrive\\Escritorio\\EvaluaPro\\evaluaPro\\vendor\\laravel\\framework\\src\\Illuminate\\Foundation\\Http\\Middleware\\VerifyCsrfToken.php(78): Illuminate\\Pipeline\\Pipeline->Illuminate\\Pipeline\\{closure}(Object(Illuminate\\Http\\Request))
#16 C:\\Users\\evaa2\\OneDrive\\Escritorio\\EvaluaPro\\evaluaPro\\vendor\\laravel\\framework\\src\\Illuminate\\Pipeline\\Pipeline.php(183): Illuminate\\Foundation\\Http\\Middleware\\VerifyCsrfToken->handle(Object(Illuminate\\Http\\Request), Object(Closure))
#17 C:\\Users\\evaa2\\OneDrive\\Escritorio\\EvaluaPro\\evaluaPro\\vendor\\laravel\\framework\\src\\Illuminate\\View\\Middleware\\ShareErrorsFromSession.php(49): Illuminate\\Pipeline\\Pipeline->Illuminate\\Pipeline\\{closure}(Object(Illuminate\\Http\\Request))
#18 C:\\Users\\evaa2\\OneDrive\\Escritorio\\EvaluaPro\\evaluaPro\\vendor\\laravel\\framework\\src\\Illuminate\\Pipeline\\Pipeline.php(183): Illuminate\\View\\Middleware\\ShareErrorsFromSession->handle(Object(Illuminate\\Http\\Request), Object(Closure))
#19 C:\\Users\\evaa2\\OneDrive\\Escritorio\\EvaluaPro\\evaluaPro\\vendor\\laravel\\framework\\src\\Illuminate\\Session\\Middleware\\StartSession.php(121): Illuminate\\Pipeline\\Pipeline->Illuminate\\Pipeline\\{closure}(Object(Illuminate\\Http\\Request))
#20 C:\\Users\\evaa2\\OneDrive\\Escritorio\\EvaluaPro\\evaluaPro\\vendor\\laravel\\framework\\src\\Illuminate\\Session\\Middleware\\StartSession.php(64): Illuminate\\Session\\Middleware\\StartSession->handleStatefulRequest(Object(Illuminate\\Http\\Request), Object(Illuminate\\Session\\Store), Object(Closure))
#21 C:\\Users\\evaa2\\OneDrive\\Escritorio\\EvaluaPro\\evaluaPro\\vendor\\laravel\\framework\\src\\Illuminate\\Pipeline\\Pipeline.php(183): Illuminate\\Session\\Middleware\\StartSession->handle(Object(Illuminate\\Http\\Request), Object(Closure))
#22 C:\\Users\\evaa2\\OneDrive\\Escritorio\\EvaluaPro\\evaluaPro\\vendor\\laravel\\framework\\src\\Illuminate\\Cookie\\Middleware\\AddQueuedCookiesToResponse.php(37): Illuminate\\Pipeline\\Pipeline->Illuminate\\Pipeline\\{closure}(Object(Illuminate\\Http\\Request))
#23 C:\\Users\\evaa2\\OneDrive\\Escritorio\\EvaluaPro\\evaluaPro\\vendor\\laravel\\framework\\src\\Illuminate\\Pipeline\\Pipeline.php(183): Illuminate\\Cookie\\Middleware\\AddQueuedCookiesToResponse->handle(Object(Illuminate\\Http\\Request), Object(Closure))
#24 C:\\Users\\evaa2\\OneDrive\\Escritorio\\EvaluaPro\\evaluaPro\\vendor\\laravel\\framework\\src\\Illuminate\\Cookie\\Middleware\\EncryptCookies.php(67): Illuminate\\Pipeline\\Pipeline->Illuminate\\Pipeline\\{closure}(Object(Illuminate\\Http\\Request))
#25 C:\\Users\\evaa2\\OneDrive\\Escritorio\\EvaluaPro\\evaluaPro\\vendor\\laravel\\framework\\src\\Illuminate\\Pipeline\\Pipeline.php(183): Illuminate\\Cookie\\Middleware\\EncryptCookies->handle(Object(Illuminate\\Http\\Request), Object(Closure))
#26 C:\\Users\\evaa2\\OneDrive\\Escritorio\\EvaluaPro\\evaluaPro\\vendor\\laravel\\framework\\src\\Illuminate\\Pipeline\\Pipeline.php(119): Illuminate\\Pipeline\\Pipeline->Illuminate\\Pipeline\\{closure}(Object(Illuminate\\Http\\Request))
#27 C:\\Users\\evaa2\\OneDrive\\Escritorio\\EvaluaPro\\evaluaPro\\vendor\\laravel\\framework\\src\\Illuminate\\Routing\\Router.php(805): Illuminate\\Pipeline\\Pipeline->then(Object(Closure))
#28 C:\\Users\\evaa2\\OneDrive\\Escritorio\\EvaluaPro\\evaluaPro\\vendor\\laravel\\framework\\src\\Illuminate\\Routing\\Router.php(784): Illuminate\\Routing\\Router->runRouteWithinStack(Object(Illuminate\\Routing\\Route), Object(Illuminate\\Http\\Request))
#29 C:\\Users\\evaa2\\OneDrive\\Escritorio\\EvaluaPro\\evaluaPro\\vendor\\laravel\\framework\\src\\Illuminate\\Routing\\Router.php(748): Illuminate\\Routing\\Router->runRoute(Object(Illuminate\\Http\\Request), Object(Illuminate\\Routing\\Route))
#30 C:\\Users\\evaa2\\OneDrive\\Escritorio\\EvaluaPro\\evaluaPro\\vendor\\laravel\\framework\\src\\Illuminate\\Routing\\Router.php(737): Illuminate\\Routing\\Router->dispatchToRoute(Object(Illuminate\\Http\\Request))
#31 C:\\Users\\evaa2\\OneDrive\\Escritorio\\EvaluaPro\\evaluaPro\\vendor\\laravel\\framework\\src\\Illuminate\\Foundation\\Http\\Kernel.php(200): Illuminate\\Routing\\Router->dispatch(Object(Illuminate\\Http\\Request))
#32 C:\\Users\\evaa2\\OneDrive\\Escritorio\\EvaluaPro\\evaluaPro\\vendor\\laravel\\framework\\src\\Illuminate\\Pipeline\\Pipeline.php(144): Illuminate\\Foundation\\Http\\Kernel->Illuminate\\Foundation\\Http\\{closure}(Object(Illuminate\\Http\\Request))
#33 C:\\Users\\evaa2\\OneDrive\\Escritorio\\EvaluaPro\\evaluaPro\\vendor\\laravel\\framework\\src\\Illuminate\\Foundation\\Http\\Middleware\\TransformsRequest.php(21): Illuminate\\Pipeline\\Pipeline->Illuminate\\Pipeline\\{closure}(Object(Illuminate\\Http\\Request))
#34 C:\\Users\\evaa2\\OneDrive\\Escritorio\\EvaluaPro\\evaluaPro\\vendor\\laravel\\framework\\src\\Illuminate\\Foundation\\Http\\Middleware\\ConvertEmptyStringsToNull.php(31): Illuminate\\Foundation\\Http\\Middleware\\TransformsRequest->handle(Object(Illuminate\\Http\\Request), Object(Closure))
#35 C:\\Users\\evaa2\\OneDrive\\Escritorio\\EvaluaPro\\evaluaPro\\vendor\\laravel\\framework\\src\\Illuminate\\Pipeline\\Pipeline.php(183): Illuminate\\Foundation\\Http\\Middleware\\ConvertEmptyStringsToNull->handle(Object(Illuminate\\Http\\Request), Object(Closure))
#36 C:\\Users\\evaa2\\OneDrive\\Escritorio\\EvaluaPro\\evaluaPro\\vendor\\laravel\\framework\\src\\Illuminate\\Foundation\\Http\\Middleware\\TransformsRequest.php(21): Illuminate\\Pipeline\\Pipeline->Illuminate\\Pipeline\\{closure}(Object(Illuminate\\Http\\Request))
#37 C:\\Users\\evaa2\\OneDrive\\Escritorio\\EvaluaPro\\evaluaPro\\vendor\\laravel\\framework\\src\\Illuminate\\Foundation\\Http\\Middleware\\TrimStrings.php(40): Illuminate\\Foundation\\Http\\Middleware\\TransformsRequest->handle(Object(Illuminate\\Http\\Request), Object(Closure))
#38 C:\\Users\\evaa2\\OneDrive\\Escritorio\\EvaluaPro\\evaluaPro\\vendor\\laravel\\framework\\src\\Illuminate\\Pipeline\\Pipeline.php(183): Illuminate\\Foundation\\Http\\Middleware\\TrimStrings->handle(Object(Illuminate\\Http\\Request), Object(Closure))
#39 C:\\Users\\evaa2\\OneDrive\\Escritorio\\EvaluaPro\\evaluaPro\\vendor\\laravel\\framework\\src\\Illuminate\\Foundation\\Http\\Middleware\\ValidatePostSize.php(27): Illuminate\\Pipeline\\Pipeline->Illuminate\\Pipeline\\{closure}(Object(Illuminate\\Http\\Request))
#40 C:\\Users\\evaa2\\OneDrive\\Escritorio\\EvaluaPro\\evaluaPro\\vendor\\laravel\\framework\\src\\Illuminate\\Pipeline\\Pipeline.php(183): Illuminate\\Foundation\\Http\\Middleware\\ValidatePostSize->handle(Object(Illuminate\\Http\\Request), Object(Closure))
#41 C:\\Users\\evaa2\\OneDrive\\Escritorio\\EvaluaPro\\evaluaPro\\vendor\\laravel\\framework\\src\\Illuminate\\Foundation\\Http\\Middleware\\PreventRequestsDuringMaintenance.php(99): Illuminate\\Pipeline\\Pipeline->Illuminate\\Pipeline\\{closure}(Object(Illuminate\\Http\\Request))
#42 C:\\Users\\evaa2\\OneDrive\\Escritorio\\EvaluaPro\\evaluaPro\\vendor\\laravel\\framework\\src\\Illuminate\\Pipeline\\Pipeline.php(183): Illuminate\\Foundation\\Http\\Middleware\\PreventRequestsDuringMaintenance->handle(Object(Illuminate\\Http\\Request), Object(Closure))
#43 C:\\Users\\evaa2\\OneDrive\\Escritorio\\EvaluaPro\\evaluaPro\\vendor\\laravel\\framework\\src\\Illuminate\\Http\\Middleware\\HandleCors.php(49): Illuminate\\Pipeline\\Pipeline->Illuminate\\Pipeline\\{closure}(Object(Illuminate\\Http\\Request))
#44 C:\\Users\\evaa2\\OneDrive\\Escritorio\\EvaluaPro\\evaluaPro\\vendor\\laravel\\framework\\src\\Illuminate\\Pipeline\\Pipeline.php(183): Illuminate\\Http\\Middleware\\HandleCors->handle(Object(Illuminate\\Http\\Request), Object(Closure))
#45 C:\\Users\\evaa2\\OneDrive\\Escritorio\\EvaluaPro\\evaluaPro\\vendor\\laravel\\framework\\src\\Illuminate\\Http\\Middleware\\TrustProxies.php(39): Illuminate\\Pipeline\\Pipeline->Illuminate\\Pipeline\\{closure}(Object(Illuminate\\Http\\Request))
#46 C:\\Users\\evaa2\\OneDrive\\Escritorio\\EvaluaPro\\evaluaPro\\vendor\\laravel\\framework\\src\\Illuminate\\Pipeline\\Pipeline.php(183): Illuminate\\Http\\Middleware\\TrustProxies->handle(Object(Illuminate\\Http\\Request), Object(Closure))
#47 C:\\Users\\evaa2\\OneDrive\\Escritorio\\EvaluaPro\\evaluaPro\\vendor\\laravel\\framework\\src\\Illuminate\\Pipeline\\Pipeline.php(119): Illuminate\\Pipeline\\Pipeline->Illuminate\\Pipeline\\{closure}(Object(Illuminate\\Http\\Request))
#48 C:\\Users\\evaa2\\OneDrive\\Escritorio\\EvaluaPro\\evaluaPro\\vendor\\laravel\\framework\\src\\Illuminate\\Foundation\\Http\\Kernel.php(175): Illuminate\\Pipeline\\Pipeline->then(Object(Closure))
#49 C:\\Users\\evaa2\\OneDrive\\Escritorio\\EvaluaPro\\evaluaPro\\vendor\\laravel\\framework\\src\\Illuminate\\Foundation\\Http\\Kernel.php(144): Illuminate\\Foundation\\Http\\Kernel->sendRequestThroughRouter(Object(Illuminate\\Http\\Request))
#50 C:\\Users\\evaa2\\OneDrive\\Escritorio\\EvaluaPro\\evaluaPro\\public\\index.php(51): Illuminate\\Foundation\\Http\\Kernel->handle(Object(Illuminate\\Http\\Request))
#51 C:\\Users\\evaa2\\OneDrive\\Escritorio\\EvaluaPro\\evaluaPro\\vendor\\laravel\\framework\\src\\Illuminate\\Foundation\\resources\\server.php(16): require_once('C:\\\\Users\\\\evaa2\\\\...')
#52 {main}
"} 
[2025-08-14 19:53:45] local.ERROR: Attempt to read property "examenes" on null {"userId":"Damaris","exception":"[object] (ErrorException(code: 0): Attempt to read property \"examenes\" on null at C:\\Users\\evaa2\\OneDrive\\Escritorio\\EvaluaPro\\evaluaPro\\app\\Http\\Controllers\\UsuarioController.php:35)
[stacktrace]
#0 C:\\Users\\evaa2\\OneDrive\\Escritorio\\EvaluaPro\\evaluaPro\\vendor\\laravel\\framework\\src\\Illuminate\\Foundation\\Bootstrap\\HandleExceptions.php(255): Illuminate\\Foundation\\Bootstrap\\HandleExceptions->handleError(2, 'Attempt to read...', 'C:\\\\Users\\\\evaa2\\\\...', 35)
#1 C:\\Users\\evaa2\\OneDrive\\Escritorio\\EvaluaPro\\evaluaPro\\app\\Http\\Controllers\\UsuarioController.php(35): Illuminate\\Foundation\\Bootstrap\\HandleExceptions->Illuminate\\Foundation\\Bootstrap\\{closure}(2, 'Attempt to read...', 'C:\\\\Users\\\\evaa2\\\\...', 35)
#2 C:\\Users\\evaa2\\OneDrive\\Escritorio\\EvaluaPro\\evaluaPro\\app\\Http\\Controllers\\UsuarioController.php(111): App\\Http\\Controllers\\UsuarioController->getReticulaData(Object(App\\Models\\Usuario))
#3 C:\\Users\\evaa2\\OneDrive\\Escritorio\\EvaluaPro\\evaluaPro\\vendor\\laravel\\framework\\src\\Illuminate\\Routing\\Controller.php(54): App\\Http\\Controllers\\UsuarioController->reticula()
#4 C:\\Users\\evaa2\\OneDrive\\Escritorio\\EvaluaPro\\evaluaPro\\vendor\\laravel\\framework\\src\\Illuminate\\Routing\\ControllerDispatcher.php(43): Illuminate\\Routing\\Controller->callAction('reticula', Array)
#5 C:\\Users\\evaa2\\OneDrive\\Escritorio\\EvaluaPro\\evaluaPro\\vendor\\laravel\\framework\\src\\Illuminate\\Routing\\Route.php(259): Illuminate\\Routing\\ControllerDispatcher->dispatch(Object(Illuminate\\Routing\\Route), Object(App\\Http\\Controllers\\UsuarioController), 'reticula')
#6 C:\\Users\\evaa2\\OneDrive\\Escritorio\\EvaluaPro\\evaluaPro\\vendor\\laravel\\framework\\src\\Illuminate\\Routing\\Route.php(205): Illuminate\\Routing\\Route->runController()
#7 C:\\Users\\evaa2\\OneDrive\\Escritorio\\EvaluaPro\\evaluaPro\\vendor\\laravel\\framework\\src\\Illuminate\\Routing\\Router.php(806): Illuminate\\Routing\\Route->run()
#8 C:\\Users\\evaa2\\OneDrive\\Escritorio\\EvaluaPro\\evaluaPro\\vendor\\laravel\\framework\\src\\Illuminate\\Pipeline\\Pipeline.php(144): Illuminate\\Routing\\Router->Illuminate\\Routing\\{closure}(Object(Illuminate\\Http\\Request))
#9 C:\\Users\\evaa2\\OneDrive\\Escritorio\\EvaluaPro\\evaluaPro\\app\\Http\\Middleware\\RolMiddleware.php(21): Illuminate\\Pipeline\\Pipeline->Illuminate\\Pipeline\\{closure}(Object(Illuminate\\Http\\Request))
#10 C:\\Users\\evaa2\\OneDrive\\Escritorio\\EvaluaPro\\evaluaPro\\vendor\\laravel\\framework\\src\\Illuminate\\Pipeline\\Pipeline.php(183): App\\Http\\Middleware\\RolMiddleware->handle(Object(Illuminate\\Http\\Request), Object(Closure), 'admin', 'capacitador', 'usuario')
#11 C:\\Users\\evaa2\\OneDrive\\Escritorio\\EvaluaPro\\evaluaPro\\vendor\\laravel\\framework\\src\\Illuminate\\Routing\\Middleware\\SubstituteBindings.php(50): Illuminate\\Pipeline\\Pipeline->Illuminate\\Pipeline\\{closure}(Object(Illuminate\\Http\\Request))
#12 C:\\Users\\evaa2\\OneDrive\\Escritorio\\EvaluaPro\\evaluaPro\\vendor\\laravel\\framework\\src\\Illuminate\\Pipeline\\Pipeline.php(183): Illuminate\\Routing\\Middleware\\SubstituteBindings->handle(Object(Illuminate\\Http\\Request), Object(Closure))
#13 C:\\Users\\evaa2\\OneDrive\\Escritorio\\EvaluaPro\\evaluaPro\\vendor\\laravel\\framework\\src\\Illuminate\\Auth\\Middleware\\Authenticate.php(57): Illuminate\\Pipeline\\Pipeline->Illuminate\\Pipeline\\{closure}(Object(Illuminate\\Http\\Request))
#14 C:\\Users\\evaa2\\OneDrive\\Escritorio\\EvaluaPro\\evaluaPro\\vendor\\laravel\\framework\\src\\Illuminate\\Pipeline\\Pipeline.php(183): Illuminate\\Auth\\Middleware\\Authenticate->handle(Object(Illuminate\\Http\\Request), Object(Closure))
#15 C:\\Users\\evaa2\\OneDrive\\Escritorio\\EvaluaPro\\evaluaPro\\vendor\\laravel\\framework\\src\\Illuminate\\Foundation\\Http\\Middleware\\VerifyCsrfToken.php(78): Illuminate\\Pipeline\\Pipeline->Illuminate\\Pipeline\\{closure}(Object(Illuminate\\Http\\Request))
#16 C:\\Users\\evaa2\\OneDrive\\Escritorio\\EvaluaPro\\evaluaPro\\vendor\\laravel\\framework\\src\\Illuminate\\Pipeline\\Pipeline.php(183): Illuminate\\Foundation\\Http\\Middleware\\VerifyCsrfToken->handle(Object(Illuminate\\Http\\Request), Object(Closure))
#17 C:\\Users\\evaa2\\OneDrive\\Escritorio\\EvaluaPro\\evaluaPro\\vendor\\laravel\\framework\\src\\Illuminate\\View\\Middleware\\ShareErrorsFromSession.php(49): Illuminate\\Pipeline\\Pipeline->Illuminate\\Pipeline\\{closure}(Object(Illuminate\\Http\\Request))
#18 C:\\Users\\evaa2\\OneDrive\\Escritorio\\EvaluaPro\\evaluaPro\\vendor\\laravel\\framework\\src\\Illuminate\\Pipeline\\Pipeline.php(183): Illuminate\\View\\Middleware\\ShareErrorsFromSession->handle(Object(Illuminate\\Http\\Request), Object(Closure))
#19 C:\\Users\\evaa2\\OneDrive\\Escritorio\\EvaluaPro\\evaluaPro\\vendor\\laravel\\framework\\src\\Illuminate\\Session\\Middleware\\StartSession.php(121): Illuminate\\Pipeline\\Pipeline->Illuminate\\Pipeline\\{closure}(Object(Illuminate\\Http\\Request))
#20 C:\\Users\\evaa2\\OneDrive\\Escritorio\\EvaluaPro\\evaluaPro\\vendor\\laravel\\framework\\src\\Illuminate\\Session\\Middleware\\StartSession.php(64): Illuminate\\Session\\Middleware\\StartSession->handleStatefulRequest(Object(Illuminate\\Http\\Request), Object(Illuminate\\Session\\Store), Object(Closure))
#21 C:\\Users\\evaa2\\OneDrive\\Escritorio\\EvaluaPro\\evaluaPro\\vendor\\laravel\\framework\\src\\Illuminate\\Pipeline\\Pipeline.php(183): Illuminate\\Session\\Middleware\\StartSession->handle(Object(Illuminate\\Http\\Request), Object(Closure))
#22 C:\\Users\\evaa2\\OneDrive\\Escritorio\\EvaluaPro\\evaluaPro\\vendor\\laravel\\framework\\src\\Illuminate\\Cookie\\Middleware\\AddQueuedCookiesToResponse.php(37): Illuminate\\Pipeline\\Pipeline->Illuminate\\Pipeline\\{closure}(Object(Illuminate\\Http\\Request))
#23 C:\\Users\\evaa2\\OneDrive\\Escritorio\\EvaluaPro\\evaluaPro\\vendor\\laravel\\framework\\src\\Illuminate\\Pipeline\\Pipeline.php(183): Illuminate\\Cookie\\Middleware\\AddQueuedCookiesToResponse->handle(Object(Illuminate\\Http\\Request), Object(Closure))
#24 C:\\Users\\evaa2\\OneDrive\\Escritorio\\EvaluaPro\\evaluaPro\\vendor\\laravel\\framework\\src\\Illuminate\\Cookie\\Middleware\\EncryptCookies.php(67): Illuminate\\Pipeline\\Pipeline->Illuminate\\Pipeline\\{closure}(Object(Illuminate\\Http\\Request))
#25 C:\\Users\\evaa2\\OneDrive\\Escritorio\\EvaluaPro\\evaluaPro\\vendor\\laravel\\framework\\src\\Illuminate\\Pipeline\\Pipeline.php(183): Illuminate\\Cookie\\Middleware\\EncryptCookies->handle(Object(Illuminate\\Http\\Request), Object(Closure))
#26 C:\\Users\\evaa2\\OneDrive\\Escritorio\\EvaluaPro\\evaluaPro\\vendor\\laravel\\framework\\src\\Illuminate\\Pipeline\\Pipeline.php(119): Illuminate\\Pipeline\\Pipeline->Illuminate\\Pipeline\\{closure}(Object(Illuminate\\Http\\Request))
#27 C:\\Users\\evaa2\\OneDrive\\Escritorio\\EvaluaPro\\evaluaPro\\vendor\\laravel\\framework\\src\\Illuminate\\Routing\\Router.php(805): Illuminate\\Pipeline\\Pipeline->then(Object(Closure))
#28 C:\\Users\\evaa2\\OneDrive\\Escritorio\\EvaluaPro\\evaluaPro\\vendor\\laravel\\framework\\src\\Illuminate\\Routing\\Router.php(784): Illuminate\\Routing\\Router->runRouteWithinStack(Object(Illuminate\\Routing\\Route), Object(Illuminate\\Http\\Request))
#29 C:\\Users\\evaa2\\OneDrive\\Escritorio\\EvaluaPro\\evaluaPro\\vendor\\laravel\\framework\\src\\Illuminate\\Routing\\Router.php(748): Illuminate\\Routing\\Router->runRoute(Object(Illuminate\\Http\\Request), Object(Illuminate\\Routing\\Route))
#30 C:\\Users\\evaa2\\OneDrive\\Escritorio\\EvaluaPro\\evaluaPro\\vendor\\laravel\\framework\\src\\Illuminate\\Routing\\Router.php(737): Illuminate\\Routing\\Router->dispatchToRoute(Object(Illuminate\\Http\\Request))
#31 C:\\Users\\evaa2\\OneDrive\\Escritorio\\EvaluaPro\\evaluaPro\\vendor\\laravel\\framework\\src\\Illuminate\\Foundation\\Http\\Kernel.php(200): Illuminate\\Routing\\Router->dispatch(Object(Illuminate\\Http\\Request))
#32 C:\\Users\\evaa2\\OneDrive\\Escritorio\\EvaluaPro\\evaluaPro\\vendor\\laravel\\framework\\src\\Illuminate\\Pipeline\\Pipeline.php(144): Illuminate\\Foundation\\Http\\Kernel->Illuminate\\Foundation\\Http\\{closure}(Object(Illuminate\\Http\\Request))
#33 C:\\Users\\evaa2\\OneDrive\\Escritorio\\EvaluaPro\\evaluaPro\\vendor\\laravel\\framework\\src\\Illuminate\\Foundation\\Http\\Middleware\\TransformsRequest.php(21): Illuminate\\Pipeline\\Pipeline->Illuminate\\Pipeline\\{closure}(Object(Illuminate\\Http\\Request))
#34 C:\\Users\\evaa2\\OneDrive\\Escritorio\\EvaluaPro\\evaluaPro\\vendor\\laravel\\framework\\src\\Illuminate\\Foundation\\Http\\Middleware\\ConvertEmptyStringsToNull.php(31): Illuminate\\Foundation\\Http\\Middleware\\TransformsRequest->handle(Object(Illuminate\\Http\\Request), Object(Closure))
#35 C:\\Users\\evaa2\\OneDrive\\Escritorio\\EvaluaPro\\evaluaPro\\vendor\\laravel\\framework\\src\\Illuminate\\Pipeline\\Pipeline.php(183): Illuminate\\Foundation\\Http\\Middleware\\ConvertEmptyStringsToNull->handle(Object(Illuminate\\Http\\Request), Object(Closure))
#36 C:\\Users\\evaa2\\OneDrive\\Escritorio\\EvaluaPro\\evaluaPro\\vendor\\laravel\\framework\\src\\Illuminate\\Foundation\\Http\\Middleware\\TransformsRequest.php(21): Illuminate\\Pipeline\\Pipeline->Illuminate\\Pipeline\\{closure}(Object(Illuminate\\Http\\Request))
#37 C:\\Users\\evaa2\\OneDrive\\Escritorio\\EvaluaPro\\evaluaPro\\vendor\\laravel\\framework\\src\\Illuminate\\Foundation\\Http\\Middleware\\TrimStrings.php(40): Illuminate\\Foundation\\Http\\Middleware\\TransformsRequest->handle(Object(Illuminate\\Http\\Request), Object(Closure))
#38 C:\\Users\\evaa2\\OneDrive\\Escritorio\\EvaluaPro\\evaluaPro\\vendor\\laravel\\framework\\src\\Illuminate\\Pipeline\\Pipeline.php(183): Illuminate\\Foundation\\Http\\Middleware\\TrimStrings->handle(Object(Illuminate\\Http\\Request), Object(Closure))
#39 C:\\Users\\evaa2\\OneDrive\\Escritorio\\EvaluaPro\\evaluaPro\\vendor\\laravel\\framework\\src\\Illuminate\\Foundation\\Http\\Middleware\\ValidatePostSize.php(27): Illuminate\\Pipeline\\Pipeline->Illuminate\\Pipeline\\{closure}(Object(Illuminate\\Http\\Request))
#40 C:\\Users\\evaa2\\OneDrive\\Escritorio\\EvaluaPro\\evaluaPro\\vendor\\laravel\\framework\\src\\Illuminate\\Pipeline\\Pipeline.php(183): Illuminate\\Foundation\\Http\\Middleware\\ValidatePostSize->handle(Object(Illuminate\\Http\\Request), Object(Closure))
#41 C:\\Users\\evaa2\\OneDrive\\Escritorio\\EvaluaPro\\evaluaPro\\vendor\\laravel\\framework\\src\\Illuminate\\Foundation\\Http\\Middleware\\PreventRequestsDuringMaintenance.php(99): Illuminate\\Pipeline\\Pipeline->Illuminate\\Pipeline\\{closure}(Object(Illuminate\\Http\\Request))
#42 C:\\Users\\evaa2\\OneDrive\\Escritorio\\EvaluaPro\\evaluaPro\\vendor\\laravel\\framework\\src\\Illuminate\\Pipeline\\Pipeline.php(183): Illuminate\\Foundation\\Http\\Middleware\\PreventRequestsDuringMaintenance->handle(Object(Illuminate\\Http\\Request), Object(Closure))
#43 C:\\Users\\evaa2\\OneDrive\\Escritorio\\EvaluaPro\\evaluaPro\\vendor\\laravel\\framework\\src\\Illuminate\\Http\\Middleware\\HandleCors.php(49): Illuminate\\Pipeline\\Pipeline->Illuminate\\Pipeline\\{closure}(Object(Illuminate\\Http\\Request))
#44 C:\\Users\\evaa2\\OneDrive\\Escritorio\\EvaluaPro\\evaluaPro\\vendor\\laravel\\framework\\src\\Illuminate\\Pipeline\\Pipeline.php(183): Illuminate\\Http\\Middleware\\HandleCors->handle(Object(Illuminate\\Http\\Request), Object(Closure))
#45 C:\\Users\\evaa2\\OneDrive\\Escritorio\\EvaluaPro\\evaluaPro\\vendor\\laravel\\framework\\src\\Illuminate\\Http\\Middleware\\TrustProxies.php(39): Illuminate\\Pipeline\\Pipeline->Illuminate\\Pipeline\\{closure}(Object(Illuminate\\Http\\Request))
#46 C:\\Users\\evaa2\\OneDrive\\Escritorio\\EvaluaPro\\evaluaPro\\vendor\\laravel\\framework\\src\\Illuminate\\Pipeline\\Pipeline.php(183): Illuminate\\Http\\Middleware\\TrustProxies->handle(Object(Illuminate\\Http\\Request), Object(Closure))
#47 C:\\Users\\evaa2\\OneDrive\\Escritorio\\EvaluaPro\\evaluaPro\\vendor\\laravel\\framework\\src\\Illuminate\\Pipeline\\Pipeline.php(119): Illuminate\\Pipeline\\Pipeline->Illuminate\\Pipeline\\{closure}(Object(Illuminate\\Http\\Request))
#48 C:\\Users\\evaa2\\OneDrive\\Escritorio\\EvaluaPro\\evaluaPro\\vendor\\laravel\\framework\\src\\Illuminate\\Foundation\\Http\\Kernel.php(175): Illuminate\\Pipeline\\Pipeline->then(Object(Closure))
#49 C:\\Users\\evaa2\\OneDrive\\Escritorio\\EvaluaPro\\evaluaPro\\vendor\\laravel\\framework\\src\\Illuminate\\Foundation\\Http\\Kernel.php(144): Illuminate\\Foundation\\Http\\Kernel->sendRequestThroughRouter(Object(Illuminate\\Http\\Request))
#50 C:\\Users\\evaa2\\OneDrive\\Escritorio\\EvaluaPro\\evaluaPro\\public\\index.php(51): Illuminate\\Foundation\\Http\\Kernel->handle(Object(Illuminate\\Http\\Request))
#51 C:\\Users\\evaa2\\OneDrive\\Escritorio\\EvaluaPro\\evaluaPro\\vendor\\laravel\\framework\\src\\Illuminate\\Foundation\\resources\\server.php(16): require_once('C:\\\\Users\\\\evaa2\\\\...')
#52 {main}
"} 
[2025-08-14 19:53:50] local.ERROR: Attempt to read property "examenes" on null {"userId":"Damaris","exception":"[object] (ErrorException(code: 0): Attempt to read property \"examenes\" on null at C:\\Users\\evaa2\\OneDrive\\Escritorio\\EvaluaPro\\evaluaPro\\app\\Http\\Controllers\\UsuarioController.php:35)
[stacktrace]
#0 C:\\Users\\evaa2\\OneDrive\\Escritorio\\EvaluaPro\\evaluaPro\\vendor\\laravel\\framework\\src\\Illuminate\\Foundation\\Bootstrap\\HandleExceptions.php(255): Illuminate\\Foundation\\Bootstrap\\HandleExceptions->handleError(2, 'Attempt to read...', 'C:\\\\Users\\\\evaa2\\\\...', 35)
#1 C:\\Users\\evaa2\\OneDrive\\Escritorio\\EvaluaPro\\evaluaPro\\app\\Http\\Controllers\\UsuarioController.php(35): Illuminate\\Foundation\\Bootstrap\\HandleExceptions->Illuminate\\Foundation\\Bootstrap\\{closure}(2, 'Attempt to read...', 'C:\\\\Users\\\\evaa2\\\\...', 35)
#2 C:\\Users\\evaa2\\OneDrive\\Escritorio\\EvaluaPro\\evaluaPro\\app\\Http\\Controllers\\UsuarioController.php(111): App\\Http\\Controllers\\UsuarioController->getReticulaData(Object(App\\Models\\Usuario))
#3 C:\\Users\\evaa2\\OneDrive\\Escritorio\\EvaluaPro\\evaluaPro\\vendor\\laravel\\framework\\src\\Illuminate\\Routing\\Controller.php(54): App\\Http\\Controllers\\UsuarioController->reticula()
#4 C:\\Users\\evaa2\\OneDrive\\Escritorio\\EvaluaPro\\evaluaPro\\vendor\\laravel\\framework\\src\\Illuminate\\Routing\\ControllerDispatcher.php(43): Illuminate\\Routing\\Controller->callAction('reticula', Array)
#5 C:\\Users\\evaa2\\OneDrive\\Escritorio\\EvaluaPro\\evaluaPro\\vendor\\laravel\\framework\\src\\Illuminate\\Routing\\Route.php(259): Illuminate\\Routing\\ControllerDispatcher->dispatch(Object(Illuminate\\Routing\\Route), Object(App\\Http\\Controllers\\UsuarioController), 'reticula')
#6 C:\\Users\\evaa2\\OneDrive\\Escritorio\\EvaluaPro\\evaluaPro\\vendor\\laravel\\framework\\src\\Illuminate\\Routing\\Route.php(205): Illuminate\\Routing\\Route->runController()
#7 C:\\Users\\evaa2\\OneDrive\\Escritorio\\EvaluaPro\\evaluaPro\\vendor\\laravel\\framework\\src\\Illuminate\\Routing\\Router.php(806): Illuminate\\Routing\\Route->run()
#8 C:\\Users\\evaa2\\OneDrive\\Escritorio\\EvaluaPro\\evaluaPro\\vendor\\laravel\\framework\\src\\Illuminate\\Pipeline\\Pipeline.php(144): Illuminate\\Routing\\Router->Illuminate\\Routing\\{closure}(Object(Illuminate\\Http\\Request))
#9 C:\\Users\\evaa2\\OneDrive\\Escritorio\\EvaluaPro\\evaluaPro\\app\\Http\\Middleware\\RolMiddleware.php(21): Illuminate\\Pipeline\\Pipeline->Illuminate\\Pipeline\\{closure}(Object(Illuminate\\Http\\Request))
#10 C:\\Users\\evaa2\\OneDrive\\Escritorio\\EvaluaPro\\evaluaPro\\vendor\\laravel\\framework\\src\\Illuminate\\Pipeline\\Pipeline.php(183): App\\Http\\Middleware\\RolMiddleware->handle(Object(Illuminate\\Http\\Request), Object(Closure), 'admin', 'capacitador', 'usuario')
#11 C:\\Users\\evaa2\\OneDrive\\Escritorio\\EvaluaPro\\evaluaPro\\vendor\\laravel\\framework\\src\\Illuminate\\Routing\\Middleware\\SubstituteBindings.php(50): Illuminate\\Pipeline\\Pipeline->Illuminate\\Pipeline\\{closure}(Object(Illuminate\\Http\\Request))
#12 C:\\Users\\evaa2\\OneDrive\\Escritorio\\EvaluaPro\\evaluaPro\\vendor\\laravel\\framework\\src\\Illuminate\\Pipeline\\Pipeline.php(183): Illuminate\\Routing\\Middleware\\SubstituteBindings->handle(Object(Illuminate\\Http\\Request), Object(Closure))
#13 C:\\Users\\evaa2\\OneDrive\\Escritorio\\EvaluaPro\\evaluaPro\\vendor\\laravel\\framework\\src\\Illuminate\\Auth\\Middleware\\Authenticate.php(57): Illuminate\\Pipeline\\Pipeline->Illuminate\\Pipeline\\{closure}(Object(Illuminate\\Http\\Request))
#14 C:\\Users\\evaa2\\OneDrive\\Escritorio\\EvaluaPro\\evaluaPro\\vendor\\laravel\\framework\\src\\Illuminate\\Pipeline\\Pipeline.php(183): Illuminate\\Auth\\Middleware\\Authenticate->handle(Object(Illuminate\\Http\\Request), Object(Closure))
#15 C:\\Users\\evaa2\\OneDrive\\Escritorio\\EvaluaPro\\evaluaPro\\vendor\\laravel\\framework\\src\\Illuminate\\Foundation\\Http\\Middleware\\VerifyCsrfToken.php(78): Illuminate\\Pipeline\\Pipeline->Illuminate\\Pipeline\\{closure}(Object(Illuminate\\Http\\Request))
#16 C:\\Users\\evaa2\\OneDrive\\Escritorio\\EvaluaPro\\evaluaPro\\vendor\\laravel\\framework\\src\\Illuminate\\Pipeline\\Pipeline.php(183): Illuminate\\Foundation\\Http\\Middleware\\VerifyCsrfToken->handle(Object(Illuminate\\Http\\Request), Object(Closure))
#17 C:\\Users\\evaa2\\OneDrive\\Escritorio\\EvaluaPro\\evaluaPro\\vendor\\laravel\\framework\\src\\Illuminate\\View\\Middleware\\ShareErrorsFromSession.php(49): Illuminate\\Pipeline\\Pipeline->Illuminate\\Pipeline\\{closure}(Object(Illuminate\\Http\\Request))
#18 C:\\Users\\evaa2\\OneDrive\\Escritorio\\EvaluaPro\\evaluaPro\\vendor\\laravel\\framework\\src\\Illuminate\\Pipeline\\Pipeline.php(183): Illuminate\\View\\Middleware\\ShareErrorsFromSession->handle(Object(Illuminate\\Http\\Request), Object(Closure))
#19 C:\\Users\\evaa2\\OneDrive\\Escritorio\\EvaluaPro\\evaluaPro\\vendor\\laravel\\framework\\src\\Illuminate\\Session\\Middleware\\StartSession.php(121): Illuminate\\Pipeline\\Pipeline->Illuminate\\Pipeline\\{closure}(Object(Illuminate\\Http\\Request))
#20 C:\\Users\\evaa2\\OneDrive\\Escritorio\\EvaluaPro\\evaluaPro\\vendor\\laravel\\framework\\src\\Illuminate\\Session\\Middleware\\StartSession.php(64): Illuminate\\Session\\Middleware\\StartSession->handleStatefulRequest(Object(Illuminate\\Http\\Request), Object(Illuminate\\Session\\Store), Object(Closure))
#21 C:\\Users\\evaa2\\OneDrive\\Escritorio\\EvaluaPro\\evaluaPro\\vendor\\laravel\\framework\\src\\Illuminate\\Pipeline\\Pipeline.php(183): Illuminate\\Session\\Middleware\\StartSession->handle(Object(Illuminate\\Http\\Request), Object(Closure))
#22 C:\\Users\\evaa2\\OneDrive\\Escritorio\\EvaluaPro\\evaluaPro\\vendor\\laravel\\framework\\src\\Illuminate\\Cookie\\Middleware\\AddQueuedCookiesToResponse.php(37): Illuminate\\Pipeline\\Pipeline->Illuminate\\Pipeline\\{closure}(Object(Illuminate\\Http\\Request))
#23 C:\\Users\\evaa2\\OneDrive\\Escritorio\\EvaluaPro\\evaluaPro\\vendor\\laravel\\framework\\src\\Illuminate\\Pipeline\\Pipeline.php(183): Illuminate\\Cookie\\Middleware\\AddQueuedCookiesToResponse->handle(Object(Illuminate\\Http\\Request), Object(Closure))
#24 C:\\Users\\evaa2\\OneDrive\\Escritorio\\EvaluaPro\\evaluaPro\\vendor\\laravel\\framework\\src\\Illuminate\\Cookie\\Middleware\\EncryptCookies.php(67): Illuminate\\Pipeline\\Pipeline->Illuminate\\Pipeline\\{closure}(Object(Illuminate\\Http\\Request))
#25 C:\\Users\\evaa2\\OneDrive\\Escritorio\\EvaluaPro\\evaluaPro\\vendor\\laravel\\framework\\src\\Illuminate\\Pipeline\\Pipeline.php(183): Illuminate\\Cookie\\Middleware\\EncryptCookies->handle(Object(Illuminate\\Http\\Request), Object(Closure))
#26 C:\\Users\\evaa2\\OneDrive\\Escritorio\\EvaluaPro\\evaluaPro\\vendor\\laravel\\framework\\src\\Illuminate\\Pipeline\\Pipeline.php(119): Illuminate\\Pipeline\\Pipeline->Illuminate\\Pipeline\\{closure}(Object(Illuminate\\Http\\Request))
#27 C:\\Users\\evaa2\\OneDrive\\Escritorio\\EvaluaPro\\evaluaPro\\vendor\\laravel\\framework\\src\\Illuminate\\Routing\\Router.php(805): Illuminate\\Pipeline\\Pipeline->then(Object(Closure))
#28 C:\\Users\\evaa2\\OneDrive\\Escritorio\\EvaluaPro\\evaluaPro\\vendor\\laravel\\framework\\src\\Illuminate\\Routing\\Router.php(784): Illuminate\\Routing\\Router->runRouteWithinStack(Object(Illuminate\\Routing\\Route), Object(Illuminate\\Http\\Request))
#29 C:\\Users\\evaa2\\OneDrive\\Escritorio\\EvaluaPro\\evaluaPro\\vendor\\laravel\\framework\\src\\Illuminate\\Routing\\Router.php(748): Illuminate\\Routing\\Router->runRoute(Object(Illuminate\\Http\\Request), Object(Illuminate\\Routing\\Route))
#30 C:\\Users\\evaa2\\OneDrive\\Escritorio\\EvaluaPro\\evaluaPro\\vendor\\laravel\\framework\\src\\Illuminate\\Routing\\Router.php(737): Illuminate\\Routing\\Router->dispatchToRoute(Object(Illuminate\\Http\\Request))
#31 C:\\Users\\evaa2\\OneDrive\\Escritorio\\EvaluaPro\\evaluaPro\\vendor\\laravel\\framework\\src\\Illuminate\\Foundation\\Http\\Kernel.php(200): Illuminate\\Routing\\Router->dispatch(Object(Illuminate\\Http\\Request))
#32 C:\\Users\\evaa2\\OneDrive\\Escritorio\\EvaluaPro\\evaluaPro\\vendor\\laravel\\framework\\src\\Illuminate\\Pipeline\\Pipeline.php(144): Illuminate\\Foundation\\Http\\Kernel->Illuminate\\Foundation\\Http\\{closure}(Object(Illuminate\\Http\\Request))
#33 C:\\Users\\evaa2\\OneDrive\\Escritorio\\EvaluaPro\\evaluaPro\\vendor\\laravel\\framework\\src\\Illuminate\\Foundation\\Http\\Middleware\\TransformsRequest.php(21): Illuminate\\Pipeline\\Pipeline->Illuminate\\Pipeline\\{closure}(Object(Illuminate\\Http\\Request))
#34 C:\\Users\\evaa2\\OneDrive\\Escritorio\\EvaluaPro\\evaluaPro\\vendor\\laravel\\framework\\src\\Illuminate\\Foundation\\Http\\Middleware\\ConvertEmptyStringsToNull.php(31): Illuminate\\Foundation\\Http\\Middleware\\TransformsRequest->handle(Object(Illuminate\\Http\\Request), Object(Closure))
#35 C:\\Users\\evaa2\\OneDrive\\Escritorio\\EvaluaPro\\evaluaPro\\vendor\\laravel\\framework\\src\\Illuminate\\Pipeline\\Pipeline.php(183): Illuminate\\Foundation\\Http\\Middleware\\ConvertEmptyStringsToNull->handle(Object(Illuminate\\Http\\Request), Object(Closure))
#36 C:\\Users\\evaa2\\OneDrive\\Escritorio\\EvaluaPro\\evaluaPro\\vendor\\laravel\\framework\\src\\Illuminate\\Foundation\\Http\\Middleware\\TransformsRequest.php(21): Illuminate\\Pipeline\\Pipeline->Illuminate\\Pipeline\\{closure}(Object(Illuminate\\Http\\Request))
#37 C:\\Users\\evaa2\\OneDrive\\Escritorio\\EvaluaPro\\evaluaPro\\vendor\\laravel\\framework\\src\\Illuminate\\Foundation\\Http\\Middleware\\TrimStrings.php(40): Illuminate\\Foundation\\Http\\Middleware\\TransformsRequest->handle(Object(Illuminate\\Http\\Request), Object(Closure))
#38 C:\\Users\\evaa2\\OneDrive\\Escritorio\\EvaluaPro\\evaluaPro\\vendor\\laravel\\framework\\src\\Illuminate\\Pipeline\\Pipeline.php(183): Illuminate\\Foundation\\Http\\Middleware\\TrimStrings->handle(Object(Illuminate\\Http\\Request), Object(Closure))
#39 C:\\Users\\evaa2\\OneDrive\\Escritorio\\EvaluaPro\\evaluaPro\\vendor\\laravel\\framework\\src\\Illuminate\\Foundation\\Http\\Middleware\\ValidatePostSize.php(27): Illuminate\\Pipeline\\Pipeline->Illuminate\\Pipeline\\{closure}(Object(Illuminate\\Http\\Request))
#40 C:\\Users\\evaa2\\OneDrive\\Escritorio\\EvaluaPro\\evaluaPro\\vendor\\laravel\\framework\\src\\Illuminate\\Pipeline\\Pipeline.php(183): Illuminate\\Foundation\\Http\\Middleware\\ValidatePostSize->handle(Object(Illuminate\\Http\\Request), Object(Closure))
#41 C:\\Users\\evaa2\\OneDrive\\Escritorio\\EvaluaPro\\evaluaPro\\vendor\\laravel\\framework\\src\\Illuminate\\Foundation\\Http\\Middleware\\PreventRequestsDuringMaintenance.php(99): Illuminate\\Pipeline\\Pipeline->Illuminate\\Pipeline\\{closure}(Object(Illuminate\\Http\\Request))
#42 C:\\Users\\evaa2\\OneDrive\\Escritorio\\EvaluaPro\\evaluaPro\\vendor\\laravel\\framework\\src\\Illuminate\\Pipeline\\Pipeline.php(183): Illuminate\\Foundation\\Http\\Middleware\\PreventRequestsDuringMaintenance->handle(Object(Illuminate\\Http\\Request), Object(Closure))
#43 C:\\Users\\evaa2\\OneDrive\\Escritorio\\EvaluaPro\\evaluaPro\\vendor\\laravel\\framework\\src\\Illuminate\\Http\\Middleware\\HandleCors.php(49): Illuminate\\Pipeline\\Pipeline->Illuminate\\Pipeline\\{closure}(Object(Illuminate\\Http\\Request))
#44 C:\\Users\\evaa2\\OneDrive\\Escritorio\\EvaluaPro\\evaluaPro\\vendor\\laravel\\framework\\src\\Illuminate\\Pipeline\\Pipeline.php(183): Illuminate\\Http\\Middleware\\HandleCors->handle(Object(Illuminate\\Http\\Request), Object(Closure))
#45 C:\\Users\\evaa2\\OneDrive\\Escritorio\\EvaluaPro\\evaluaPro\\vendor\\laravel\\framework\\src\\Illuminate\\Http\\Middleware\\TrustProxies.php(39): Illuminate\\Pipeline\\Pipeline->Illuminate\\Pipeline\\{closure}(Object(Illuminate\\Http\\Request))
#46 C:\\Users\\evaa2\\OneDrive\\Escritorio\\EvaluaPro\\evaluaPro\\vendor\\laravel\\framework\\src\\Illuminate\\Pipeline\\Pipeline.php(183): Illuminate\\Http\\Middleware\\TrustProxies->handle(Object(Illuminate\\Http\\Request), Object(Closure))
#47 C:\\Users\\evaa2\\OneDrive\\Escritorio\\EvaluaPro\\evaluaPro\\vendor\\laravel\\framework\\src\\Illuminate\\Pipeline\\Pipeline.php(119): Illuminate\\Pipeline\\Pipeline->Illuminate\\Pipeline\\{closure}(Object(Illuminate\\Http\\Request))
#48 C:\\Users\\evaa2\\OneDrive\\Escritorio\\EvaluaPro\\evaluaPro\\vendor\\laravel\\framework\\src\\Illuminate\\Foundation\\Http\\Kernel.php(175): Illuminate\\Pipeline\\Pipeline->then(Object(Closure))
#49 C:\\Users\\evaa2\\OneDrive\\Escritorio\\EvaluaPro\\evaluaPro\\vendor\\laravel\\framework\\src\\Illuminate\\Foundation\\Http\\Kernel.php(144): Illuminate\\Foundation\\Http\\Kernel->sendRequestThroughRouter(Object(Illuminate\\Http\\Request))
#50 C:\\Users\\evaa2\\OneDrive\\Escritorio\\EvaluaPro\\evaluaPro\\public\\index.php(51): Illuminate\\Foundation\\Http\\Kernel->handle(Object(Illuminate\\Http\\Request))
#51 C:\\Users\\evaa2\\OneDrive\\Escritorio\\EvaluaPro\\evaluaPro\\vendor\\laravel\\framework\\src\\Illuminate\\Foundation\\resources\\server.php(16): require_once('C:\\\\Users\\\\evaa2\\\\...')
#52 {main}
"} 
[2025-08-14 19:54:14] local.ERROR: Attempt to read property "idReticula" on null {"userId":"Damaris","exception":"[object] (ErrorException(code: 0): Attempt to read property \"idReticula\" on null at C:\\Users\\evaa2\\OneDrive\\Escritorio\\EvaluaPro\\evaluaPro\\app\\Http\\Controllers\\UsuarioController.php:92)
[stacktrace]
#0 C:\\Users\\evaa2\\OneDrive\\Escritorio\\EvaluaPro\\evaluaPro\\vendor\\laravel\\framework\\src\\Illuminate\\Foundation\\Bootstrap\\HandleExceptions.php(255): Illuminate\\Foundation\\Bootstrap\\HandleExceptions->handleError(2, 'Attempt to read...', 'C:\\\\Users\\\\evaa2\\\\...', 92)
#1 C:\\Users\\evaa2\\OneDrive\\Escritorio\\EvaluaPro\\evaluaPro\\app\\Http\\Controllers\\UsuarioController.php(92): Illuminate\\Foundation\\Bootstrap\\HandleExceptions->Illuminate\\Foundation\\Bootstrap\\{closure}(2, 'Attempt to read...', 'C:\\\\Users\\\\evaa2\\\\...', 92)
#2 C:\\Users\\evaa2\\OneDrive\\Escritorio\\EvaluaPro\\evaluaPro\\vendor\\laravel\\framework\\src\\Illuminate\\Routing\\Controller.php(54): App\\Http\\Controllers\\UsuarioController->index()
#3 C:\\Users\\evaa2\\OneDrive\\Escritorio\\EvaluaPro\\evaluaPro\\vendor\\laravel\\framework\\src\\Illuminate\\Routing\\ControllerDispatcher.php(43): Illuminate\\Routing\\Controller->callAction('index', Array)
#4 C:\\Users\\evaa2\\OneDrive\\Escritorio\\EvaluaPro\\evaluaPro\\vendor\\laravel\\framework\\src\\Illuminate\\Routing\\Route.php(259): Illuminate\\Routing\\ControllerDispatcher->dispatch(Object(Illuminate\\Routing\\Route), Object(App\\Http\\Controllers\\UsuarioController), 'index')
#5 C:\\Users\\evaa2\\OneDrive\\Escritorio\\EvaluaPro\\evaluaPro\\vendor\\laravel\\framework\\src\\Illuminate\\Routing\\Route.php(205): Illuminate\\Routing\\Route->runController()
#6 C:\\Users\\evaa2\\OneDrive\\Escritorio\\EvaluaPro\\evaluaPro\\vendor\\laravel\\framework\\src\\Illuminate\\Routing\\Router.php(806): Illuminate\\Routing\\Route->run()
#7 C:\\Users\\evaa2\\OneDrive\\Escritorio\\EvaluaPro\\evaluaPro\\vendor\\laravel\\framework\\src\\Illuminate\\Pipeline\\Pipeline.php(144): Illuminate\\Routing\\Router->Illuminate\\Routing\\{closure}(Object(Illuminate\\Http\\Request))
#8 C:\\Users\\evaa2\\OneDrive\\Escritorio\\EvaluaPro\\evaluaPro\\app\\Http\\Middleware\\RolMiddleware.php(21): Illuminate\\Pipeline\\Pipeline->Illuminate\\Pipeline\\{closure}(Object(Illuminate\\Http\\Request))
#9 C:\\Users\\evaa2\\OneDrive\\Escritorio\\EvaluaPro\\evaluaPro\\vendor\\laravel\\framework\\src\\Illuminate\\Pipeline\\Pipeline.php(183): App\\Http\\Middleware\\RolMiddleware->handle(Object(Illuminate\\Http\\Request), Object(Closure), 'admin', 'capacitador', 'usuario')
#10 C:\\Users\\evaa2\\OneDrive\\Escritorio\\EvaluaPro\\evaluaPro\\vendor\\laravel\\framework\\src\\Illuminate\\Routing\\Middleware\\SubstituteBindings.php(50): Illuminate\\Pipeline\\Pipeline->Illuminate\\Pipeline\\{closure}(Object(Illuminate\\Http\\Request))
#11 C:\\Users\\evaa2\\OneDrive\\Escritorio\\EvaluaPro\\evaluaPro\\vendor\\laravel\\framework\\src\\Illuminate\\Pipeline\\Pipeline.php(183): Illuminate\\Routing\\Middleware\\SubstituteBindings->handle(Object(Illuminate\\Http\\Request), Object(Closure))
#12 C:\\Users\\evaa2\\OneDrive\\Escritorio\\EvaluaPro\\evaluaPro\\vendor\\laravel\\framework\\src\\Illuminate\\Auth\\Middleware\\Authenticate.php(57): Illuminate\\Pipeline\\Pipeline->Illuminate\\Pipeline\\{closure}(Object(Illuminate\\Http\\Request))
#13 C:\\Users\\evaa2\\OneDrive\\Escritorio\\EvaluaPro\\evaluaPro\\vendor\\laravel\\framework\\src\\Illuminate\\Pipeline\\Pipeline.php(183): Illuminate\\Auth\\Middleware\\Authenticate->handle(Object(Illuminate\\Http\\Request), Object(Closure))
#14 C:\\Users\\evaa2\\OneDrive\\Escritorio\\EvaluaPro\\evaluaPro\\vendor\\laravel\\framework\\src\\Illuminate\\Foundation\\Http\\Middleware\\VerifyCsrfToken.php(78): Illuminate\\Pipeline\\Pipeline->Illuminate\\Pipeline\\{closure}(Object(Illuminate\\Http\\Request))
#15 C:\\Users\\evaa2\\OneDrive\\Escritorio\\EvaluaPro\\evaluaPro\\vendor\\laravel\\framework\\src\\Illuminate\\Pipeline\\Pipeline.php(183): Illuminate\\Foundation\\Http\\Middleware\\VerifyCsrfToken->handle(Object(Illuminate\\Http\\Request), Object(Closure))
#16 C:\\Users\\evaa2\\OneDrive\\Escritorio\\EvaluaPro\\evaluaPro\\vendor\\laravel\\framework\\src\\Illuminate\\View\\Middleware\\ShareErrorsFromSession.php(49): Illuminate\\Pipeline\\Pipeline->Illuminate\\Pipeline\\{closure}(Object(Illuminate\\Http\\Request))
#17 C:\\Users\\evaa2\\OneDrive\\Escritorio\\EvaluaPro\\evaluaPro\\vendor\\laravel\\framework\\src\\Illuminate\\Pipeline\\Pipeline.php(183): Illuminate\\View\\Middleware\\ShareErrorsFromSession->handle(Object(Illuminate\\Http\\Request), Object(Closure))
#18 C:\\Users\\evaa2\\OneDrive\\Escritorio\\EvaluaPro\\evaluaPro\\vendor\\laravel\\framework\\src\\Illuminate\\Session\\Middleware\\StartSession.php(121): Illuminate\\Pipeline\\Pipeline->Illuminate\\Pipeline\\{closure}(Object(Illuminate\\Http\\Request))
#19 C:\\Users\\evaa2\\OneDrive\\Escritorio\\EvaluaPro\\evaluaPro\\vendor\\laravel\\framework\\src\\Illuminate\\Session\\Middleware\\StartSession.php(64): Illuminate\\Session\\Middleware\\StartSession->handleStatefulRequest(Object(Illuminate\\Http\\Request), Object(Illuminate\\Session\\Store), Object(Closure))
#20 C:\\Users\\evaa2\\OneDrive\\Escritorio\\EvaluaPro\\evaluaPro\\vendor\\laravel\\framework\\src\\Illuminate\\Pipeline\\Pipeline.php(183): Illuminate\\Session\\Middleware\\StartSession->handle(Object(Illuminate\\Http\\Request), Object(Closure))
#21 C:\\Users\\evaa2\\OneDrive\\Escritorio\\EvaluaPro\\evaluaPro\\vendor\\laravel\\framework\\src\\Illuminate\\Cookie\\Middleware\\AddQueuedCookiesToResponse.php(37): Illuminate\\Pipeline\\Pipeline->Illuminate\\Pipeline\\{closure}(Object(Illuminate\\Http\\Request))
#22 C:\\Users\\evaa2\\OneDrive\\Escritorio\\EvaluaPro\\evaluaPro\\vendor\\laravel\\framework\\src\\Illuminate\\Pipeline\\Pipeline.php(183): Illuminate\\Cookie\\Middleware\\AddQueuedCookiesToResponse->handle(Object(Illuminate\\Http\\Request), Object(Closure))
#23 C:\\Users\\evaa2\\OneDrive\\Escritorio\\EvaluaPro\\evaluaPro\\vendor\\laravel\\framework\\src\\Illuminate\\Cookie\\Middleware\\EncryptCookies.php(67): Illuminate\\Pipeline\\Pipeline->Illuminate\\Pipeline\\{closure}(Object(Illuminate\\Http\\Request))
#24 C:\\Users\\evaa2\\OneDrive\\Escritorio\\EvaluaPro\\evaluaPro\\vendor\\laravel\\framework\\src\\Illuminate\\Pipeline\\Pipeline.php(183): Illuminate\\Cookie\\Middleware\\EncryptCookies->handle(Object(Illuminate\\Http\\Request), Object(Closure))
#25 C:\\Users\\evaa2\\OneDrive\\Escritorio\\EvaluaPro\\evaluaPro\\vendor\\laravel\\framework\\src\\Illuminate\\Pipeline\\Pipeline.php(119): Illuminate\\Pipeline\\Pipeline->Illuminate\\Pipeline\\{closure}(Object(Illuminate\\Http\\Request))
#26 C:\\Users\\evaa2\\OneDrive\\Escritorio\\EvaluaPro\\evaluaPro\\vendor\\laravel\\framework\\src\\Illuminate\\Routing\\Router.php(805): Illuminate\\Pipeline\\Pipeline->then(Object(Closure))
#27 C:\\Users\\evaa2\\OneDrive\\Escritorio\\EvaluaPro\\evaluaPro\\vendor\\laravel\\framework\\src\\Illuminate\\Routing\\Router.php(784): Illuminate\\Routing\\Router->runRouteWithinStack(Object(Illuminate\\Routing\\Route), Object(Illuminate\\Http\\Request))
#28 C:\\Users\\evaa2\\OneDrive\\Escritorio\\EvaluaPro\\evaluaPro\\vendor\\laravel\\framework\\src\\Illuminate\\Routing\\Router.php(748): Illuminate\\Routing\\Router->runRoute(Object(Illuminate\\Http\\Request), Object(Illuminate\\Routing\\Route))
#29 C:\\Users\\evaa2\\OneDrive\\Escritorio\\EvaluaPro\\evaluaPro\\vendor\\laravel\\framework\\src\\Illuminate\\Routing\\Router.php(737): Illuminate\\Routing\\Router->dispatchToRoute(Object(Illuminate\\Http\\Request))
#30 C:\\Users\\evaa2\\OneDrive\\Escritorio\\EvaluaPro\\evaluaPro\\vendor\\laravel\\framework\\src\\Illuminate\\Foundation\\Http\\Kernel.php(200): Illuminate\\Routing\\Router->dispatch(Object(Illuminate\\Http\\Request))
#31 C:\\Users\\evaa2\\OneDrive\\Escritorio\\EvaluaPro\\evaluaPro\\vendor\\laravel\\framework\\src\\Illuminate\\Pipeline\\Pipeline.php(144): Illuminate\\Foundation\\Http\\Kernel->Illuminate\\Foundation\\Http\\{closure}(Object(Illuminate\\Http\\Request))
#32 C:\\Users\\evaa2\\OneDrive\\Escritorio\\EvaluaPro\\evaluaPro\\vendor\\laravel\\framework\\src\\Illuminate\\Foundation\\Http\\Middleware\\TransformsRequest.php(21): Illuminate\\Pipeline\\Pipeline->Illuminate\\Pipeline\\{closure}(Object(Illuminate\\Http\\Request))
#33 C:\\Users\\evaa2\\OneDrive\\Escritorio\\EvaluaPro\\evaluaPro\\vendor\\laravel\\framework\\src\\Illuminate\\Foundation\\Http\\Middleware\\ConvertEmptyStringsToNull.php(31): Illuminate\\Foundation\\Http\\Middleware\\TransformsRequest->handle(Object(Illuminate\\Http\\Request), Object(Closure))
#34 C:\\Users\\evaa2\\OneDrive\\Escritorio\\EvaluaPro\\evaluaPro\\vendor\\laravel\\framework\\src\\Illuminate\\Pipeline\\Pipeline.php(183): Illuminate\\Foundation\\Http\\Middleware\\ConvertEmptyStringsToNull->handle(Object(Illuminate\\Http\\Request), Object(Closure))
#35 C:\\Users\\evaa2\\OneDrive\\Escritorio\\EvaluaPro\\evaluaPro\\vendor\\laravel\\framework\\src\\Illuminate\\Foundation\\Http\\Middleware\\TransformsRequest.php(21): Illuminate\\Pipeline\\Pipeline->Illuminate\\Pipeline\\{closure}(Object(Illuminate\\Http\\Request))
#36 C:\\Users\\evaa2\\OneDrive\\Escritorio\\EvaluaPro\\evaluaPro\\vendor\\laravel\\framework\\src\\Illuminate\\Foundation\\Http\\Middleware\\TrimStrings.php(40): Illuminate\\Foundation\\Http\\Middleware\\TransformsRequest->handle(Object(Illuminate\\Http\\Request), Object(Closure))
#37 C:\\Users\\evaa2\\OneDrive\\Escritorio\\EvaluaPro\\evaluaPro\\vendor\\laravel\\framework\\src\\Illuminate\\Pipeline\\Pipeline.php(183): Illuminate\\Foundation\\Http\\Middleware\\TrimStrings->handle(Object(Illuminate\\Http\\Request), Object(Closure))
#38 C:\\Users\\evaa2\\OneDrive\\Escritorio\\EvaluaPro\\evaluaPro\\vendor\\laravel\\framework\\src\\Illuminate\\Foundation\\Http\\Middleware\\ValidatePostSize.php(27): Illuminate\\Pipeline\\Pipeline->Illuminate\\Pipeline\\{closure}(Object(Illuminate\\Http\\Request))
#39 C:\\Users\\evaa2\\OneDrive\\Escritorio\\EvaluaPro\\evaluaPro\\vendor\\laravel\\framework\\src\\Illuminate\\Pipeline\\Pipeline.php(183): Illuminate\\Foundation\\Http\\Middleware\\ValidatePostSize->handle(Object(Illuminate\\Http\\Request), Object(Closure))
#40 C:\\Users\\evaa2\\OneDrive\\Escritorio\\EvaluaPro\\evaluaPro\\vendor\\laravel\\framework\\src\\Illuminate\\Foundation\\Http\\Middleware\\PreventRequestsDuringMaintenance.php(99): Illuminate\\Pipeline\\Pipeline->Illuminate\\Pipeline\\{closure}(Object(Illuminate\\Http\\Request))
#41 C:\\Users\\evaa2\\OneDrive\\Escritorio\\EvaluaPro\\evaluaPro\\vendor\\laravel\\framework\\src\\Illuminate\\Pipeline\\Pipeline.php(183): Illuminate\\Foundation\\Http\\Middleware\\PreventRequestsDuringMaintenance->handle(Object(Illuminate\\Http\\Request), Object(Closure))
#42 C:\\Users\\evaa2\\OneDrive\\Escritorio\\EvaluaPro\\evaluaPro\\vendor\\laravel\\framework\\src\\Illuminate\\Http\\Middleware\\HandleCors.php(49): Illuminate\\Pipeline\\Pipeline->Illuminate\\Pipeline\\{closure}(Object(Illuminate\\Http\\Request))
#43 C:\\Users\\evaa2\\OneDrive\\Escritorio\\EvaluaPro\\evaluaPro\\vendor\\laravel\\framework\\src\\Illuminate\\Pipeline\\Pipeline.php(183): Illuminate\\Http\\Middleware\\HandleCors->handle(Object(Illuminate\\Http\\Request), Object(Closure))
#44 C:\\Users\\evaa2\\OneDrive\\Escritorio\\EvaluaPro\\evaluaPro\\vendor\\laravel\\framework\\src\\Illuminate\\Http\\Middleware\\TrustProxies.php(39): Illuminate\\Pipeline\\Pipeline->Illuminate\\Pipeline\\{closure}(Object(Illuminate\\Http\\Request))
#45 C:\\Users\\evaa2\\OneDrive\\Escritorio\\EvaluaPro\\evaluaPro\\vendor\\laravel\\framework\\src\\Illuminate\\Pipeline\\Pipeline.php(183): Illuminate\\Http\\Middleware\\TrustProxies->handle(Object(Illuminate\\Http\\Request), Object(Closure))
#46 C:\\Users\\evaa2\\OneDrive\\Escritorio\\EvaluaPro\\evaluaPro\\vendor\\laravel\\framework\\src\\Illuminate\\Pipeline\\Pipeline.php(119): Illuminate\\Pipeline\\Pipeline->Illuminate\\Pipeline\\{closure}(Object(Illuminate\\Http\\Request))
#47 C:\\Users\\evaa2\\OneDrive\\Escritorio\\EvaluaPro\\evaluaPro\\vendor\\laravel\\framework\\src\\Illuminate\\Foundation\\Http\\Kernel.php(175): Illuminate\\Pipeline\\Pipeline->then(Object(Closure))
#48 C:\\Users\\evaa2\\OneDrive\\Escritorio\\EvaluaPro\\evaluaPro\\vendor\\laravel\\framework\\src\\Illuminate\\Foundation\\Http\\Kernel.php(144): Illuminate\\Foundation\\Http\\Kernel->sendRequestThroughRouter(Object(Illuminate\\Http\\Request))
#49 C:\\Users\\evaa2\\OneDrive\\Escritorio\\EvaluaPro\\evaluaPro\\public\\index.php(51): Illuminate\\Foundation\\Http\\Kernel->handle(Object(Illuminate\\Http\\Request))
#50 C:\\Users\\evaa2\\OneDrive\\Escritorio\\EvaluaPro\\evaluaPro\\vendor\\laravel\\framework\\src\\Illuminate\\Foundation\\resources\\server.php(16): require_once('C:\\\\Users\\\\evaa2\\\\...')
#51 {main}
"} 
[2025-08-14 19:54:27] local.ERROR: Attempt to read property "idReticula" on null {"userId":"Damaris","exception":"[object] (ErrorException(code: 0): Attempt to read property \"idReticula\" on null at C:\\Users\\evaa2\\OneDrive\\Escritorio\\EvaluaPro\\evaluaPro\\app\\Http\\Controllers\\UsuarioController.php:92)
[stacktrace]
#0 C:\\Users\\evaa2\\OneDrive\\Escritorio\\EvaluaPro\\evaluaPro\\vendor\\laravel\\framework\\src\\Illuminate\\Foundation\\Bootstrap\\HandleExceptions.php(255): Illuminate\\Foundation\\Bootstrap\\HandleExceptions->handleError(2, 'Attempt to read...', 'C:\\\\Users\\\\evaa2\\\\...', 92)
#1 C:\\Users\\evaa2\\OneDrive\\Escritorio\\EvaluaPro\\evaluaPro\\app\\Http\\Controllers\\UsuarioController.php(92): Illuminate\\Foundation\\Bootstrap\\HandleExceptions->Illuminate\\Foundation\\Bootstrap\\{closure}(2, 'Attempt to read...', 'C:\\\\Users\\\\evaa2\\\\...', 92)
#2 C:\\Users\\evaa2\\OneDrive\\Escritorio\\EvaluaPro\\evaluaPro\\vendor\\laravel\\framework\\src\\Illuminate\\Routing\\Controller.php(54): App\\Http\\Controllers\\UsuarioController->index()
#3 C:\\Users\\evaa2\\OneDrive\\Escritorio\\EvaluaPro\\evaluaPro\\vendor\\laravel\\framework\\src\\Illuminate\\Routing\\ControllerDispatcher.php(43): Illuminate\\Routing\\Controller->callAction('index', Array)
#4 C:\\Users\\evaa2\\OneDrive\\Escritorio\\EvaluaPro\\evaluaPro\\vendor\\laravel\\framework\\src\\Illuminate\\Routing\\Route.php(259): Illuminate\\Routing\\ControllerDispatcher->dispatch(Object(Illuminate\\Routing\\Route), Object(App\\Http\\Controllers\\UsuarioController), 'index')
#5 C:\\Users\\evaa2\\OneDrive\\Escritorio\\EvaluaPro\\evaluaPro\\vendor\\laravel\\framework\\src\\Illuminate\\Routing\\Route.php(205): Illuminate\\Routing\\Route->runController()
#6 C:\\Users\\evaa2\\OneDrive\\Escritorio\\EvaluaPro\\evaluaPro\\vendor\\laravel\\framework\\src\\Illuminate\\Routing\\Router.php(806): Illuminate\\Routing\\Route->run()
#7 C:\\Users\\evaa2\\OneDrive\\Escritorio\\EvaluaPro\\evaluaPro\\vendor\\laravel\\framework\\src\\Illuminate\\Pipeline\\Pipeline.php(144): Illuminate\\Routing\\Router->Illuminate\\Routing\\{closure}(Object(Illuminate\\Http\\Request))
#8 C:\\Users\\evaa2\\OneDrive\\Escritorio\\EvaluaPro\\evaluaPro\\app\\Http\\Middleware\\RolMiddleware.php(21): Illuminate\\Pipeline\\Pipeline->Illuminate\\Pipeline\\{closure}(Object(Illuminate\\Http\\Request))
#9 C:\\Users\\evaa2\\OneDrive\\Escritorio\\EvaluaPro\\evaluaPro\\vendor\\laravel\\framework\\src\\Illuminate\\Pipeline\\Pipeline.php(183): App\\Http\\Middleware\\RolMiddleware->handle(Object(Illuminate\\Http\\Request), Object(Closure), 'admin', 'capacitador', 'usuario')
#10 C:\\Users\\evaa2\\OneDrive\\Escritorio\\EvaluaPro\\evaluaPro\\vendor\\laravel\\framework\\src\\Illuminate\\Routing\\Middleware\\SubstituteBindings.php(50): Illuminate\\Pipeline\\Pipeline->Illuminate\\Pipeline\\{closure}(Object(Illuminate\\Http\\Request))
#11 C:\\Users\\evaa2\\OneDrive\\Escritorio\\EvaluaPro\\evaluaPro\\vendor\\laravel\\framework\\src\\Illuminate\\Pipeline\\Pipeline.php(183): Illuminate\\Routing\\Middleware\\SubstituteBindings->handle(Object(Illuminate\\Http\\Request), Object(Closure))
#12 C:\\Users\\evaa2\\OneDrive\\Escritorio\\EvaluaPro\\evaluaPro\\vendor\\laravel\\framework\\src\\Illuminate\\Auth\\Middleware\\Authenticate.php(57): Illuminate\\Pipeline\\Pipeline->Illuminate\\Pipeline\\{closure}(Object(Illuminate\\Http\\Request))
#13 C:\\Users\\evaa2\\OneDrive\\Escritorio\\EvaluaPro\\evaluaPro\\vendor\\laravel\\framework\\src\\Illuminate\\Pipeline\\Pipeline.php(183): Illuminate\\Auth\\Middleware\\Authenticate->handle(Object(Illuminate\\Http\\Request), Object(Closure))
#14 C:\\Users\\evaa2\\OneDrive\\Escritorio\\EvaluaPro\\evaluaPro\\vendor\\laravel\\framework\\src\\Illuminate\\Foundation\\Http\\Middleware\\VerifyCsrfToken.php(78): Illuminate\\Pipeline\\Pipeline->Illuminate\\Pipeline\\{closure}(Object(Illuminate\\Http\\Request))
#15 C:\\Users\\evaa2\\OneDrive\\Escritorio\\EvaluaPro\\evaluaPro\\vendor\\laravel\\framework\\src\\Illuminate\\Pipeline\\Pipeline.php(183): Illuminate\\Foundation\\Http\\Middleware\\VerifyCsrfToken->handle(Object(Illuminate\\Http\\Request), Object(Closure))
#16 C:\\Users\\evaa2\\OneDrive\\Escritorio\\EvaluaPro\\evaluaPro\\vendor\\laravel\\framework\\src\\Illuminate\\View\\Middleware\\ShareErrorsFromSession.php(49): Illuminate\\Pipeline\\Pipeline->Illuminate\\Pipeline\\{closure}(Object(Illuminate\\Http\\Request))
#17 C:\\Users\\evaa2\\OneDrive\\Escritorio\\EvaluaPro\\evaluaPro\\vendor\\laravel\\framework\\src\\Illuminate\\Pipeline\\Pipeline.php(183): Illuminate\\View\\Middleware\\ShareErrorsFromSession->handle(Object(Illuminate\\Http\\Request), Object(Closure))
#18 C:\\Users\\evaa2\\OneDrive\\Escritorio\\EvaluaPro\\evaluaPro\\vendor\\laravel\\framework\\src\\Illuminate\\Session\\Middleware\\StartSession.php(121): Illuminate\\Pipeline\\Pipeline->Illuminate\\Pipeline\\{closure}(Object(Illuminate\\Http\\Request))
#19 C:\\Users\\evaa2\\OneDrive\\Escritorio\\EvaluaPro\\evaluaPro\\vendor\\laravel\\framework\\src\\Illuminate\\Session\\Middleware\\StartSession.php(64): Illuminate\\Session\\Middleware\\StartSession->handleStatefulRequest(Object(Illuminate\\Http\\Request), Object(Illuminate\\Session\\Store), Object(Closure))
#20 C:\\Users\\evaa2\\OneDrive\\Escritorio\\EvaluaPro\\evaluaPro\\vendor\\laravel\\framework\\src\\Illuminate\\Pipeline\\Pipeline.php(183): Illuminate\\Session\\Middleware\\StartSession->handle(Object(Illuminate\\Http\\Request), Object(Closure))
#21 C:\\Users\\evaa2\\OneDrive\\Escritorio\\EvaluaPro\\evaluaPro\\vendor\\laravel\\framework\\src\\Illuminate\\Cookie\\Middleware\\AddQueuedCookiesToResponse.php(37): Illuminate\\Pipeline\\Pipeline->Illuminate\\Pipeline\\{closure}(Object(Illuminate\\Http\\Request))
#22 C:\\Users\\evaa2\\OneDrive\\Escritorio\\EvaluaPro\\evaluaPro\\vendor\\laravel\\framework\\src\\Illuminate\\Pipeline\\Pipeline.php(183): Illuminate\\Cookie\\Middleware\\AddQueuedCookiesToResponse->handle(Object(Illuminate\\Http\\Request), Object(Closure))
#23 C:\\Users\\evaa2\\OneDrive\\Escritorio\\EvaluaPro\\evaluaPro\\vendor\\laravel\\framework\\src\\Illuminate\\Cookie\\Middleware\\EncryptCookies.php(67): Illuminate\\Pipeline\\Pipeline->Illuminate\\Pipeline\\{closure}(Object(Illuminate\\Http\\Request))
#24 C:\\Users\\evaa2\\OneDrive\\Escritorio\\EvaluaPro\\evaluaPro\\vendor\\laravel\\framework\\src\\Illuminate\\Pipeline\\Pipeline.php(183): Illuminate\\Cookie\\Middleware\\EncryptCookies->handle(Object(Illuminate\\Http\\Request), Object(Closure))
#25 C:\\Users\\evaa2\\OneDrive\\Escritorio\\EvaluaPro\\evaluaPro\\vendor\\laravel\\framework\\src\\Illuminate\\Pipeline\\Pipeline.php(119): Illuminate\\Pipeline\\Pipeline->Illuminate\\Pipeline\\{closure}(Object(Illuminate\\Http\\Request))
#26 C:\\Users\\evaa2\\OneDrive\\Escritorio\\EvaluaPro\\evaluaPro\\vendor\\laravel\\framework\\src\\Illuminate\\Routing\\Router.php(805): Illuminate\\Pipeline\\Pipeline->then(Object(Closure))
#27 C:\\Users\\evaa2\\OneDrive\\Escritorio\\EvaluaPro\\evaluaPro\\vendor\\laravel\\framework\\src\\Illuminate\\Routing\\Router.php(784): Illuminate\\Routing\\Router->runRouteWithinStack(Object(Illuminate\\Routing\\Route), Object(Illuminate\\Http\\Request))
#28 C:\\Users\\evaa2\\OneDrive\\Escritorio\\EvaluaPro\\evaluaPro\\vendor\\laravel\\framework\\src\\Illuminate\\Routing\\Router.php(748): Illuminate\\Routing\\Router->runRoute(Object(Illuminate\\Http\\Request), Object(Illuminate\\Routing\\Route))
#29 C:\\Users\\evaa2\\OneDrive\\Escritorio\\EvaluaPro\\evaluaPro\\vendor\\laravel\\framework\\src\\Illuminate\\Routing\\Router.php(737): Illuminate\\Routing\\Router->dispatchToRoute(Object(Illuminate\\Http\\Request))
#30 C:\\Users\\evaa2\\OneDrive\\Escritorio\\EvaluaPro\\evaluaPro\\vendor\\laravel\\framework\\src\\Illuminate\\Foundation\\Http\\Kernel.php(200): Illuminate\\Routing\\Router->dispatch(Object(Illuminate\\Http\\Request))
#31 C:\\Users\\evaa2\\OneDrive\\Escritorio\\EvaluaPro\\evaluaPro\\vendor\\laravel\\framework\\src\\Illuminate\\Pipeline\\Pipeline.php(144): Illuminate\\Foundation\\Http\\Kernel->Illuminate\\Foundation\\Http\\{closure}(Object(Illuminate\\Http\\Request))
#32 C:\\Users\\evaa2\\OneDrive\\Escritorio\\EvaluaPro\\evaluaPro\\vendor\\laravel\\framework\\src\\Illuminate\\Foundation\\Http\\Middleware\\TransformsRequest.php(21): Illuminate\\Pipeline\\Pipeline->Illuminate\\Pipeline\\{closure}(Object(Illuminate\\Http\\Request))
#33 C:\\Users\\evaa2\\OneDrive\\Escritorio\\EvaluaPro\\evaluaPro\\vendor\\laravel\\framework\\src\\Illuminate\\Foundation\\Http\\Middleware\\ConvertEmptyStringsToNull.php(31): Illuminate\\Foundation\\Http\\Middleware\\TransformsRequest->handle(Object(Illuminate\\Http\\Request), Object(Closure))
#34 C:\\Users\\evaa2\\OneDrive\\Escritorio\\EvaluaPro\\evaluaPro\\vendor\\laravel\\framework\\src\\Illuminate\\Pipeline\\Pipeline.php(183): Illuminate\\Foundation\\Http\\Middleware\\ConvertEmptyStringsToNull->handle(Object(Illuminate\\Http\\Request), Object(Closure))
#35 C:\\Users\\evaa2\\OneDrive\\Escritorio\\EvaluaPro\\evaluaPro\\vendor\\laravel\\framework\\src\\Illuminate\\Foundation\\Http\\Middleware\\TransformsRequest.php(21): Illuminate\\Pipeline\\Pipeline->Illuminate\\Pipeline\\{closure}(Object(Illuminate\\Http\\Request))
#36 C:\\Users\\evaa2\\OneDrive\\Escritorio\\EvaluaPro\\evaluaPro\\vendor\\laravel\\framework\\src\\Illuminate\\Foundation\\Http\\Middleware\\TrimStrings.php(40): Illuminate\\Foundation\\Http\\Middleware\\TransformsRequest->handle(Object(Illuminate\\Http\\Request), Object(Closure))
#37 C:\\Users\\evaa2\\OneDrive\\Escritorio\\EvaluaPro\\evaluaPro\\vendor\\laravel\\framework\\src\\Illuminate\\Pipeline\\Pipeline.php(183): Illuminate\\Foundation\\Http\\Middleware\\TrimStrings->handle(Object(Illuminate\\Http\\Request), Object(Closure))
#38 C:\\Users\\evaa2\\OneDrive\\Escritorio\\EvaluaPro\\evaluaPro\\vendor\\laravel\\framework\\src\\Illuminate\\Foundation\\Http\\Middleware\\ValidatePostSize.php(27): Illuminate\\Pipeline\\Pipeline->Illuminate\\Pipeline\\{closure}(Object(Illuminate\\Http\\Request))
#39 C:\\Users\\evaa2\\OneDrive\\Escritorio\\EvaluaPro\\evaluaPro\\vendor\\laravel\\framework\\src\\Illuminate\\Pipeline\\Pipeline.php(183): Illuminate\\Foundation\\Http\\Middleware\\ValidatePostSize->handle(Object(Illuminate\\Http\\Request), Object(Closure))
#40 C:\\Users\\evaa2\\OneDrive\\Escritorio\\EvaluaPro\\evaluaPro\\vendor\\laravel\\framework\\src\\Illuminate\\Foundation\\Http\\Middleware\\PreventRequestsDuringMaintenance.php(99): Illuminate\\Pipeline\\Pipeline->Illuminate\\Pipeline\\{closure}(Object(Illuminate\\Http\\Request))
#41 C:\\Users\\evaa2\\OneDrive\\Escritorio\\EvaluaPro\\evaluaPro\\vendor\\laravel\\framework\\src\\Illuminate\\Pipeline\\Pipeline.php(183): Illuminate\\Foundation\\Http\\Middleware\\PreventRequestsDuringMaintenance->handle(Object(Illuminate\\Http\\Request), Object(Closure))
#42 C:\\Users\\evaa2\\OneDrive\\Escritorio\\EvaluaPro\\evaluaPro\\vendor\\laravel\\framework\\src\\Illuminate\\Http\\Middleware\\HandleCors.php(49): Illuminate\\Pipeline\\Pipeline->Illuminate\\Pipeline\\{closure}(Object(Illuminate\\Http\\Request))
#43 C:\\Users\\evaa2\\OneDrive\\Escritorio\\EvaluaPro\\evaluaPro\\vendor\\laravel\\framework\\src\\Illuminate\\Pipeline\\Pipeline.php(183): Illuminate\\Http\\Middleware\\HandleCors->handle(Object(Illuminate\\Http\\Request), Object(Closure))
#44 C:\\Users\\evaa2\\OneDrive\\Escritorio\\EvaluaPro\\evaluaPro\\vendor\\laravel\\framework\\src\\Illuminate\\Http\\Middleware\\TrustProxies.php(39): Illuminate\\Pipeline\\Pipeline->Illuminate\\Pipeline\\{closure}(Object(Illuminate\\Http\\Request))
#45 C:\\Users\\evaa2\\OneDrive\\Escritorio\\EvaluaPro\\evaluaPro\\vendor\\laravel\\framework\\src\\Illuminate\\Pipeline\\Pipeline.php(183): Illuminate\\Http\\Middleware\\TrustProxies->handle(Object(Illuminate\\Http\\Request), Object(Closure))
#46 C:\\Users\\evaa2\\OneDrive\\Escritorio\\EvaluaPro\\evaluaPro\\vendor\\laravel\\framework\\src\\Illuminate\\Pipeline\\Pipeline.php(119): Illuminate\\Pipeline\\Pipeline->Illuminate\\Pipeline\\{closure}(Object(Illuminate\\Http\\Request))
#47 C:\\Users\\evaa2\\OneDrive\\Escritorio\\EvaluaPro\\evaluaPro\\vendor\\laravel\\framework\\src\\Illuminate\\Foundation\\Http\\Kernel.php(175): Illuminate\\Pipeline\\Pipeline->then(Object(Closure))
#48 C:\\Users\\evaa2\\OneDrive\\Escritorio\\EvaluaPro\\evaluaPro\\vendor\\laravel\\framework\\src\\Illuminate\\Foundation\\Http\\Kernel.php(144): Illuminate\\Foundation\\Http\\Kernel->sendRequestThroughRouter(Object(Illuminate\\Http\\Request))
#49 C:\\Users\\evaa2\\OneDrive\\Escritorio\\EvaluaPro\\evaluaPro\\public\\index.php(51): Illuminate\\Foundation\\Http\\Kernel->handle(Object(Illuminate\\Http\\Request))
#50 C:\\Users\\evaa2\\OneDrive\\Escritorio\\EvaluaPro\\evaluaPro\\vendor\\laravel\\framework\\src\\Illuminate\\Foundation\\resources\\server.php(16): require_once('C:\\\\Users\\\\evaa2\\\\...')
#51 {main}
"} 
[2025-08-14 19:54:47] local.ERROR: Attempt to read property "idReticula" on null {"userId":"Damaris","exception":"[object] (ErrorException(code: 0): Attempt to read property \"idReticula\" on null at C:\\Users\\evaa2\\OneDrive\\Escritorio\\EvaluaPro\\evaluaPro\\app\\Http\\Controllers\\UsuarioController.php:92)
[stacktrace]
#0 C:\\Users\\evaa2\\OneDrive\\Escritorio\\EvaluaPro\\evaluaPro\\vendor\\laravel\\framework\\src\\Illuminate\\Foundation\\Bootstrap\\HandleExceptions.php(255): Illuminate\\Foundation\\Bootstrap\\HandleExceptions->handleError(2, 'Attempt to read...', 'C:\\\\Users\\\\evaa2\\\\...', 92)
#1 C:\\Users\\evaa2\\OneDrive\\Escritorio\\EvaluaPro\\evaluaPro\\app\\Http\\Controllers\\UsuarioController.php(92): Illuminate\\Foundation\\Bootstrap\\HandleExceptions->Illuminate\\Foundation\\Bootstrap\\{closure}(2, 'Attempt to read...', 'C:\\\\Users\\\\evaa2\\\\...', 92)
#2 C:\\Users\\evaa2\\OneDrive\\Escritorio\\EvaluaPro\\evaluaPro\\vendor\\laravel\\framework\\src\\Illuminate\\Routing\\Controller.php(54): App\\Http\\Controllers\\UsuarioController->index()
#3 C:\\Users\\evaa2\\OneDrive\\Escritorio\\EvaluaPro\\evaluaPro\\vendor\\laravel\\framework\\src\\Illuminate\\Routing\\ControllerDispatcher.php(43): Illuminate\\Routing\\Controller->callAction('index', Array)
#4 C:\\Users\\evaa2\\OneDrive\\Escritorio\\EvaluaPro\\evaluaPro\\vendor\\laravel\\framework\\src\\Illuminate\\Routing\\Route.php(259): Illuminate\\Routing\\ControllerDispatcher->dispatch(Object(Illuminate\\Routing\\Route), Object(App\\Http\\Controllers\\UsuarioController), 'index')
#5 C:\\Users\\evaa2\\OneDrive\\Escritorio\\EvaluaPro\\evaluaPro\\vendor\\laravel\\framework\\src\\Illuminate\\Routing\\Route.php(205): Illuminate\\Routing\\Route->runController()
#6 C:\\Users\\evaa2\\OneDrive\\Escritorio\\EvaluaPro\\evaluaPro\\vendor\\laravel\\framework\\src\\Illuminate\\Routing\\Router.php(806): Illuminate\\Routing\\Route->run()
#7 C:\\Users\\evaa2\\OneDrive\\Escritorio\\EvaluaPro\\evaluaPro\\vendor\\laravel\\framework\\src\\Illuminate\\Pipeline\\Pipeline.php(144): Illuminate\\Routing\\Router->Illuminate\\Routing\\{closure}(Object(Illuminate\\Http\\Request))
#8 C:\\Users\\evaa2\\OneDrive\\Escritorio\\EvaluaPro\\evaluaPro\\app\\Http\\Middleware\\RolMiddleware.php(21): Illuminate\\Pipeline\\Pipeline->Illuminate\\Pipeline\\{closure}(Object(Illuminate\\Http\\Request))
#9 C:\\Users\\evaa2\\OneDrive\\Escritorio\\EvaluaPro\\evaluaPro\\vendor\\laravel\\framework\\src\\Illuminate\\Pipeline\\Pipeline.php(183): App\\Http\\Middleware\\RolMiddleware->handle(Object(Illuminate\\Http\\Request), Object(Closure), 'admin', 'capacitador', 'usuario')
#10 C:\\Users\\evaa2\\OneDrive\\Escritorio\\EvaluaPro\\evaluaPro\\vendor\\laravel\\framework\\src\\Illuminate\\Routing\\Middleware\\SubstituteBindings.php(50): Illuminate\\Pipeline\\Pipeline->Illuminate\\Pipeline\\{closure}(Object(Illuminate\\Http\\Request))
#11 C:\\Users\\evaa2\\OneDrive\\Escritorio\\EvaluaPro\\evaluaPro\\vendor\\laravel\\framework\\src\\Illuminate\\Pipeline\\Pipeline.php(183): Illuminate\\Routing\\Middleware\\SubstituteBindings->handle(Object(Illuminate\\Http\\Request), Object(Closure))
#12 C:\\Users\\evaa2\\OneDrive\\Escritorio\\EvaluaPro\\evaluaPro\\vendor\\laravel\\framework\\src\\Illuminate\\Auth\\Middleware\\Authenticate.php(57): Illuminate\\Pipeline\\Pipeline->Illuminate\\Pipeline\\{closure}(Object(Illuminate\\Http\\Request))
#13 C:\\Users\\evaa2\\OneDrive\\Escritorio\\EvaluaPro\\evaluaPro\\vendor\\laravel\\framework\\src\\Illuminate\\Pipeline\\Pipeline.php(183): Illuminate\\Auth\\Middleware\\Authenticate->handle(Object(Illuminate\\Http\\Request), Object(Closure))
#14 C:\\Users\\evaa2\\OneDrive\\Escritorio\\EvaluaPro\\evaluaPro\\vendor\\laravel\\framework\\src\\Illuminate\\Foundation\\Http\\Middleware\\VerifyCsrfToken.php(78): Illuminate\\Pipeline\\Pipeline->Illuminate\\Pipeline\\{closure}(Object(Illuminate\\Http\\Request))
#15 C:\\Users\\evaa2\\OneDrive\\Escritorio\\EvaluaPro\\evaluaPro\\vendor\\laravel\\framework\\src\\Illuminate\\Pipeline\\Pipeline.php(183): Illuminate\\Foundation\\Http\\Middleware\\VerifyCsrfToken->handle(Object(Illuminate\\Http\\Request), Object(Closure))
#16 C:\\Users\\evaa2\\OneDrive\\Escritorio\\EvaluaPro\\evaluaPro\\vendor\\laravel\\framework\\src\\Illuminate\\View\\Middleware\\ShareErrorsFromSession.php(49): Illuminate\\Pipeline\\Pipeline->Illuminate\\Pipeline\\{closure}(Object(Illuminate\\Http\\Request))
#17 C:\\Users\\evaa2\\OneDrive\\Escritorio\\EvaluaPro\\evaluaPro\\vendor\\laravel\\framework\\src\\Illuminate\\Pipeline\\Pipeline.php(183): Illuminate\\View\\Middleware\\ShareErrorsFromSession->handle(Object(Illuminate\\Http\\Request), Object(Closure))
#18 C:\\Users\\evaa2\\OneDrive\\Escritorio\\EvaluaPro\\evaluaPro\\vendor\\laravel\\framework\\src\\Illuminate\\Session\\Middleware\\StartSession.php(121): Illuminate\\Pipeline\\Pipeline->Illuminate\\Pipeline\\{closure}(Object(Illuminate\\Http\\Request))
#19 C:\\Users\\evaa2\\OneDrive\\Escritorio\\EvaluaPro\\evaluaPro\\vendor\\laravel\\framework\\src\\Illuminate\\Session\\Middleware\\StartSession.php(64): Illuminate\\Session\\Middleware\\StartSession->handleStatefulRequest(Object(Illuminate\\Http\\Request), Object(Illuminate\\Session\\Store), Object(Closure))
#20 C:\\Users\\evaa2\\OneDrive\\Escritorio\\EvaluaPro\\evaluaPro\\vendor\\laravel\\framework\\src\\Illuminate\\Pipeline\\Pipeline.php(183): Illuminate\\Session\\Middleware\\StartSession->handle(Object(Illuminate\\Http\\Request), Object(Closure))
#21 C:\\Users\\evaa2\\OneDrive\\Escritorio\\EvaluaPro\\evaluaPro\\vendor\\laravel\\framework\\src\\Illuminate\\Cookie\\Middleware\\AddQueuedCookiesToResponse.php(37): Illuminate\\Pipeline\\Pipeline->Illuminate\\Pipeline\\{closure}(Object(Illuminate\\Http\\Request))
#22 C:\\Users\\evaa2\\OneDrive\\Escritorio\\EvaluaPro\\evaluaPro\\vendor\\laravel\\framework\\src\\Illuminate\\Pipeline\\Pipeline.php(183): Illuminate\\Cookie\\Middleware\\AddQueuedCookiesToResponse->handle(Object(Illuminate\\Http\\Request), Object(Closure))
#23 C:\\Users\\evaa2\\OneDrive\\Escritorio\\EvaluaPro\\evaluaPro\\vendor\\laravel\\framework\\src\\Illuminate\\Cookie\\Middleware\\EncryptCookies.php(67): Illuminate\\Pipeline\\Pipeline->Illuminate\\Pipeline\\{closure}(Object(Illuminate\\Http\\Request))
#24 C:\\Users\\evaa2\\OneDrive\\Escritorio\\EvaluaPro\\evaluaPro\\vendor\\laravel\\framework\\src\\Illuminate\\Pipeline\\Pipeline.php(183): Illuminate\\Cookie\\Middleware\\EncryptCookies->handle(Object(Illuminate\\Http\\Request), Object(Closure))
#25 C:\\Users\\evaa2\\OneDrive\\Escritorio\\EvaluaPro\\evaluaPro\\vendor\\laravel\\framework\\src\\Illuminate\\Pipeline\\Pipeline.php(119): Illuminate\\Pipeline\\Pipeline->Illuminate\\Pipeline\\{closure}(Object(Illuminate\\Http\\Request))
#26 C:\\Users\\evaa2\\OneDrive\\Escritorio\\EvaluaPro\\evaluaPro\\vendor\\laravel\\framework\\src\\Illuminate\\Routing\\Router.php(805): Illuminate\\Pipeline\\Pipeline->then(Object(Closure))
#27 C:\\Users\\evaa2\\OneDrive\\Escritorio\\EvaluaPro\\evaluaPro\\vendor\\laravel\\framework\\src\\Illuminate\\Routing\\Router.php(784): Illuminate\\Routing\\Router->runRouteWithinStack(Object(Illuminate\\Routing\\Route), Object(Illuminate\\Http\\Request))
#28 C:\\Users\\evaa2\\OneDrive\\Escritorio\\EvaluaPro\\evaluaPro\\vendor\\laravel\\framework\\src\\Illuminate\\Routing\\Router.php(748): Illuminate\\Routing\\Router->runRoute(Object(Illuminate\\Http\\Request), Object(Illuminate\\Routing\\Route))
#29 C:\\Users\\evaa2\\OneDrive\\Escritorio\\EvaluaPro\\evaluaPro\\vendor\\laravel\\framework\\src\\Illuminate\\Routing\\Router.php(737): Illuminate\\Routing\\Router->dispatchToRoute(Object(Illuminate\\Http\\Request))
#30 C:\\Users\\evaa2\\OneDrive\\Escritorio\\EvaluaPro\\evaluaPro\\vendor\\laravel\\framework\\src\\Illuminate\\Foundation\\Http\\Kernel.php(200): Illuminate\\Routing\\Router->dispatch(Object(Illuminate\\Http\\Request))
#31 C:\\Users\\evaa2\\OneDrive\\Escritorio\\EvaluaPro\\evaluaPro\\vendor\\laravel\\framework\\src\\Illuminate\\Pipeline\\Pipeline.php(144): Illuminate\\Foundation\\Http\\Kernel->Illuminate\\Foundation\\Http\\{closure}(Object(Illuminate\\Http\\Request))
#32 C:\\Users\\evaa2\\OneDrive\\Escritorio\\EvaluaPro\\evaluaPro\\vendor\\laravel\\framework\\src\\Illuminate\\Foundation\\Http\\Middleware\\TransformsRequest.php(21): Illuminate\\Pipeline\\Pipeline->Illuminate\\Pipeline\\{closure}(Object(Illuminate\\Http\\Request))
#33 C:\\Users\\evaa2\\OneDrive\\Escritorio\\EvaluaPro\\evaluaPro\\vendor\\laravel\\framework\\src\\Illuminate\\Foundation\\Http\\Middleware\\ConvertEmptyStringsToNull.php(31): Illuminate\\Foundation\\Http\\Middleware\\TransformsRequest->handle(Object(Illuminate\\Http\\Request), Object(Closure))
#34 C:\\Users\\evaa2\\OneDrive\\Escritorio\\EvaluaPro\\evaluaPro\\vendor\\laravel\\framework\\src\\Illuminate\\Pipeline\\Pipeline.php(183): Illuminate\\Foundation\\Http\\Middleware\\ConvertEmptyStringsToNull->handle(Object(Illuminate\\Http\\Request), Object(Closure))
#35 C:\\Users\\evaa2\\OneDrive\\Escritorio\\EvaluaPro\\evaluaPro\\vendor\\laravel\\framework\\src\\Illuminate\\Foundation\\Http\\Middleware\\TransformsRequest.php(21): Illuminate\\Pipeline\\Pipeline->Illuminate\\Pipeline\\{closure}(Object(Illuminate\\Http\\Request))
#36 C:\\Users\\evaa2\\OneDrive\\Escritorio\\EvaluaPro\\evaluaPro\\vendor\\laravel\\framework\\src\\Illuminate\\Foundation\\Http\\Middleware\\TrimStrings.php(40): Illuminate\\Foundation\\Http\\Middleware\\TransformsRequest->handle(Object(Illuminate\\Http\\Request), Object(Closure))
#37 C:\\Users\\evaa2\\OneDrive\\Escritorio\\EvaluaPro\\evaluaPro\\vendor\\laravel\\framework\\src\\Illuminate\\Pipeline\\Pipeline.php(183): Illuminate\\Foundation\\Http\\Middleware\\TrimStrings->handle(Object(Illuminate\\Http\\Request), Object(Closure))
#38 C:\\Users\\evaa2\\OneDrive\\Escritorio\\EvaluaPro\\evaluaPro\\vendor\\laravel\\framework\\src\\Illuminate\\Foundation\\Http\\Middleware\\ValidatePostSize.php(27): Illuminate\\Pipeline\\Pipeline->Illuminate\\Pipeline\\{closure}(Object(Illuminate\\Http\\Request))
#39 C:\\Users\\evaa2\\OneDrive\\Escritorio\\EvaluaPro\\evaluaPro\\vendor\\laravel\\framework\\src\\Illuminate\\Pipeline\\Pipeline.php(183): Illuminate\\Foundation\\Http\\Middleware\\ValidatePostSize->handle(Object(Illuminate\\Http\\Request), Object(Closure))
#40 C:\\Users\\evaa2\\OneDrive\\Escritorio\\EvaluaPro\\evaluaPro\\vendor\\laravel\\framework\\src\\Illuminate\\Foundation\\Http\\Middleware\\PreventRequestsDuringMaintenance.php(99): Illuminate\\Pipeline\\Pipeline->Illuminate\\Pipeline\\{closure}(Object(Illuminate\\Http\\Request))
#41 C:\\Users\\evaa2\\OneDrive\\Escritorio\\EvaluaPro\\evaluaPro\\vendor\\laravel\\framework\\src\\Illuminate\\Pipeline\\Pipeline.php(183): Illuminate\\Foundation\\Http\\Middleware\\PreventRequestsDuringMaintenance->handle(Object(Illuminate\\Http\\Request), Object(Closure))
#42 C:\\Users\\evaa2\\OneDrive\\Escritorio\\EvaluaPro\\evaluaPro\\vendor\\laravel\\framework\\src\\Illuminate\\Http\\Middleware\\HandleCors.php(49): Illuminate\\Pipeline\\Pipeline->Illuminate\\Pipeline\\{closure}(Object(Illuminate\\Http\\Request))
#43 C:\\Users\\evaa2\\OneDrive\\Escritorio\\EvaluaPro\\evaluaPro\\vendor\\laravel\\framework\\src\\Illuminate\\Pipeline\\Pipeline.php(183): Illuminate\\Http\\Middleware\\HandleCors->handle(Object(Illuminate\\Http\\Request), Object(Closure))
#44 C:\\Users\\evaa2\\OneDrive\\Escritorio\\EvaluaPro\\evaluaPro\\vendor\\laravel\\framework\\src\\Illuminate\\Http\\Middleware\\TrustProxies.php(39): Illuminate\\Pipeline\\Pipeline->Illuminate\\Pipeline\\{closure}(Object(Illuminate\\Http\\Request))
#45 C:\\Users\\evaa2\\OneDrive\\Escritorio\\EvaluaPro\\evaluaPro\\vendor\\laravel\\framework\\src\\Illuminate\\Pipeline\\Pipeline.php(183): Illuminate\\Http\\Middleware\\TrustProxies->handle(Object(Illuminate\\Http\\Request), Object(Closure))
#46 C:\\Users\\evaa2\\OneDrive\\Escritorio\\EvaluaPro\\evaluaPro\\vendor\\laravel\\framework\\src\\Illuminate\\Pipeline\\Pipeline.php(119): Illuminate\\Pipeline\\Pipeline->Illuminate\\Pipeline\\{closure}(Object(Illuminate\\Http\\Request))
#47 C:\\Users\\evaa2\\OneDrive\\Escritorio\\EvaluaPro\\evaluaPro\\vendor\\laravel\\framework\\src\\Illuminate\\Foundation\\Http\\Kernel.php(175): Illuminate\\Pipeline\\Pipeline->then(Object(Closure))
#48 C:\\Users\\evaa2\\OneDrive\\Escritorio\\EvaluaPro\\evaluaPro\\vendor\\laravel\\framework\\src\\Illuminate\\Foundation\\Http\\Kernel.php(144): Illuminate\\Foundation\\Http\\Kernel->sendRequestThroughRouter(Object(Illuminate\\Http\\Request))
#49 C:\\Users\\evaa2\\OneDrive\\Escritorio\\EvaluaPro\\evaluaPro\\public\\index.php(51): Illuminate\\Foundation\\Http\\Kernel->handle(Object(Illuminate\\Http\\Request))
#50 C:\\Users\\evaa2\\OneDrive\\Escritorio\\EvaluaPro\\evaluaPro\\vendor\\laravel\\framework\\src\\Illuminate\\Foundation\\resources\\server.php(16): require_once('C:\\\\Users\\\\evaa2\\\\...')
#51 {main}
"} 
[2025-08-14 19:54:53] local.ERROR: Attempt to read property "idReticula" on null {"userId":"Damaris","exception":"[object] (ErrorException(code: 0): Attempt to read property \"idReticula\" on null at C:\\Users\\evaa2\\OneDrive\\Escritorio\\EvaluaPro\\evaluaPro\\app\\Http\\Controllers\\UsuarioController.php:92)
[stacktrace]
#0 C:\\Users\\evaa2\\OneDrive\\Escritorio\\EvaluaPro\\evaluaPro\\vendor\\laravel\\framework\\src\\Illuminate\\Foundation\\Bootstrap\\HandleExceptions.php(255): Illuminate\\Foundation\\Bootstrap\\HandleExceptions->handleError(2, 'Attempt to read...', 'C:\\\\Users\\\\evaa2\\\\...', 92)
#1 C:\\Users\\evaa2\\OneDrive\\Escritorio\\EvaluaPro\\evaluaPro\\app\\Http\\Controllers\\UsuarioController.php(92): Illuminate\\Foundation\\Bootstrap\\HandleExceptions->Illuminate\\Foundation\\Bootstrap\\{closure}(2, 'Attempt to read...', 'C:\\\\Users\\\\evaa2\\\\...', 92)
#2 C:\\Users\\evaa2\\OneDrive\\Escritorio\\EvaluaPro\\evaluaPro\\vendor\\laravel\\framework\\src\\Illuminate\\Routing\\Controller.php(54): App\\Http\\Controllers\\UsuarioController->index()
#3 C:\\Users\\evaa2\\OneDrive\\Escritorio\\EvaluaPro\\evaluaPro\\vendor\\laravel\\framework\\src\\Illuminate\\Routing\\ControllerDispatcher.php(43): Illuminate\\Routing\\Controller->callAction('index', Array)
#4 C:\\Users\\evaa2\\OneDrive\\Escritorio\\EvaluaPro\\evaluaPro\\vendor\\laravel\\framework\\src\\Illuminate\\Routing\\Route.php(259): Illuminate\\Routing\\ControllerDispatcher->dispatch(Object(Illuminate\\Routing\\Route), Object(App\\Http\\Controllers\\UsuarioController), 'index')
#5 C:\\Users\\evaa2\\OneDrive\\Escritorio\\EvaluaPro\\evaluaPro\\vendor\\laravel\\framework\\src\\Illuminate\\Routing\\Route.php(205): Illuminate\\Routing\\Route->runController()
#6 C:\\Users\\evaa2\\OneDrive\\Escritorio\\EvaluaPro\\evaluaPro\\vendor\\laravel\\framework\\src\\Illuminate\\Routing\\Router.php(806): Illuminate\\Routing\\Route->run()
#7 C:\\Users\\evaa2\\OneDrive\\Escritorio\\EvaluaPro\\evaluaPro\\vendor\\laravel\\framework\\src\\Illuminate\\Pipeline\\Pipeline.php(144): Illuminate\\Routing\\Router->Illuminate\\Routing\\{closure}(Object(Illuminate\\Http\\Request))
#8 C:\\Users\\evaa2\\OneDrive\\Escritorio\\EvaluaPro\\evaluaPro\\app\\Http\\Middleware\\RolMiddleware.php(21): Illuminate\\Pipeline\\Pipeline->Illuminate\\Pipeline\\{closure}(Object(Illuminate\\Http\\Request))
#9 C:\\Users\\evaa2\\OneDrive\\Escritorio\\EvaluaPro\\evaluaPro\\vendor\\laravel\\framework\\src\\Illuminate\\Pipeline\\Pipeline.php(183): App\\Http\\Middleware\\RolMiddleware->handle(Object(Illuminate\\Http\\Request), Object(Closure), 'admin', 'capacitador', 'usuario')
#10 C:\\Users\\evaa2\\OneDrive\\Escritorio\\EvaluaPro\\evaluaPro\\vendor\\laravel\\framework\\src\\Illuminate\\Routing\\Middleware\\SubstituteBindings.php(50): Illuminate\\Pipeline\\Pipeline->Illuminate\\Pipeline\\{closure}(Object(Illuminate\\Http\\Request))
#11 C:\\Users\\evaa2\\OneDrive\\Escritorio\\EvaluaPro\\evaluaPro\\vendor\\laravel\\framework\\src\\Illuminate\\Pipeline\\Pipeline.php(183): Illuminate\\Routing\\Middleware\\SubstituteBindings->handle(Object(Illuminate\\Http\\Request), Object(Closure))
#12 C:\\Users\\evaa2\\OneDrive\\Escritorio\\EvaluaPro\\evaluaPro\\vendor\\laravel\\framework\\src\\Illuminate\\Auth\\Middleware\\Authenticate.php(57): Illuminate\\Pipeline\\Pipeline->Illuminate\\Pipeline\\{closure}(Object(Illuminate\\Http\\Request))
#13 C:\\Users\\evaa2\\OneDrive\\Escritorio\\EvaluaPro\\evaluaPro\\vendor\\laravel\\framework\\src\\Illuminate\\Pipeline\\Pipeline.php(183): Illuminate\\Auth\\Middleware\\Authenticate->handle(Object(Illuminate\\Http\\Request), Object(Closure))
#14 C:\\Users\\evaa2\\OneDrive\\Escritorio\\EvaluaPro\\evaluaPro\\vendor\\laravel\\framework\\src\\Illuminate\\Foundation\\Http\\Middleware\\VerifyCsrfToken.php(78): Illuminate\\Pipeline\\Pipeline->Illuminate\\Pipeline\\{closure}(Object(Illuminate\\Http\\Request))
#15 C:\\Users\\evaa2\\OneDrive\\Escritorio\\EvaluaPro\\evaluaPro\\vendor\\laravel\\framework\\src\\Illuminate\\Pipeline\\Pipeline.php(183): Illuminate\\Foundation\\Http\\Middleware\\VerifyCsrfToken->handle(Object(Illuminate\\Http\\Request), Object(Closure))
#16 C:\\Users\\evaa2\\OneDrive\\Escritorio\\EvaluaPro\\evaluaPro\\vendor\\laravel\\framework\\src\\Illuminate\\View\\Middleware\\ShareErrorsFromSession.php(49): Illuminate\\Pipeline\\Pipeline->Illuminate\\Pipeline\\{closure}(Object(Illuminate\\Http\\Request))
#17 C:\\Users\\evaa2\\OneDrive\\Escritorio\\EvaluaPro\\evaluaPro\\vendor\\laravel\\framework\\src\\Illuminate\\Pipeline\\Pipeline.php(183): Illuminate\\View\\Middleware\\ShareErrorsFromSession->handle(Object(Illuminate\\Http\\Request), Object(Closure))
#18 C:\\Users\\evaa2\\OneDrive\\Escritorio\\EvaluaPro\\evaluaPro\\vendor\\laravel\\framework\\src\\Illuminate\\Session\\Middleware\\StartSession.php(121): Illuminate\\Pipeline\\Pipeline->Illuminate\\Pipeline\\{closure}(Object(Illuminate\\Http\\Request))
#19 C:\\Users\\evaa2\\OneDrive\\Escritorio\\EvaluaPro\\evaluaPro\\vendor\\laravel\\framework\\src\\Illuminate\\Session\\Middleware\\StartSession.php(64): Illuminate\\Session\\Middleware\\StartSession->handleStatefulRequest(Object(Illuminate\\Http\\Request), Object(Illuminate\\Session\\Store), Object(Closure))
#20 C:\\Users\\evaa2\\OneDrive\\Escritorio\\EvaluaPro\\evaluaPro\\vendor\\laravel\\framework\\src\\Illuminate\\Pipeline\\Pipeline.php(183): Illuminate\\Session\\Middleware\\StartSession->handle(Object(Illuminate\\Http\\Request), Object(Closure))
#21 C:\\Users\\evaa2\\OneDrive\\Escritorio\\EvaluaPro\\evaluaPro\\vendor\\laravel\\framework\\src\\Illuminate\\Cookie\\Middleware\\AddQueuedCookiesToResponse.php(37): Illuminate\\Pipeline\\Pipeline->Illuminate\\Pipeline\\{closure}(Object(Illuminate\\Http\\Request))
#22 C:\\Users\\evaa2\\OneDrive\\Escritorio\\EvaluaPro\\evaluaPro\\vendor\\laravel\\framework\\src\\Illuminate\\Pipeline\\Pipeline.php(183): Illuminate\\Cookie\\Middleware\\AddQueuedCookiesToResponse->handle(Object(Illuminate\\Http\\Request), Object(Closure))
#23 C:\\Users\\evaa2\\OneDrive\\Escritorio\\EvaluaPro\\evaluaPro\\vendor\\laravel\\framework\\src\\Illuminate\\Cookie\\Middleware\\EncryptCookies.php(67): Illuminate\\Pipeline\\Pipeline->Illuminate\\Pipeline\\{closure}(Object(Illuminate\\Http\\Request))
#24 C:\\Users\\evaa2\\OneDrive\\Escritorio\\EvaluaPro\\evaluaPro\\vendor\\laravel\\framework\\src\\Illuminate\\Pipeline\\Pipeline.php(183): Illuminate\\Cookie\\Middleware\\EncryptCookies->handle(Object(Illuminate\\Http\\Request), Object(Closure))
#25 C:\\Users\\evaa2\\OneDrive\\Escritorio\\EvaluaPro\\evaluaPro\\vendor\\laravel\\framework\\src\\Illuminate\\Pipeline\\Pipeline.php(119): Illuminate\\Pipeline\\Pipeline->Illuminate\\Pipeline\\{closure}(Object(Illuminate\\Http\\Request))
#26 C:\\Users\\evaa2\\OneDrive\\Escritorio\\EvaluaPro\\evaluaPro\\vendor\\laravel\\framework\\src\\Illuminate\\Routing\\Router.php(805): Illuminate\\Pipeline\\Pipeline->then(Object(Closure))
#27 C:\\Users\\evaa2\\OneDrive\\Escritorio\\EvaluaPro\\evaluaPro\\vendor\\laravel\\framework\\src\\Illuminate\\Routing\\Router.php(784): Illuminate\\Routing\\Router->runRouteWithinStack(Object(Illuminate\\Routing\\Route), Object(Illuminate\\Http\\Request))
#28 C:\\Users\\evaa2\\OneDrive\\Escritorio\\EvaluaPro\\evaluaPro\\vendor\\laravel\\framework\\src\\Illuminate\\Routing\\Router.php(748): Illuminate\\Routing\\Router->runRoute(Object(Illuminate\\Http\\Request), Object(Illuminate\\Routing\\Route))
#29 C:\\Users\\evaa2\\OneDrive\\Escritorio\\EvaluaPro\\evaluaPro\\vendor\\laravel\\framework\\src\\Illuminate\\Routing\\Router.php(737): Illuminate\\Routing\\Router->dispatchToRoute(Object(Illuminate\\Http\\Request))
#30 C:\\Users\\evaa2\\OneDrive\\Escritorio\\EvaluaPro\\evaluaPro\\vendor\\laravel\\framework\\src\\Illuminate\\Foundation\\Http\\Kernel.php(200): Illuminate\\Routing\\Router->dispatch(Object(Illuminate\\Http\\Request))
#31 C:\\Users\\evaa2\\OneDrive\\Escritorio\\EvaluaPro\\evaluaPro\\vendor\\laravel\\framework\\src\\Illuminate\\Pipeline\\Pipeline.php(144): Illuminate\\Foundation\\Http\\Kernel->Illuminate\\Foundation\\Http\\{closure}(Object(Illuminate\\Http\\Request))
#32 C:\\Users\\evaa2\\OneDrive\\Escritorio\\EvaluaPro\\evaluaPro\\vendor\\laravel\\framework\\src\\Illuminate\\Foundation\\Http\\Middleware\\TransformsRequest.php(21): Illuminate\\Pipeline\\Pipeline->Illuminate\\Pipeline\\{closure}(Object(Illuminate\\Http\\Request))
#33 C:\\Users\\evaa2\\OneDrive\\Escritorio\\EvaluaPro\\evaluaPro\\vendor\\laravel\\framework\\src\\Illuminate\\Foundation\\Http\\Middleware\\ConvertEmptyStringsToNull.php(31): Illuminate\\Foundation\\Http\\Middleware\\TransformsRequest->handle(Object(Illuminate\\Http\\Request), Object(Closure))
#34 C:\\Users\\evaa2\\OneDrive\\Escritorio\\EvaluaPro\\evaluaPro\\vendor\\laravel\\framework\\src\\Illuminate\\Pipeline\\Pipeline.php(183): Illuminate\\Foundation\\Http\\Middleware\\ConvertEmptyStringsToNull->handle(Object(Illuminate\\Http\\Request), Object(Closure))
#35 C:\\Users\\evaa2\\OneDrive\\Escritorio\\EvaluaPro\\evaluaPro\\vendor\\laravel\\framework\\src\\Illuminate\\Foundation\\Http\\Middleware\\TransformsRequest.php(21): Illuminate\\Pipeline\\Pipeline->Illuminate\\Pipeline\\{closure}(Object(Illuminate\\Http\\Request))
#36 C:\\Users\\evaa2\\OneDrive\\Escritorio\\EvaluaPro\\evaluaPro\\vendor\\laravel\\framework\\src\\Illuminate\\Foundation\\Http\\Middleware\\TrimStrings.php(40): Illuminate\\Foundation\\Http\\Middleware\\TransformsRequest->handle(Object(Illuminate\\Http\\Request), Object(Closure))
#37 C:\\Users\\evaa2\\OneDrive\\Escritorio\\EvaluaPro\\evaluaPro\\vendor\\laravel\\framework\\src\\Illuminate\\Pipeline\\Pipeline.php(183): Illuminate\\Foundation\\Http\\Middleware\\TrimStrings->handle(Object(Illuminate\\Http\\Request), Object(Closure))
#38 C:\\Users\\evaa2\\OneDrive\\Escritorio\\EvaluaPro\\evaluaPro\\vendor\\laravel\\framework\\src\\Illuminate\\Foundation\\Http\\Middleware\\ValidatePostSize.php(27): Illuminate\\Pipeline\\Pipeline->Illuminate\\Pipeline\\{closure}(Object(Illuminate\\Http\\Request))
#39 C:\\Users\\evaa2\\OneDrive\\Escritorio\\EvaluaPro\\evaluaPro\\vendor\\laravel\\framework\\src\\Illuminate\\Pipeline\\Pipeline.php(183): Illuminate\\Foundation\\Http\\Middleware\\ValidatePostSize->handle(Object(Illuminate\\Http\\Request), Object(Closure))
#40 C:\\Users\\evaa2\\OneDrive\\Escritorio\\EvaluaPro\\evaluaPro\\vendor\\laravel\\framework\\src\\Illuminate\\Foundation\\Http\\Middleware\\PreventRequestsDuringMaintenance.php(99): Illuminate\\Pipeline\\Pipeline->Illuminate\\Pipeline\\{closure}(Object(Illuminate\\Http\\Request))
#41 C:\\Users\\evaa2\\OneDrive\\Escritorio\\EvaluaPro\\evaluaPro\\vendor\\laravel\\framework\\src\\Illuminate\\Pipeline\\Pipeline.php(183): Illuminate\\Foundation\\Http\\Middleware\\PreventRequestsDuringMaintenance->handle(Object(Illuminate\\Http\\Request), Object(Closure))
#42 C:\\Users\\evaa2\\OneDrive\\Escritorio\\EvaluaPro\\evaluaPro\\vendor\\laravel\\framework\\src\\Illuminate\\Http\\Middleware\\HandleCors.php(49): Illuminate\\Pipeline\\Pipeline->Illuminate\\Pipeline\\{closure}(Object(Illuminate\\Http\\Request))
#43 C:\\Users\\evaa2\\OneDrive\\Escritorio\\EvaluaPro\\evaluaPro\\vendor\\laravel\\framework\\src\\Illuminate\\Pipeline\\Pipeline.php(183): Illuminate\\Http\\Middleware\\HandleCors->handle(Object(Illuminate\\Http\\Request), Object(Closure))
#44 C:\\Users\\evaa2\\OneDrive\\Escritorio\\EvaluaPro\\evaluaPro\\vendor\\laravel\\framework\\src\\Illuminate\\Http\\Middleware\\TrustProxies.php(39): Illuminate\\Pipeline\\Pipeline->Illuminate\\Pipeline\\{closure}(Object(Illuminate\\Http\\Request))
#45 C:\\Users\\evaa2\\OneDrive\\Escritorio\\EvaluaPro\\evaluaPro\\vendor\\laravel\\framework\\src\\Illuminate\\Pipeline\\Pipeline.php(183): Illuminate\\Http\\Middleware\\TrustProxies->handle(Object(Illuminate\\Http\\Request), Object(Closure))
#46 C:\\Users\\evaa2\\OneDrive\\Escritorio\\EvaluaPro\\evaluaPro\\vendor\\laravel\\framework\\src\\Illuminate\\Pipeline\\Pipeline.php(119): Illuminate\\Pipeline\\Pipeline->Illuminate\\Pipeline\\{closure}(Object(Illuminate\\Http\\Request))
#47 C:\\Users\\evaa2\\OneDrive\\Escritorio\\EvaluaPro\\evaluaPro\\vendor\\laravel\\framework\\src\\Illuminate\\Foundation\\Http\\Kernel.php(175): Illuminate\\Pipeline\\Pipeline->then(Object(Closure))
#48 C:\\Users\\evaa2\\OneDrive\\Escritorio\\EvaluaPro\\evaluaPro\\vendor\\laravel\\framework\\src\\Illuminate\\Foundation\\Http\\Kernel.php(144): Illuminate\\Foundation\\Http\\Kernel->sendRequestThroughRouter(Object(Illuminate\\Http\\Request))
#49 C:\\Users\\evaa2\\OneDrive\\Escritorio\\EvaluaPro\\evaluaPro\\public\\index.php(51): Illuminate\\Foundation\\Http\\Kernel->handle(Object(Illuminate\\Http\\Request))
#50 C:\\Users\\evaa2\\OneDrive\\Escritorio\\EvaluaPro\\evaluaPro\\vendor\\laravel\\framework\\src\\Illuminate\\Foundation\\resources\\server.php(16): require_once('C:\\\\Users\\\\evaa2\\\\...')
#51 {main}
"} 
[2025-08-14 19:54:56] local.ERROR: Attempt to read property "idReticula" on null {"userId":"Damaris","exception":"[object] (ErrorException(code: 0): Attempt to read property \"idReticula\" on null at C:\\Users\\evaa2\\OneDrive\\Escritorio\\EvaluaPro\\evaluaPro\\app\\Http\\Controllers\\UsuarioController.php:92)
[stacktrace]
#0 C:\\Users\\evaa2\\OneDrive\\Escritorio\\EvaluaPro\\evaluaPro\\vendor\\laravel\\framework\\src\\Illuminate\\Foundation\\Bootstrap\\HandleExceptions.php(255): Illuminate\\Foundation\\Bootstrap\\HandleExceptions->handleError(2, 'Attempt to read...', 'C:\\\\Users\\\\evaa2\\\\...', 92)
#1 C:\\Users\\evaa2\\OneDrive\\Escritorio\\EvaluaPro\\evaluaPro\\app\\Http\\Controllers\\UsuarioController.php(92): Illuminate\\Foundation\\Bootstrap\\HandleExceptions->Illuminate\\Foundation\\Bootstrap\\{closure}(2, 'Attempt to read...', 'C:\\\\Users\\\\evaa2\\\\...', 92)
#2 C:\\Users\\evaa2\\OneDrive\\Escritorio\\EvaluaPro\\evaluaPro\\vendor\\laravel\\framework\\src\\Illuminate\\Routing\\Controller.php(54): App\\Http\\Controllers\\UsuarioController->index()
#3 C:\\Users\\evaa2\\OneDrive\\Escritorio\\EvaluaPro\\evaluaPro\\vendor\\laravel\\framework\\src\\Illuminate\\Routing\\ControllerDispatcher.php(43): Illuminate\\Routing\\Controller->callAction('index', Array)
#4 C:\\Users\\evaa2\\OneDrive\\Escritorio\\EvaluaPro\\evaluaPro\\vendor\\laravel\\framework\\src\\Illuminate\\Routing\\Route.php(259): Illuminate\\Routing\\ControllerDispatcher->dispatch(Object(Illuminate\\Routing\\Route), Object(App\\Http\\Controllers\\UsuarioController), 'index')
#5 C:\\Users\\evaa2\\OneDrive\\Escritorio\\EvaluaPro\\evaluaPro\\vendor\\laravel\\framework\\src\\Illuminate\\Routing\\Route.php(205): Illuminate\\Routing\\Route->runController()
#6 C:\\Users\\evaa2\\OneDrive\\Escritorio\\EvaluaPro\\evaluaPro\\vendor\\laravel\\framework\\src\\Illuminate\\Routing\\Router.php(806): Illuminate\\Routing\\Route->run()
#7 C:\\Users\\evaa2\\OneDrive\\Escritorio\\EvaluaPro\\evaluaPro\\vendor\\laravel\\framework\\src\\Illuminate\\Pipeline\\Pipeline.php(144): Illuminate\\Routing\\Router->Illuminate\\Routing\\{closure}(Object(Illuminate\\Http\\Request))
#8 C:\\Users\\evaa2\\OneDrive\\Escritorio\\EvaluaPro\\evaluaPro\\app\\Http\\Middleware\\RolMiddleware.php(21): Illuminate\\Pipeline\\Pipeline->Illuminate\\Pipeline\\{closure}(Object(Illuminate\\Http\\Request))
#9 C:\\Users\\evaa2\\OneDrive\\Escritorio\\EvaluaPro\\evaluaPro\\vendor\\laravel\\framework\\src\\Illuminate\\Pipeline\\Pipeline.php(183): App\\Http\\Middleware\\RolMiddleware->handle(Object(Illuminate\\Http\\Request), Object(Closure), 'admin', 'capacitador', 'usuario')
#10 C:\\Users\\evaa2\\OneDrive\\Escritorio\\EvaluaPro\\evaluaPro\\vendor\\laravel\\framework\\src\\Illuminate\\Routing\\Middleware\\SubstituteBindings.php(50): Illuminate\\Pipeline\\Pipeline->Illuminate\\Pipeline\\{closure}(Object(Illuminate\\Http\\Request))
#11 C:\\Users\\evaa2\\OneDrive\\Escritorio\\EvaluaPro\\evaluaPro\\vendor\\laravel\\framework\\src\\Illuminate\\Pipeline\\Pipeline.php(183): Illuminate\\Routing\\Middleware\\SubstituteBindings->handle(Object(Illuminate\\Http\\Request), Object(Closure))
#12 C:\\Users\\evaa2\\OneDrive\\Escritorio\\EvaluaPro\\evaluaPro\\vendor\\laravel\\framework\\src\\Illuminate\\Auth\\Middleware\\Authenticate.php(57): Illuminate\\Pipeline\\Pipeline->Illuminate\\Pipeline\\{closure}(Object(Illuminate\\Http\\Request))
#13 C:\\Users\\evaa2\\OneDrive\\Escritorio\\EvaluaPro\\evaluaPro\\vendor\\laravel\\framework\\src\\Illuminate\\Pipeline\\Pipeline.php(183): Illuminate\\Auth\\Middleware\\Authenticate->handle(Object(Illuminate\\Http\\Request), Object(Closure))
#14 C:\\Users\\evaa2\\OneDrive\\Escritorio\\EvaluaPro\\evaluaPro\\vendor\\laravel\\framework\\src\\Illuminate\\Foundation\\Http\\Middleware\\VerifyCsrfToken.php(78): Illuminate\\Pipeline\\Pipeline->Illuminate\\Pipeline\\{closure}(Object(Illuminate\\Http\\Request))
#15 C:\\Users\\evaa2\\OneDrive\\Escritorio\\EvaluaPro\\evaluaPro\\vendor\\laravel\\framework\\src\\Illuminate\\Pipeline\\Pipeline.php(183): Illuminate\\Foundation\\Http\\Middleware\\VerifyCsrfToken->handle(Object(Illuminate\\Http\\Request), Object(Closure))
#16 C:\\Users\\evaa2\\OneDrive\\Escritorio\\EvaluaPro\\evaluaPro\\vendor\\laravel\\framework\\src\\Illuminate\\View\\Middleware\\ShareErrorsFromSession.php(49): Illuminate\\Pipeline\\Pipeline->Illuminate\\Pipeline\\{closure}(Object(Illuminate\\Http\\Request))
#17 C:\\Users\\evaa2\\OneDrive\\Escritorio\\EvaluaPro\\evaluaPro\\vendor\\laravel\\framework\\src\\Illuminate\\Pipeline\\Pipeline.php(183): Illuminate\\View\\Middleware\\ShareErrorsFromSession->handle(Object(Illuminate\\Http\\Request), Object(Closure))
#18 C:\\Users\\evaa2\\OneDrive\\Escritorio\\EvaluaPro\\evaluaPro\\vendor\\laravel\\framework\\src\\Illuminate\\Session\\Middleware\\StartSession.php(121): Illuminate\\Pipeline\\Pipeline->Illuminate\\Pipeline\\{closure}(Object(Illuminate\\Http\\Request))
#19 C:\\Users\\evaa2\\OneDrive\\Escritorio\\EvaluaPro\\evaluaPro\\vendor\\laravel\\framework\\src\\Illuminate\\Session\\Middleware\\StartSession.php(64): Illuminate\\Session\\Middleware\\StartSession->handleStatefulRequest(Object(Illuminate\\Http\\Request), Object(Illuminate\\Session\\Store), Object(Closure))
#20 C:\\Users\\evaa2\\OneDrive\\Escritorio\\EvaluaPro\\evaluaPro\\vendor\\laravel\\framework\\src\\Illuminate\\Pipeline\\Pipeline.php(183): Illuminate\\Session\\Middleware\\StartSession->handle(Object(Illuminate\\Http\\Request), Object(Closure))
#21 C:\\Users\\evaa2\\OneDrive\\Escritorio\\EvaluaPro\\evaluaPro\\vendor\\laravel\\framework\\src\\Illuminate\\Cookie\\Middleware\\AddQueuedCookiesToResponse.php(37): Illuminate\\Pipeline\\Pipeline->Illuminate\\Pipeline\\{closure}(Object(Illuminate\\Http\\Request))
#22 C:\\Users\\evaa2\\OneDrive\\Escritorio\\EvaluaPro\\evaluaPro\\vendor\\laravel\\framework\\src\\Illuminate\\Pipeline\\Pipeline.php(183): Illuminate\\Cookie\\Middleware\\AddQueuedCookiesToResponse->handle(Object(Illuminate\\Http\\Request), Object(Closure))
#23 C:\\Users\\evaa2\\OneDrive\\Escritorio\\EvaluaPro\\evaluaPro\\vendor\\laravel\\framework\\src\\Illuminate\\Cookie\\Middleware\\EncryptCookies.php(67): Illuminate\\Pipeline\\Pipeline->Illuminate\\Pipeline\\{closure}(Object(Illuminate\\Http\\Request))
#24 C:\\Users\\evaa2\\OneDrive\\Escritorio\\EvaluaPro\\evaluaPro\\vendor\\laravel\\framework\\src\\Illuminate\\Pipeline\\Pipeline.php(183): Illuminate\\Cookie\\Middleware\\EncryptCookies->handle(Object(Illuminate\\Http\\Request), Object(Closure))
#25 C:\\Users\\evaa2\\OneDrive\\Escritorio\\EvaluaPro\\evaluaPro\\vendor\\laravel\\framework\\src\\Illuminate\\Pipeline\\Pipeline.php(119): Illuminate\\Pipeline\\Pipeline->Illuminate\\Pipeline\\{closure}(Object(Illuminate\\Http\\Request))
#26 C:\\Users\\evaa2\\OneDrive\\Escritorio\\EvaluaPro\\evaluaPro\\vendor\\laravel\\framework\\src\\Illuminate\\Routing\\Router.php(805): Illuminate\\Pipeline\\Pipeline->then(Object(Closure))
#27 C:\\Users\\evaa2\\OneDrive\\Escritorio\\EvaluaPro\\evaluaPro\\vendor\\laravel\\framework\\src\\Illuminate\\Routing\\Router.php(784): Illuminate\\Routing\\Router->runRouteWithinStack(Object(Illuminate\\Routing\\Route), Object(Illuminate\\Http\\Request))
#28 C:\\Users\\evaa2\\OneDrive\\Escritorio\\EvaluaPro\\evaluaPro\\vendor\\laravel\\framework\\src\\Illuminate\\Routing\\Router.php(748): Illuminate\\Routing\\Router->runRoute(Object(Illuminate\\Http\\Request), Object(Illuminate\\Routing\\Route))
#29 C:\\Users\\evaa2\\OneDrive\\Escritorio\\EvaluaPro\\evaluaPro\\vendor\\laravel\\framework\\src\\Illuminate\\Routing\\Router.php(737): Illuminate\\Routing\\Router->dispatchToRoute(Object(Illuminate\\Http\\Request))
#30 C:\\Users\\evaa2\\OneDrive\\Escritorio\\EvaluaPro\\evaluaPro\\vendor\\laravel\\framework\\src\\Illuminate\\Foundation\\Http\\Kernel.php(200): Illuminate\\Routing\\Router->dispatch(Object(Illuminate\\Http\\Request))
#31 C:\\Users\\evaa2\\OneDrive\\Escritorio\\EvaluaPro\\evaluaPro\\vendor\\laravel\\framework\\src\\Illuminate\\Pipeline\\Pipeline.php(144): Illuminate\\Foundation\\Http\\Kernel->Illuminate\\Foundation\\Http\\{closure}(Object(Illuminate\\Http\\Request))
#32 C:\\Users\\evaa2\\OneDrive\\Escritorio\\EvaluaPro\\evaluaPro\\vendor\\laravel\\framework\\src\\Illuminate\\Foundation\\Http\\Middleware\\TransformsRequest.php(21): Illuminate\\Pipeline\\Pipeline->Illuminate\\Pipeline\\{closure}(Object(Illuminate\\Http\\Request))
#33 C:\\Users\\evaa2\\OneDrive\\Escritorio\\EvaluaPro\\evaluaPro\\vendor\\laravel\\framework\\src\\Illuminate\\Foundation\\Http\\Middleware\\ConvertEmptyStringsToNull.php(31): Illuminate\\Foundation\\Http\\Middleware\\TransformsRequest->handle(Object(Illuminate\\Http\\Request), Object(Closure))
#34 C:\\Users\\evaa2\\OneDrive\\Escritorio\\EvaluaPro\\evaluaPro\\vendor\\laravel\\framework\\src\\Illuminate\\Pipeline\\Pipeline.php(183): Illuminate\\Foundation\\Http\\Middleware\\ConvertEmptyStringsToNull->handle(Object(Illuminate\\Http\\Request), Object(Closure))
#35 C:\\Users\\evaa2\\OneDrive\\Escritorio\\EvaluaPro\\evaluaPro\\vendor\\laravel\\framework\\src\\Illuminate\\Foundation\\Http\\Middleware\\TransformsRequest.php(21): Illuminate\\Pipeline\\Pipeline->Illuminate\\Pipeline\\{closure}(Object(Illuminate\\Http\\Request))
#36 C:\\Users\\evaa2\\OneDrive\\Escritorio\\EvaluaPro\\evaluaPro\\vendor\\laravel\\framework\\src\\Illuminate\\Foundation\\Http\\Middleware\\TrimStrings.php(40): Illuminate\\Foundation\\Http\\Middleware\\TransformsRequest->handle(Object(Illuminate\\Http\\Request), Object(Closure))
#37 C:\\Users\\evaa2\\OneDrive\\Escritorio\\EvaluaPro\\evaluaPro\\vendor\\laravel\\framework\\src\\Illuminate\\Pipeline\\Pipeline.php(183): Illuminate\\Foundation\\Http\\Middleware\\TrimStrings->handle(Object(Illuminate\\Http\\Request), Object(Closure))
#38 C:\\Users\\evaa2\\OneDrive\\Escritorio\\EvaluaPro\\evaluaPro\\vendor\\laravel\\framework\\src\\Illuminate\\Foundation\\Http\\Middleware\\ValidatePostSize.php(27): Illuminate\\Pipeline\\Pipeline->Illuminate\\Pipeline\\{closure}(Object(Illuminate\\Http\\Request))
#39 C:\\Users\\evaa2\\OneDrive\\Escritorio\\EvaluaPro\\evaluaPro\\vendor\\laravel\\framework\\src\\Illuminate\\Pipeline\\Pipeline.php(183): Illuminate\\Foundation\\Http\\Middleware\\ValidatePostSize->handle(Object(Illuminate\\Http\\Request), Object(Closure))
#40 C:\\Users\\evaa2\\OneDrive\\Escritorio\\EvaluaPro\\evaluaPro\\vendor\\laravel\\framework\\src\\Illuminate\\Foundation\\Http\\Middleware\\PreventRequestsDuringMaintenance.php(99): Illuminate\\Pipeline\\Pipeline->Illuminate\\Pipeline\\{closure}(Object(Illuminate\\Http\\Request))
#41 C:\\Users\\evaa2\\OneDrive\\Escritorio\\EvaluaPro\\evaluaPro\\vendor\\laravel\\framework\\src\\Illuminate\\Pipeline\\Pipeline.php(183): Illuminate\\Foundation\\Http\\Middleware\\PreventRequestsDuringMaintenance->handle(Object(Illuminate\\Http\\Request), Object(Closure))
#42 C:\\Users\\evaa2\\OneDrive\\Escritorio\\EvaluaPro\\evaluaPro\\vendor\\laravel\\framework\\src\\Illuminate\\Http\\Middleware\\HandleCors.php(49): Illuminate\\Pipeline\\Pipeline->Illuminate\\Pipeline\\{closure}(Object(Illuminate\\Http\\Request))
#43 C:\\Users\\evaa2\\OneDrive\\Escritorio\\EvaluaPro\\evaluaPro\\vendor\\laravel\\framework\\src\\Illuminate\\Pipeline\\Pipeline.php(183): Illuminate\\Http\\Middleware\\HandleCors->handle(Object(Illuminate\\Http\\Request), Object(Closure))
#44 C:\\Users\\evaa2\\OneDrive\\Escritorio\\EvaluaPro\\evaluaPro\\vendor\\laravel\\framework\\src\\Illuminate\\Http\\Middleware\\TrustProxies.php(39): Illuminate\\Pipeline\\Pipeline->Illuminate\\Pipeline\\{closure}(Object(Illuminate\\Http\\Request))
#45 C:\\Users\\evaa2\\OneDrive\\Escritorio\\EvaluaPro\\evaluaPro\\vendor\\laravel\\framework\\src\\Illuminate\\Pipeline\\Pipeline.php(183): Illuminate\\Http\\Middleware\\TrustProxies->handle(Object(Illuminate\\Http\\Request), Object(Closure))
#46 C:\\Users\\evaa2\\OneDrive\\Escritorio\\EvaluaPro\\evaluaPro\\vendor\\laravel\\framework\\src\\Illuminate\\Pipeline\\Pipeline.php(119): Illuminate\\Pipeline\\Pipeline->Illuminate\\Pipeline\\{closure}(Object(Illuminate\\Http\\Request))
#47 C:\\Users\\evaa2\\OneDrive\\Escritorio\\EvaluaPro\\evaluaPro\\vendor\\laravel\\framework\\src\\Illuminate\\Foundation\\Http\\Kernel.php(175): Illuminate\\Pipeline\\Pipeline->then(Object(Closure))
#48 C:\\Users\\evaa2\\OneDrive\\Escritorio\\EvaluaPro\\evaluaPro\\vendor\\laravel\\framework\\src\\Illuminate\\Foundation\\Http\\Kernel.php(144): Illuminate\\Foundation\\Http\\Kernel->sendRequestThroughRouter(Object(Illuminate\\Http\\Request))
#49 C:\\Users\\evaa2\\OneDrive\\Escritorio\\EvaluaPro\\evaluaPro\\public\\index.php(51): Illuminate\\Foundation\\Http\\Kernel->handle(Object(Illuminate\\Http\\Request))
#50 C:\\Users\\evaa2\\OneDrive\\Escritorio\\EvaluaPro\\evaluaPro\\vendor\\laravel\\framework\\src\\Illuminate\\Foundation\\resources\\server.php(16): require_once('C:\\\\Users\\\\evaa2\\\\...')
#51 {main}
"} 
[2025-08-14 19:55:22] local.ERROR: Attempt to read property "idReticula" on null {"userId":"Damaris","exception":"[object] (ErrorException(code: 0): Attempt to read property \"idReticula\" on null at C:\\Users\\evaa2\\OneDrive\\Escritorio\\EvaluaPro\\evaluaPro\\app\\Http\\Controllers\\UsuarioController.php:92)
[stacktrace]
#0 C:\\Users\\evaa2\\OneDrive\\Escritorio\\EvaluaPro\\evaluaPro\\vendor\\laravel\\framework\\src\\Illuminate\\Foundation\\Bootstrap\\HandleExceptions.php(255): Illuminate\\Foundation\\Bootstrap\\HandleExceptions->handleError(2, 'Attempt to read...', 'C:\\\\Users\\\\evaa2\\\\...', 92)
#1 C:\\Users\\evaa2\\OneDrive\\Escritorio\\EvaluaPro\\evaluaPro\\app\\Http\\Controllers\\UsuarioController.php(92): Illuminate\\Foundation\\Bootstrap\\HandleExceptions->Illuminate\\Foundation\\Bootstrap\\{closure}(2, 'Attempt to read...', 'C:\\\\Users\\\\evaa2\\\\...', 92)
#2 C:\\Users\\evaa2\\OneDrive\\Escritorio\\EvaluaPro\\evaluaPro\\vendor\\laravel\\framework\\src\\Illuminate\\Routing\\Controller.php(54): App\\Http\\Controllers\\UsuarioController->index()
#3 C:\\Users\\evaa2\\OneDrive\\Escritorio\\EvaluaPro\\evaluaPro\\vendor\\laravel\\framework\\src\\Illuminate\\Routing\\ControllerDispatcher.php(43): Illuminate\\Routing\\Controller->callAction('index', Array)
#4 C:\\Users\\evaa2\\OneDrive\\Escritorio\\EvaluaPro\\evaluaPro\\vendor\\laravel\\framework\\src\\Illuminate\\Routing\\Route.php(259): Illuminate\\Routing\\ControllerDispatcher->dispatch(Object(Illuminate\\Routing\\Route), Object(App\\Http\\Controllers\\UsuarioController), 'index')
#5 C:\\Users\\evaa2\\OneDrive\\Escritorio\\EvaluaPro\\evaluaPro\\vendor\\laravel\\framework\\src\\Illuminate\\Routing\\Route.php(205): Illuminate\\Routing\\Route->runController()
#6 C:\\Users\\evaa2\\OneDrive\\Escritorio\\EvaluaPro\\evaluaPro\\vendor\\laravel\\framework\\src\\Illuminate\\Routing\\Router.php(806): Illuminate\\Routing\\Route->run()
#7 C:\\Users\\evaa2\\OneDrive\\Escritorio\\EvaluaPro\\evaluaPro\\vendor\\laravel\\framework\\src\\Illuminate\\Pipeline\\Pipeline.php(144): Illuminate\\Routing\\Router->Illuminate\\Routing\\{closure}(Object(Illuminate\\Http\\Request))
#8 C:\\Users\\evaa2\\OneDrive\\Escritorio\\EvaluaPro\\evaluaPro\\app\\Http\\Middleware\\RolMiddleware.php(21): Illuminate\\Pipeline\\Pipeline->Illuminate\\Pipeline\\{closure}(Object(Illuminate\\Http\\Request))
#9 C:\\Users\\evaa2\\OneDrive\\Escritorio\\EvaluaPro\\evaluaPro\\vendor\\laravel\\framework\\src\\Illuminate\\Pipeline\\Pipeline.php(183): App\\Http\\Middleware\\RolMiddleware->handle(Object(Illuminate\\Http\\Request), Object(Closure), 'admin', 'capacitador', 'usuario')
#10 C:\\Users\\evaa2\\OneDrive\\Escritorio\\EvaluaPro\\evaluaPro\\vendor\\laravel\\framework\\src\\Illuminate\\Routing\\Middleware\\SubstituteBindings.php(50): Illuminate\\Pipeline\\Pipeline->Illuminate\\Pipeline\\{closure}(Object(Illuminate\\Http\\Request))
#11 C:\\Users\\evaa2\\OneDrive\\Escritorio\\EvaluaPro\\evaluaPro\\vendor\\laravel\\framework\\src\\Illuminate\\Pipeline\\Pipeline.php(183): Illuminate\\Routing\\Middleware\\SubstituteBindings->handle(Object(Illuminate\\Http\\Request), Object(Closure))
#12 C:\\Users\\evaa2\\OneDrive\\Escritorio\\EvaluaPro\\evaluaPro\\vendor\\laravel\\framework\\src\\Illuminate\\Auth\\Middleware\\Authenticate.php(57): Illuminate\\Pipeline\\Pipeline->Illuminate\\Pipeline\\{closure}(Object(Illuminate\\Http\\Request))
#13 C:\\Users\\evaa2\\OneDrive\\Escritorio\\EvaluaPro\\evaluaPro\\vendor\\laravel\\framework\\src\\Illuminate\\Pipeline\\Pipeline.php(183): Illuminate\\Auth\\Middleware\\Authenticate->handle(Object(Illuminate\\Http\\Request), Object(Closure))
#14 C:\\Users\\evaa2\\OneDrive\\Escritorio\\EvaluaPro\\evaluaPro\\vendor\\laravel\\framework\\src\\Illuminate\\Foundation\\Http\\Middleware\\VerifyCsrfToken.php(78): Illuminate\\Pipeline\\Pipeline->Illuminate\\Pipeline\\{closure}(Object(Illuminate\\Http\\Request))
#15 C:\\Users\\evaa2\\OneDrive\\Escritorio\\EvaluaPro\\evaluaPro\\vendor\\laravel\\framework\\src\\Illuminate\\Pipeline\\Pipeline.php(183): Illuminate\\Foundation\\Http\\Middleware\\VerifyCsrfToken->handle(Object(Illuminate\\Http\\Request), Object(Closure))
#16 C:\\Users\\evaa2\\OneDrive\\Escritorio\\EvaluaPro\\evaluaPro\\vendor\\laravel\\framework\\src\\Illuminate\\View\\Middleware\\ShareErrorsFromSession.php(49): Illuminate\\Pipeline\\Pipeline->Illuminate\\Pipeline\\{closure}(Object(Illuminate\\Http\\Request))
#17 C:\\Users\\evaa2\\OneDrive\\Escritorio\\EvaluaPro\\evaluaPro\\vendor\\laravel\\framework\\src\\Illuminate\\Pipeline\\Pipeline.php(183): Illuminate\\View\\Middleware\\ShareErrorsFromSession->handle(Object(Illuminate\\Http\\Request), Object(Closure))
#18 C:\\Users\\evaa2\\OneDrive\\Escritorio\\EvaluaPro\\evaluaPro\\vendor\\laravel\\framework\\src\\Illuminate\\Session\\Middleware\\StartSession.php(121): Illuminate\\Pipeline\\Pipeline->Illuminate\\Pipeline\\{closure}(Object(Illuminate\\Http\\Request))
#19 C:\\Users\\evaa2\\OneDrive\\Escritorio\\EvaluaPro\\evaluaPro\\vendor\\laravel\\framework\\src\\Illuminate\\Session\\Middleware\\StartSession.php(64): Illuminate\\Session\\Middleware\\StartSession->handleStatefulRequest(Object(Illuminate\\Http\\Request), Object(Illuminate\\Session\\Store), Object(Closure))
#20 C:\\Users\\evaa2\\OneDrive\\Escritorio\\EvaluaPro\\evaluaPro\\vendor\\laravel\\framework\\src\\Illuminate\\Pipeline\\Pipeline.php(183): Illuminate\\Session\\Middleware\\StartSession->handle(Object(Illuminate\\Http\\Request), Object(Closure))
#21 C:\\Users\\evaa2\\OneDrive\\Escritorio\\EvaluaPro\\evaluaPro\\vendor\\laravel\\framework\\src\\Illuminate\\Cookie\\Middleware\\AddQueuedCookiesToResponse.php(37): Illuminate\\Pipeline\\Pipeline->Illuminate\\Pipeline\\{closure}(Object(Illuminate\\Http\\Request))
#22 C:\\Users\\evaa2\\OneDrive\\Escritorio\\EvaluaPro\\evaluaPro\\vendor\\laravel\\framework\\src\\Illuminate\\Pipeline\\Pipeline.php(183): Illuminate\\Cookie\\Middleware\\AddQueuedCookiesToResponse->handle(Object(Illuminate\\Http\\Request), Object(Closure))
#23 C:\\Users\\evaa2\\OneDrive\\Escritorio\\EvaluaPro\\evaluaPro\\vendor\\laravel\\framework\\src\\Illuminate\\Cookie\\Middleware\\EncryptCookies.php(67): Illuminate\\Pipeline\\Pipeline->Illuminate\\Pipeline\\{closure}(Object(Illuminate\\Http\\Request))
#24 C:\\Users\\evaa2\\OneDrive\\Escritorio\\EvaluaPro\\evaluaPro\\vendor\\laravel\\framework\\src\\Illuminate\\Pipeline\\Pipeline.php(183): Illuminate\\Cookie\\Middleware\\EncryptCookies->handle(Object(Illuminate\\Http\\Request), Object(Closure))
#25 C:\\Users\\evaa2\\OneDrive\\Escritorio\\EvaluaPro\\evaluaPro\\vendor\\laravel\\framework\\src\\Illuminate\\Pipeline\\Pipeline.php(119): Illuminate\\Pipeline\\Pipeline->Illuminate\\Pipeline\\{closure}(Object(Illuminate\\Http\\Request))
#26 C:\\Users\\evaa2\\OneDrive\\Escritorio\\EvaluaPro\\evaluaPro\\vendor\\laravel\\framework\\src\\Illuminate\\Routing\\Router.php(805): Illuminate\\Pipeline\\Pipeline->then(Object(Closure))
#27 C:\\Users\\evaa2\\OneDrive\\Escritorio\\EvaluaPro\\evaluaPro\\vendor\\laravel\\framework\\src\\Illuminate\\Routing\\Router.php(784): Illuminate\\Routing\\Router->runRouteWithinStack(Object(Illuminate\\Routing\\Route), Object(Illuminate\\Http\\Request))
#28 C:\\Users\\evaa2\\OneDrive\\Escritorio\\EvaluaPro\\evaluaPro\\vendor\\laravel\\framework\\src\\Illuminate\\Routing\\Router.php(748): Illuminate\\Routing\\Router->runRoute(Object(Illuminate\\Http\\Request), Object(Illuminate\\Routing\\Route))
#29 C:\\Users\\evaa2\\OneDrive\\Escritorio\\EvaluaPro\\evaluaPro\\vendor\\laravel\\framework\\src\\Illuminate\\Routing\\Router.php(737): Illuminate\\Routing\\Router->dispatchToRoute(Object(Illuminate\\Http\\Request))
#30 C:\\Users\\evaa2\\OneDrive\\Escritorio\\EvaluaPro\\evaluaPro\\vendor\\laravel\\framework\\src\\Illuminate\\Foundation\\Http\\Kernel.php(200): Illuminate\\Routing\\Router->dispatch(Object(Illuminate\\Http\\Request))
#31 C:\\Users\\evaa2\\OneDrive\\Escritorio\\EvaluaPro\\evaluaPro\\vendor\\laravel\\framework\\src\\Illuminate\\Pipeline\\Pipeline.php(144): Illuminate\\Foundation\\Http\\Kernel->Illuminate\\Foundation\\Http\\{closure}(Object(Illuminate\\Http\\Request))
#32 C:\\Users\\evaa2\\OneDrive\\Escritorio\\EvaluaPro\\evaluaPro\\vendor\\laravel\\framework\\src\\Illuminate\\Foundation\\Http\\Middleware\\TransformsRequest.php(21): Illuminate\\Pipeline\\Pipeline->Illuminate\\Pipeline\\{closure}(Object(Illuminate\\Http\\Request))
#33 C:\\Users\\evaa2\\OneDrive\\Escritorio\\EvaluaPro\\evaluaPro\\vendor\\laravel\\framework\\src\\Illuminate\\Foundation\\Http\\Middleware\\ConvertEmptyStringsToNull.php(31): Illuminate\\Foundation\\Http\\Middleware\\TransformsRequest->handle(Object(Illuminate\\Http\\Request), Object(Closure))
#34 C:\\Users\\evaa2\\OneDrive\\Escritorio\\EvaluaPro\\evaluaPro\\vendor\\laravel\\framework\\src\\Illuminate\\Pipeline\\Pipeline.php(183): Illuminate\\Foundation\\Http\\Middleware\\ConvertEmptyStringsToNull->handle(Object(Illuminate\\Http\\Request), Object(Closure))
#35 C:\\Users\\evaa2\\OneDrive\\Escritorio\\EvaluaPro\\evaluaPro\\vendor\\laravel\\framework\\src\\Illuminate\\Foundation\\Http\\Middleware\\TransformsRequest.php(21): Illuminate\\Pipeline\\Pipeline->Illuminate\\Pipeline\\{closure}(Object(Illuminate\\Http\\Request))
#36 C:\\Users\\evaa2\\OneDrive\\Escritorio\\EvaluaPro\\evaluaPro\\vendor\\laravel\\framework\\src\\Illuminate\\Foundation\\Http\\Middleware\\TrimStrings.php(40): Illuminate\\Foundation\\Http\\Middleware\\TransformsRequest->handle(Object(Illuminate\\Http\\Request), Object(Closure))
#37 C:\\Users\\evaa2\\OneDrive\\Escritorio\\EvaluaPro\\evaluaPro\\vendor\\laravel\\framework\\src\\Illuminate\\Pipeline\\Pipeline.php(183): Illuminate\\Foundation\\Http\\Middleware\\TrimStrings->handle(Object(Illuminate\\Http\\Request), Object(Closure))
#38 C:\\Users\\evaa2\\OneDrive\\Escritorio\\EvaluaPro\\evaluaPro\\vendor\\laravel\\framework\\src\\Illuminate\\Foundation\\Http\\Middleware\\ValidatePostSize.php(27): Illuminate\\Pipeline\\Pipeline->Illuminate\\Pipeline\\{closure}(Object(Illuminate\\Http\\Request))
#39 C:\\Users\\evaa2\\OneDrive\\Escritorio\\EvaluaPro\\evaluaPro\\vendor\\laravel\\framework\\src\\Illuminate\\Pipeline\\Pipeline.php(183): Illuminate\\Foundation\\Http\\Middleware\\ValidatePostSize->handle(Object(Illuminate\\Http\\Request), Object(Closure))
#40 C:\\Users\\evaa2\\OneDrive\\Escritorio\\EvaluaPro\\evaluaPro\\vendor\\laravel\\framework\\src\\Illuminate\\Foundation\\Http\\Middleware\\PreventRequestsDuringMaintenance.php(99): Illuminate\\Pipeline\\Pipeline->Illuminate\\Pipeline\\{closure}(Object(Illuminate\\Http\\Request))
#41 C:\\Users\\evaa2\\OneDrive\\Escritorio\\EvaluaPro\\evaluaPro\\vendor\\laravel\\framework\\src\\Illuminate\\Pipeline\\Pipeline.php(183): Illuminate\\Foundation\\Http\\Middleware\\PreventRequestsDuringMaintenance->handle(Object(Illuminate\\Http\\Request), Object(Closure))
#42 C:\\Users\\evaa2\\OneDrive\\Escritorio\\EvaluaPro\\evaluaPro\\vendor\\laravel\\framework\\src\\Illuminate\\Http\\Middleware\\HandleCors.php(49): Illuminate\\Pipeline\\Pipeline->Illuminate\\Pipeline\\{closure}(Object(Illuminate\\Http\\Request))
#43 C:\\Users\\evaa2\\OneDrive\\Escritorio\\EvaluaPro\\evaluaPro\\vendor\\laravel\\framework\\src\\Illuminate\\Pipeline\\Pipeline.php(183): Illuminate\\Http\\Middleware\\HandleCors->handle(Object(Illuminate\\Http\\Request), Object(Closure))
#44 C:\\Users\\evaa2\\OneDrive\\Escritorio\\EvaluaPro\\evaluaPro\\vendor\\laravel\\framework\\src\\Illuminate\\Http\\Middleware\\TrustProxies.php(39): Illuminate\\Pipeline\\Pipeline->Illuminate\\Pipeline\\{closure}(Object(Illuminate\\Http\\Request))
#45 C:\\Users\\evaa2\\OneDrive\\Escritorio\\EvaluaPro\\evaluaPro\\vendor\\laravel\\framework\\src\\Illuminate\\Pipeline\\Pipeline.php(183): Illuminate\\Http\\Middleware\\TrustProxies->handle(Object(Illuminate\\Http\\Request), Object(Closure))
#46 C:\\Users\\evaa2\\OneDrive\\Escritorio\\EvaluaPro\\evaluaPro\\vendor\\laravel\\framework\\src\\Illuminate\\Pipeline\\Pipeline.php(119): Illuminate\\Pipeline\\Pipeline->Illuminate\\Pipeline\\{closure}(Object(Illuminate\\Http\\Request))
#47 C:\\Users\\evaa2\\OneDrive\\Escritorio\\EvaluaPro\\evaluaPro\\vendor\\laravel\\framework\\src\\Illuminate\\Foundation\\Http\\Kernel.php(175): Illuminate\\Pipeline\\Pipeline->then(Object(Closure))
#48 C:\\Users\\evaa2\\OneDrive\\Escritorio\\EvaluaPro\\evaluaPro\\vendor\\laravel\\framework\\src\\Illuminate\\Foundation\\Http\\Kernel.php(144): Illuminate\\Foundation\\Http\\Kernel->sendRequestThroughRouter(Object(Illuminate\\Http\\Request))
#49 C:\\Users\\evaa2\\OneDrive\\Escritorio\\EvaluaPro\\evaluaPro\\public\\index.php(51): Illuminate\\Foundation\\Http\\Kernel->handle(Object(Illuminate\\Http\\Request))
#50 C:\\Users\\evaa2\\OneDrive\\Escritorio\\EvaluaPro\\evaluaPro\\vendor\\laravel\\framework\\src\\Illuminate\\Foundation\\resources\\server.php(16): require_once('C:\\\\Users\\\\evaa2\\\\...')
#51 {main}
"} 
[2025-08-14 19:55:31] local.ERROR: Attempt to read property "idReticula" on null {"userId":"Damaris","exception":"[object] (ErrorException(code: 0): Attempt to read property \"idReticula\" on null at C:\\Users\\evaa2\\OneDrive\\Escritorio\\EvaluaPro\\evaluaPro\\app\\Http\\Controllers\\UsuarioController.php:92)
[stacktrace]
#0 C:\\Users\\evaa2\\OneDrive\\Escritorio\\EvaluaPro\\evaluaPro\\vendor\\laravel\\framework\\src\\Illuminate\\Foundation\\Bootstrap\\HandleExceptions.php(255): Illuminate\\Foundation\\Bootstrap\\HandleExceptions->handleError(2, 'Attempt to read...', 'C:\\\\Users\\\\evaa2\\\\...', 92)
#1 C:\\Users\\evaa2\\OneDrive\\Escritorio\\EvaluaPro\\evaluaPro\\app\\Http\\Controllers\\UsuarioController.php(92): Illuminate\\Foundation\\Bootstrap\\HandleExceptions->Illuminate\\Foundation\\Bootstrap\\{closure}(2, 'Attempt to read...', 'C:\\\\Users\\\\evaa2\\\\...', 92)
#2 C:\\Users\\evaa2\\OneDrive\\Escritorio\\EvaluaPro\\evaluaPro\\vendor\\laravel\\framework\\src\\Illuminate\\Routing\\Controller.php(54): App\\Http\\Controllers\\UsuarioController->index()
#3 C:\\Users\\evaa2\\OneDrive\\Escritorio\\EvaluaPro\\evaluaPro\\vendor\\laravel\\framework\\src\\Illuminate\\Routing\\ControllerDispatcher.php(43): Illuminate\\Routing\\Controller->callAction('index', Array)
#4 C:\\Users\\evaa2\\OneDrive\\Escritorio\\EvaluaPro\\evaluaPro\\vendor\\laravel\\framework\\src\\Illuminate\\Routing\\Route.php(259): Illuminate\\Routing\\ControllerDispatcher->dispatch(Object(Illuminate\\Routing\\Route), Object(App\\Http\\Controllers\\UsuarioController), 'index')
#5 C:\\Users\\evaa2\\OneDrive\\Escritorio\\EvaluaPro\\evaluaPro\\vendor\\laravel\\framework\\src\\Illuminate\\Routing\\Route.php(205): Illuminate\\Routing\\Route->runController()
#6 C:\\Users\\evaa2\\OneDrive\\Escritorio\\EvaluaPro\\evaluaPro\\vendor\\laravel\\framework\\src\\Illuminate\\Routing\\Router.php(806): Illuminate\\Routing\\Route->run()
#7 C:\\Users\\evaa2\\OneDrive\\Escritorio\\EvaluaPro\\evaluaPro\\vendor\\laravel\\framework\\src\\Illuminate\\Pipeline\\Pipeline.php(144): Illuminate\\Routing\\Router->Illuminate\\Routing\\{closure}(Object(Illuminate\\Http\\Request))
#8 C:\\Users\\evaa2\\OneDrive\\Escritorio\\EvaluaPro\\evaluaPro\\app\\Http\\Middleware\\RolMiddleware.php(21): Illuminate\\Pipeline\\Pipeline->Illuminate\\Pipeline\\{closure}(Object(Illuminate\\Http\\Request))
#9 C:\\Users\\evaa2\\OneDrive\\Escritorio\\EvaluaPro\\evaluaPro\\vendor\\laravel\\framework\\src\\Illuminate\\Pipeline\\Pipeline.php(183): App\\Http\\Middleware\\RolMiddleware->handle(Object(Illuminate\\Http\\Request), Object(Closure), 'admin', 'capacitador', 'usuario')
#10 C:\\Users\\evaa2\\OneDrive\\Escritorio\\EvaluaPro\\evaluaPro\\vendor\\laravel\\framework\\src\\Illuminate\\Routing\\Middleware\\SubstituteBindings.php(50): Illuminate\\Pipeline\\Pipeline->Illuminate\\Pipeline\\{closure}(Object(Illuminate\\Http\\Request))
#11 C:\\Users\\evaa2\\OneDrive\\Escritorio\\EvaluaPro\\evaluaPro\\vendor\\laravel\\framework\\src\\Illuminate\\Pipeline\\Pipeline.php(183): Illuminate\\Routing\\Middleware\\SubstituteBindings->handle(Object(Illuminate\\Http\\Request), Object(Closure))
#12 C:\\Users\\evaa2\\OneDrive\\Escritorio\\EvaluaPro\\evaluaPro\\vendor\\laravel\\framework\\src\\Illuminate\\Auth\\Middleware\\Authenticate.php(57): Illuminate\\Pipeline\\Pipeline->Illuminate\\Pipeline\\{closure}(Object(Illuminate\\Http\\Request))
#13 C:\\Users\\evaa2\\OneDrive\\Escritorio\\EvaluaPro\\evaluaPro\\vendor\\laravel\\framework\\src\\Illuminate\\Pipeline\\Pipeline.php(183): Illuminate\\Auth\\Middleware\\Authenticate->handle(Object(Illuminate\\Http\\Request), Object(Closure))
#14 C:\\Users\\evaa2\\OneDrive\\Escritorio\\EvaluaPro\\evaluaPro\\vendor\\laravel\\framework\\src\\Illuminate\\Foundation\\Http\\Middleware\\VerifyCsrfToken.php(78): Illuminate\\Pipeline\\Pipeline->Illuminate\\Pipeline\\{closure}(Object(Illuminate\\Http\\Request))
#15 C:\\Users\\evaa2\\OneDrive\\Escritorio\\EvaluaPro\\evaluaPro\\vendor\\laravel\\framework\\src\\Illuminate\\Pipeline\\Pipeline.php(183): Illuminate\\Foundation\\Http\\Middleware\\VerifyCsrfToken->handle(Object(Illuminate\\Http\\Request), Object(Closure))
#16 C:\\Users\\evaa2\\OneDrive\\Escritorio\\EvaluaPro\\evaluaPro\\vendor\\laravel\\framework\\src\\Illuminate\\View\\Middleware\\ShareErrorsFromSession.php(49): Illuminate\\Pipeline\\Pipeline->Illuminate\\Pipeline\\{closure}(Object(Illuminate\\Http\\Request))
#17 C:\\Users\\evaa2\\OneDrive\\Escritorio\\EvaluaPro\\evaluaPro\\vendor\\laravel\\framework\\src\\Illuminate\\Pipeline\\Pipeline.php(183): Illuminate\\View\\Middleware\\ShareErrorsFromSession->handle(Object(Illuminate\\Http\\Request), Object(Closure))
#18 C:\\Users\\evaa2\\OneDrive\\Escritorio\\EvaluaPro\\evaluaPro\\vendor\\laravel\\framework\\src\\Illuminate\\Session\\Middleware\\StartSession.php(121): Illuminate\\Pipeline\\Pipeline->Illuminate\\Pipeline\\{closure}(Object(Illuminate\\Http\\Request))
#19 C:\\Users\\evaa2\\OneDrive\\Escritorio\\EvaluaPro\\evaluaPro\\vendor\\laravel\\framework\\src\\Illuminate\\Session\\Middleware\\StartSession.php(64): Illuminate\\Session\\Middleware\\StartSession->handleStatefulRequest(Object(Illuminate\\Http\\Request), Object(Illuminate\\Session\\Store), Object(Closure))
#20 C:\\Users\\evaa2\\OneDrive\\Escritorio\\EvaluaPro\\evaluaPro\\vendor\\laravel\\framework\\src\\Illuminate\\Pipeline\\Pipeline.php(183): Illuminate\\Session\\Middleware\\StartSession->handle(Object(Illuminate\\Http\\Request), Object(Closure))
#21 C:\\Users\\evaa2\\OneDrive\\Escritorio\\EvaluaPro\\evaluaPro\\vendor\\laravel\\framework\\src\\Illuminate\\Cookie\\Middleware\\AddQueuedCookiesToResponse.php(37): Illuminate\\Pipeline\\Pipeline->Illuminate\\Pipeline\\{closure}(Object(Illuminate\\Http\\Request))
#22 C:\\Users\\evaa2\\OneDrive\\Escritorio\\EvaluaPro\\evaluaPro\\vendor\\laravel\\framework\\src\\Illuminate\\Pipeline\\Pipeline.php(183): Illuminate\\Cookie\\Middleware\\AddQueuedCookiesToResponse->handle(Object(Illuminate\\Http\\Request), Object(Closure))
#23 C:\\Users\\evaa2\\OneDrive\\Escritorio\\EvaluaPro\\evaluaPro\\vendor\\laravel\\framework\\src\\Illuminate\\Cookie\\Middleware\\EncryptCookies.php(67): Illuminate\\Pipeline\\Pipeline->Illuminate\\Pipeline\\{closure}(Object(Illuminate\\Http\\Request))
#24 C:\\Users\\evaa2\\OneDrive\\Escritorio\\EvaluaPro\\evaluaPro\\vendor\\laravel\\framework\\src\\Illuminate\\Pipeline\\Pipeline.php(183): Illuminate\\Cookie\\Middleware\\EncryptCookies->handle(Object(Illuminate\\Http\\Request), Object(Closure))
#25 C:\\Users\\evaa2\\OneDrive\\Escritorio\\EvaluaPro\\evaluaPro\\vendor\\laravel\\framework\\src\\Illuminate\\Pipeline\\Pipeline.php(119): Illuminate\\Pipeline\\Pipeline->Illuminate\\Pipeline\\{closure}(Object(Illuminate\\Http\\Request))
#26 C:\\Users\\evaa2\\OneDrive\\Escritorio\\EvaluaPro\\evaluaPro\\vendor\\laravel\\framework\\src\\Illuminate\\Routing\\Router.php(805): Illuminate\\Pipeline\\Pipeline->then(Object(Closure))
#27 C:\\Users\\evaa2\\OneDrive\\Escritorio\\EvaluaPro\\evaluaPro\\vendor\\laravel\\framework\\src\\Illuminate\\Routing\\Router.php(784): Illuminate\\Routing\\Router->runRouteWithinStack(Object(Illuminate\\Routing\\Route), Object(Illuminate\\Http\\Request))
#28 C:\\Users\\evaa2\\OneDrive\\Escritorio\\EvaluaPro\\evaluaPro\\vendor\\laravel\\framework\\src\\Illuminate\\Routing\\Router.php(748): Illuminate\\Routing\\Router->runRoute(Object(Illuminate\\Http\\Request), Object(Illuminate\\Routing\\Route))
#29 C:\\Users\\evaa2\\OneDrive\\Escritorio\\EvaluaPro\\evaluaPro\\vendor\\laravel\\framework\\src\\Illuminate\\Routing\\Router.php(737): Illuminate\\Routing\\Router->dispatchToRoute(Object(Illuminate\\Http\\Request))
#30 C:\\Users\\evaa2\\OneDrive\\Escritorio\\EvaluaPro\\evaluaPro\\vendor\\laravel\\framework\\src\\Illuminate\\Foundation\\Http\\Kernel.php(200): Illuminate\\Routing\\Router->dispatch(Object(Illuminate\\Http\\Request))
#31 C:\\Users\\evaa2\\OneDrive\\Escritorio\\EvaluaPro\\evaluaPro\\vendor\\laravel\\framework\\src\\Illuminate\\Pipeline\\Pipeline.php(144): Illuminate\\Foundation\\Http\\Kernel->Illuminate\\Foundation\\Http\\{closure}(Object(Illuminate\\Http\\Request))
#32 C:\\Users\\evaa2\\OneDrive\\Escritorio\\EvaluaPro\\evaluaPro\\vendor\\laravel\\framework\\src\\Illuminate\\Foundation\\Http\\Middleware\\TransformsRequest.php(21): Illuminate\\Pipeline\\Pipeline->Illuminate\\Pipeline\\{closure}(Object(Illuminate\\Http\\Request))
#33 C:\\Users\\evaa2\\OneDrive\\Escritorio\\EvaluaPro\\evaluaPro\\vendor\\laravel\\framework\\src\\Illuminate\\Foundation\\Http\\Middleware\\ConvertEmptyStringsToNull.php(31): Illuminate\\Foundation\\Http\\Middleware\\TransformsRequest->handle(Object(Illuminate\\Http\\Request), Object(Closure))
#34 C:\\Users\\evaa2\\OneDrive\\Escritorio\\EvaluaPro\\evaluaPro\\vendor\\laravel\\framework\\src\\Illuminate\\Pipeline\\Pipeline.php(183): Illuminate\\Foundation\\Http\\Middleware\\ConvertEmptyStringsToNull->handle(Object(Illuminate\\Http\\Request), Object(Closure))
#35 C:\\Users\\evaa2\\OneDrive\\Escritorio\\EvaluaPro\\evaluaPro\\vendor\\laravel\\framework\\src\\Illuminate\\Foundation\\Http\\Middleware\\TransformsRequest.php(21): Illuminate\\Pipeline\\Pipeline->Illuminate\\Pipeline\\{closure}(Object(Illuminate\\Http\\Request))
#36 C:\\Users\\evaa2\\OneDrive\\Escritorio\\EvaluaPro\\evaluaPro\\vendor\\laravel\\framework\\src\\Illuminate\\Foundation\\Http\\Middleware\\TrimStrings.php(40): Illuminate\\Foundation\\Http\\Middleware\\TransformsRequest->handle(Object(Illuminate\\Http\\Request), Object(Closure))
#37 C:\\Users\\evaa2\\OneDrive\\Escritorio\\EvaluaPro\\evaluaPro\\vendor\\laravel\\framework\\src\\Illuminate\\Pipeline\\Pipeline.php(183): Illuminate\\Foundation\\Http\\Middleware\\TrimStrings->handle(Object(Illuminate\\Http\\Request), Object(Closure))
#38 C:\\Users\\evaa2\\OneDrive\\Escritorio\\EvaluaPro\\evaluaPro\\vendor\\laravel\\framework\\src\\Illuminate\\Foundation\\Http\\Middleware\\ValidatePostSize.php(27): Illuminate\\Pipeline\\Pipeline->Illuminate\\Pipeline\\{closure}(Object(Illuminate\\Http\\Request))
#39 C:\\Users\\evaa2\\OneDrive\\Escritorio\\EvaluaPro\\evaluaPro\\vendor\\laravel\\framework\\src\\Illuminate\\Pipeline\\Pipeline.php(183): Illuminate\\Foundation\\Http\\Middleware\\ValidatePostSize->handle(Object(Illuminate\\Http\\Request), Object(Closure))
#40 C:\\Users\\evaa2\\OneDrive\\Escritorio\\EvaluaPro\\evaluaPro\\vendor\\laravel\\framework\\src\\Illuminate\\Foundation\\Http\\Middleware\\PreventRequestsDuringMaintenance.php(99): Illuminate\\Pipeline\\Pipeline->Illuminate\\Pipeline\\{closure}(Object(Illuminate\\Http\\Request))
#41 C:\\Users\\evaa2\\OneDrive\\Escritorio\\EvaluaPro\\evaluaPro\\vendor\\laravel\\framework\\src\\Illuminate\\Pipeline\\Pipeline.php(183): Illuminate\\Foundation\\Http\\Middleware\\PreventRequestsDuringMaintenance->handle(Object(Illuminate\\Http\\Request), Object(Closure))
#42 C:\\Users\\evaa2\\OneDrive\\Escritorio\\EvaluaPro\\evaluaPro\\vendor\\laravel\\framework\\src\\Illuminate\\Http\\Middleware\\HandleCors.php(49): Illuminate\\Pipeline\\Pipeline->Illuminate\\Pipeline\\{closure}(Object(Illuminate\\Http\\Request))
#43 C:\\Users\\evaa2\\OneDrive\\Escritorio\\EvaluaPro\\evaluaPro\\vendor\\laravel\\framework\\src\\Illuminate\\Pipeline\\Pipeline.php(183): Illuminate\\Http\\Middleware\\HandleCors->handle(Object(Illuminate\\Http\\Request), Object(Closure))
#44 C:\\Users\\evaa2\\OneDrive\\Escritorio\\EvaluaPro\\evaluaPro\\vendor\\laravel\\framework\\src\\Illuminate\\Http\\Middleware\\TrustProxies.php(39): Illuminate\\Pipeline\\Pipeline->Illuminate\\Pipeline\\{closure}(Object(Illuminate\\Http\\Request))
#45 C:\\Users\\evaa2\\OneDrive\\Escritorio\\EvaluaPro\\evaluaPro\\vendor\\laravel\\framework\\src\\Illuminate\\Pipeline\\Pipeline.php(183): Illuminate\\Http\\Middleware\\TrustProxies->handle(Object(Illuminate\\Http\\Request), Object(Closure))
#46 C:\\Users\\evaa2\\OneDrive\\Escritorio\\EvaluaPro\\evaluaPro\\vendor\\laravel\\framework\\src\\Illuminate\\Pipeline\\Pipeline.php(119): Illuminate\\Pipeline\\Pipeline->Illuminate\\Pipeline\\{closure}(Object(Illuminate\\Http\\Request))
#47 C:\\Users\\evaa2\\OneDrive\\Escritorio\\EvaluaPro\\evaluaPro\\vendor\\laravel\\framework\\src\\Illuminate\\Foundation\\Http\\Kernel.php(175): Illuminate\\Pipeline\\Pipeline->then(Object(Closure))
#48 C:\\Users\\evaa2\\OneDrive\\Escritorio\\EvaluaPro\\evaluaPro\\vendor\\laravel\\framework\\src\\Illuminate\\Foundation\\Http\\Kernel.php(144): Illuminate\\Foundation\\Http\\Kernel->sendRequestThroughRouter(Object(Illuminate\\Http\\Request))
#49 C:\\Users\\evaa2\\OneDrive\\Escritorio\\EvaluaPro\\evaluaPro\\public\\index.php(51): Illuminate\\Foundation\\Http\\Kernel->handle(Object(Illuminate\\Http\\Request))
#50 C:\\Users\\evaa2\\OneDrive\\Escritorio\\EvaluaPro\\evaluaPro\\vendor\\laravel\\framework\\src\\Illuminate\\Foundation\\resources\\server.php(16): require_once('C:\\\\Users\\\\evaa2\\\\...')
#51 {main}
"} 
[2025-08-14 19:55:33] local.ERROR: Attempt to read property "idReticula" on null {"userId":"Damaris","exception":"[object] (ErrorException(code: 0): Attempt to read property \"idReticula\" on null at C:\\Users\\evaa2\\OneDrive\\Escritorio\\EvaluaPro\\evaluaPro\\app\\Http\\Controllers\\UsuarioController.php:92)
[stacktrace]
#0 C:\\Users\\evaa2\\OneDrive\\Escritorio\\EvaluaPro\\evaluaPro\\vendor\\laravel\\framework\\src\\Illuminate\\Foundation\\Bootstrap\\HandleExceptions.php(255): Illuminate\\Foundation\\Bootstrap\\HandleExceptions->handleError(2, 'Attempt to read...', 'C:\\\\Users\\\\evaa2\\\\...', 92)
#1 C:\\Users\\evaa2\\OneDrive\\Escritorio\\EvaluaPro\\evaluaPro\\app\\Http\\Controllers\\UsuarioController.php(92): Illuminate\\Foundation\\Bootstrap\\HandleExceptions->Illuminate\\Foundation\\Bootstrap\\{closure}(2, 'Attempt to read...', 'C:\\\\Users\\\\evaa2\\\\...', 92)
#2 C:\\Users\\evaa2\\OneDrive\\Escritorio\\EvaluaPro\\evaluaPro\\vendor\\laravel\\framework\\src\\Illuminate\\Routing\\Controller.php(54): App\\Http\\Controllers\\UsuarioController->index()
#3 C:\\Users\\evaa2\\OneDrive\\Escritorio\\EvaluaPro\\evaluaPro\\vendor\\laravel\\framework\\src\\Illuminate\\Routing\\ControllerDispatcher.php(43): Illuminate\\Routing\\Controller->callAction('index', Array)
#4 C:\\Users\\evaa2\\OneDrive\\Escritorio\\EvaluaPro\\evaluaPro\\vendor\\laravel\\framework\\src\\Illuminate\\Routing\\Route.php(259): Illuminate\\Routing\\ControllerDispatcher->dispatch(Object(Illuminate\\Routing\\Route), Object(App\\Http\\Controllers\\UsuarioController), 'index')
#5 C:\\Users\\evaa2\\OneDrive\\Escritorio\\EvaluaPro\\evaluaPro\\vendor\\laravel\\framework\\src\\Illuminate\\Routing\\Route.php(205): Illuminate\\Routing\\Route->runController()
#6 C:\\Users\\evaa2\\OneDrive\\Escritorio\\EvaluaPro\\evaluaPro\\vendor\\laravel\\framework\\src\\Illuminate\\Routing\\Router.php(806): Illuminate\\Routing\\Route->run()
#7 C:\\Users\\evaa2\\OneDrive\\Escritorio\\EvaluaPro\\evaluaPro\\vendor\\laravel\\framework\\src\\Illuminate\\Pipeline\\Pipeline.php(144): Illuminate\\Routing\\Router->Illuminate\\Routing\\{closure}(Object(Illuminate\\Http\\Request))
#8 C:\\Users\\evaa2\\OneDrive\\Escritorio\\EvaluaPro\\evaluaPro\\app\\Http\\Middleware\\RolMiddleware.php(21): Illuminate\\Pipeline\\Pipeline->Illuminate\\Pipeline\\{closure}(Object(Illuminate\\Http\\Request))
#9 C:\\Users\\evaa2\\OneDrive\\Escritorio\\EvaluaPro\\evaluaPro\\vendor\\laravel\\framework\\src\\Illuminate\\Pipeline\\Pipeline.php(183): App\\Http\\Middleware\\RolMiddleware->handle(Object(Illuminate\\Http\\Request), Object(Closure), 'admin', 'capacitador', 'usuario')
#10 C:\\Users\\evaa2\\OneDrive\\Escritorio\\EvaluaPro\\evaluaPro\\vendor\\laravel\\framework\\src\\Illuminate\\Routing\\Middleware\\SubstituteBindings.php(50): Illuminate\\Pipeline\\Pipeline->Illuminate\\Pipeline\\{closure}(Object(Illuminate\\Http\\Request))
#11 C:\\Users\\evaa2\\OneDrive\\Escritorio\\EvaluaPro\\evaluaPro\\vendor\\laravel\\framework\\src\\Illuminate\\Pipeline\\Pipeline.php(183): Illuminate\\Routing\\Middleware\\SubstituteBindings->handle(Object(Illuminate\\Http\\Request), Object(Closure))
#12 C:\\Users\\evaa2\\OneDrive\\Escritorio\\EvaluaPro\\evaluaPro\\vendor\\laravel\\framework\\src\\Illuminate\\Auth\\Middleware\\Authenticate.php(57): Illuminate\\Pipeline\\Pipeline->Illuminate\\Pipeline\\{closure}(Object(Illuminate\\Http\\Request))
#13 C:\\Users\\evaa2\\OneDrive\\Escritorio\\EvaluaPro\\evaluaPro\\vendor\\laravel\\framework\\src\\Illuminate\\Pipeline\\Pipeline.php(183): Illuminate\\Auth\\Middleware\\Authenticate->handle(Object(Illuminate\\Http\\Request), Object(Closure))
#14 C:\\Users\\evaa2\\OneDrive\\Escritorio\\EvaluaPro\\evaluaPro\\vendor\\laravel\\framework\\src\\Illuminate\\Foundation\\Http\\Middleware\\VerifyCsrfToken.php(78): Illuminate\\Pipeline\\Pipeline->Illuminate\\Pipeline\\{closure}(Object(Illuminate\\Http\\Request))
#15 C:\\Users\\evaa2\\OneDrive\\Escritorio\\EvaluaPro\\evaluaPro\\vendor\\laravel\\framework\\src\\Illuminate\\Pipeline\\Pipeline.php(183): Illuminate\\Foundation\\Http\\Middleware\\VerifyCsrfToken->handle(Object(Illuminate\\Http\\Request), Object(Closure))
#16 C:\\Users\\evaa2\\OneDrive\\Escritorio\\EvaluaPro\\evaluaPro\\vendor\\laravel\\framework\\src\\Illuminate\\View\\Middleware\\ShareErrorsFromSession.php(49): Illuminate\\Pipeline\\Pipeline->Illuminate\\Pipeline\\{closure}(Object(Illuminate\\Http\\Request))
#17 C:\\Users\\evaa2\\OneDrive\\Escritorio\\EvaluaPro\\evaluaPro\\vendor\\laravel\\framework\\src\\Illuminate\\Pipeline\\Pipeline.php(183): Illuminate\\View\\Middleware\\ShareErrorsFromSession->handle(Object(Illuminate\\Http\\Request), Object(Closure))
#18 C:\\Users\\evaa2\\OneDrive\\Escritorio\\EvaluaPro\\evaluaPro\\vendor\\laravel\\framework\\src\\Illuminate\\Session\\Middleware\\StartSession.php(121): Illuminate\\Pipeline\\Pipeline->Illuminate\\Pipeline\\{closure}(Object(Illuminate\\Http\\Request))
#19 C:\\Users\\evaa2\\OneDrive\\Escritorio\\EvaluaPro\\evaluaPro\\vendor\\laravel\\framework\\src\\Illuminate\\Session\\Middleware\\StartSession.php(64): Illuminate\\Session\\Middleware\\StartSession->handleStatefulRequest(Object(Illuminate\\Http\\Request), Object(Illuminate\\Session\\Store), Object(Closure))
#20 C:\\Users\\evaa2\\OneDrive\\Escritorio\\EvaluaPro\\evaluaPro\\vendor\\laravel\\framework\\src\\Illuminate\\Pipeline\\Pipeline.php(183): Illuminate\\Session\\Middleware\\StartSession->handle(Object(Illuminate\\Http\\Request), Object(Closure))
#21 C:\\Users\\evaa2\\OneDrive\\Escritorio\\EvaluaPro\\evaluaPro\\vendor\\laravel\\framework\\src\\Illuminate\\Cookie\\Middleware\\AddQueuedCookiesToResponse.php(37): Illuminate\\Pipeline\\Pipeline->Illuminate\\Pipeline\\{closure}(Object(Illuminate\\Http\\Request))
#22 C:\\Users\\evaa2\\OneDrive\\Escritorio\\EvaluaPro\\evaluaPro\\vendor\\laravel\\framework\\src\\Illuminate\\Pipeline\\Pipeline.php(183): Illuminate\\Cookie\\Middleware\\AddQueuedCookiesToResponse->handle(Object(Illuminate\\Http\\Request), Object(Closure))
#23 C:\\Users\\evaa2\\OneDrive\\Escritorio\\EvaluaPro\\evaluaPro\\vendor\\laravel\\framework\\src\\Illuminate\\Cookie\\Middleware\\EncryptCookies.php(67): Illuminate\\Pipeline\\Pipeline->Illuminate\\Pipeline\\{closure}(Object(Illuminate\\Http\\Request))
#24 C:\\Users\\evaa2\\OneDrive\\Escritorio\\EvaluaPro\\evaluaPro\\vendor\\laravel\\framework\\src\\Illuminate\\Pipeline\\Pipeline.php(183): Illuminate\\Cookie\\Middleware\\EncryptCookies->handle(Object(Illuminate\\Http\\Request), Object(Closure))
#25 C:\\Users\\evaa2\\OneDrive\\Escritorio\\EvaluaPro\\evaluaPro\\vendor\\laravel\\framework\\src\\Illuminate\\Pipeline\\Pipeline.php(119): Illuminate\\Pipeline\\Pipeline->Illuminate\\Pipeline\\{closure}(Object(Illuminate\\Http\\Request))
#26 C:\\Users\\evaa2\\OneDrive\\Escritorio\\EvaluaPro\\evaluaPro\\vendor\\laravel\\framework\\src\\Illuminate\\Routing\\Router.php(805): Illuminate\\Pipeline\\Pipeline->then(Object(Closure))
#27 C:\\Users\\evaa2\\OneDrive\\Escritorio\\EvaluaPro\\evaluaPro\\vendor\\laravel\\framework\\src\\Illuminate\\Routing\\Router.php(784): Illuminate\\Routing\\Router->runRouteWithinStack(Object(Illuminate\\Routing\\Route), Object(Illuminate\\Http\\Request))
#28 C:\\Users\\evaa2\\OneDrive\\Escritorio\\EvaluaPro\\evaluaPro\\vendor\\laravel\\framework\\src\\Illuminate\\Routing\\Router.php(748): Illuminate\\Routing\\Router->runRoute(Object(Illuminate\\Http\\Request), Object(Illuminate\\Routing\\Route))
#29 C:\\Users\\evaa2\\OneDrive\\Escritorio\\EvaluaPro\\evaluaPro\\vendor\\laravel\\framework\\src\\Illuminate\\Routing\\Router.php(737): Illuminate\\Routing\\Router->dispatchToRoute(Object(Illuminate\\Http\\Request))
#30 C:\\Users\\evaa2\\OneDrive\\Escritorio\\EvaluaPro\\evaluaPro\\vendor\\laravel\\framework\\src\\Illuminate\\Foundation\\Http\\Kernel.php(200): Illuminate\\Routing\\Router->dispatch(Object(Illuminate\\Http\\Request))
#31 C:\\Users\\evaa2\\OneDrive\\Escritorio\\EvaluaPro\\evaluaPro\\vendor\\laravel\\framework\\src\\Illuminate\\Pipeline\\Pipeline.php(144): Illuminate\\Foundation\\Http\\Kernel->Illuminate\\Foundation\\Http\\{closure}(Object(Illuminate\\Http\\Request))
#32 C:\\Users\\evaa2\\OneDrive\\Escritorio\\EvaluaPro\\evaluaPro\\vendor\\laravel\\framework\\src\\Illuminate\\Foundation\\Http\\Middleware\\TransformsRequest.php(21): Illuminate\\Pipeline\\Pipeline->Illuminate\\Pipeline\\{closure}(Object(Illuminate\\Http\\Request))
#33 C:\\Users\\evaa2\\OneDrive\\Escritorio\\EvaluaPro\\evaluaPro\\vendor\\laravel\\framework\\src\\Illuminate\\Foundation\\Http\\Middleware\\ConvertEmptyStringsToNull.php(31): Illuminate\\Foundation\\Http\\Middleware\\TransformsRequest->handle(Object(Illuminate\\Http\\Request), Object(Closure))
#34 C:\\Users\\evaa2\\OneDrive\\Escritorio\\EvaluaPro\\evaluaPro\\vendor\\laravel\\framework\\src\\Illuminate\\Pipeline\\Pipeline.php(183): Illuminate\\Foundation\\Http\\Middleware\\ConvertEmptyStringsToNull->handle(Object(Illuminate\\Http\\Request), Object(Closure))
#35 C:\\Users\\evaa2\\OneDrive\\Escritorio\\EvaluaPro\\evaluaPro\\vendor\\laravel\\framework\\src\\Illuminate\\Foundation\\Http\\Middleware\\TransformsRequest.php(21): Illuminate\\Pipeline\\Pipeline->Illuminate\\Pipeline\\{closure}(Object(Illuminate\\Http\\Request))
#36 C:\\Users\\evaa2\\OneDrive\\Escritorio\\EvaluaPro\\evaluaPro\\vendor\\laravel\\framework\\src\\Illuminate\\Foundation\\Http\\Middleware\\TrimStrings.php(40): Illuminate\\Foundation\\Http\\Middleware\\TransformsRequest->handle(Object(Illuminate\\Http\\Request), Object(Closure))
#37 C:\\Users\\evaa2\\OneDrive\\Escritorio\\EvaluaPro\\evaluaPro\\vendor\\laravel\\framework\\src\\Illuminate\\Pipeline\\Pipeline.php(183): Illuminate\\Foundation\\Http\\Middleware\\TrimStrings->handle(Object(Illuminate\\Http\\Request), Object(Closure))
#38 C:\\Users\\evaa2\\OneDrive\\Escritorio\\EvaluaPro\\evaluaPro\\vendor\\laravel\\framework\\src\\Illuminate\\Foundation\\Http\\Middleware\\ValidatePostSize.php(27): Illuminate\\Pipeline\\Pipeline->Illuminate\\Pipeline\\{closure}(Object(Illuminate\\Http\\Request))
#39 C:\\Users\\evaa2\\OneDrive\\Escritorio\\EvaluaPro\\evaluaPro\\vendor\\laravel\\framework\\src\\Illuminate\\Pipeline\\Pipeline.php(183): Illuminate\\Foundation\\Http\\Middleware\\ValidatePostSize->handle(Object(Illuminate\\Http\\Request), Object(Closure))
#40 C:\\Users\\evaa2\\OneDrive\\Escritorio\\EvaluaPro\\evaluaPro\\vendor\\laravel\\framework\\src\\Illuminate\\Foundation\\Http\\Middleware\\PreventRequestsDuringMaintenance.php(99): Illuminate\\Pipeline\\Pipeline->Illuminate\\Pipeline\\{closure}(Object(Illuminate\\Http\\Request))
#41 C:\\Users\\evaa2\\OneDrive\\Escritorio\\EvaluaPro\\evaluaPro\\vendor\\laravel\\framework\\src\\Illuminate\\Pipeline\\Pipeline.php(183): Illuminate\\Foundation\\Http\\Middleware\\PreventRequestsDuringMaintenance->handle(Object(Illuminate\\Http\\Request), Object(Closure))
#42 C:\\Users\\evaa2\\OneDrive\\Escritorio\\EvaluaPro\\evaluaPro\\vendor\\laravel\\framework\\src\\Illuminate\\Http\\Middleware\\HandleCors.php(49): Illuminate\\Pipeline\\Pipeline->Illuminate\\Pipeline\\{closure}(Object(Illuminate\\Http\\Request))
#43 C:\\Users\\evaa2\\OneDrive\\Escritorio\\EvaluaPro\\evaluaPro\\vendor\\laravel\\framework\\src\\Illuminate\\Pipeline\\Pipeline.php(183): Illuminate\\Http\\Middleware\\HandleCors->handle(Object(Illuminate\\Http\\Request), Object(Closure))
#44 C:\\Users\\evaa2\\OneDrive\\Escritorio\\EvaluaPro\\evaluaPro\\vendor\\laravel\\framework\\src\\Illuminate\\Http\\Middleware\\TrustProxies.php(39): Illuminate\\Pipeline\\Pipeline->Illuminate\\Pipeline\\{closure}(Object(Illuminate\\Http\\Request))
#45 C:\\Users\\evaa2\\OneDrive\\Escritorio\\EvaluaPro\\evaluaPro\\vendor\\laravel\\framework\\src\\Illuminate\\Pipeline\\Pipeline.php(183): Illuminate\\Http\\Middleware\\TrustProxies->handle(Object(Illuminate\\Http\\Request), Object(Closure))
#46 C:\\Users\\evaa2\\OneDrive\\Escritorio\\EvaluaPro\\evaluaPro\\vendor\\laravel\\framework\\src\\Illuminate\\Pipeline\\Pipeline.php(119): Illuminate\\Pipeline\\Pipeline->Illuminate\\Pipeline\\{closure}(Object(Illuminate\\Http\\Request))
#47 C:\\Users\\evaa2\\OneDrive\\Escritorio\\EvaluaPro\\evaluaPro\\vendor\\laravel\\framework\\src\\Illuminate\\Foundation\\Http\\Kernel.php(175): Illuminate\\Pipeline\\Pipeline->then(Object(Closure))
#48 C:\\Users\\evaa2\\OneDrive\\Escritorio\\EvaluaPro\\evaluaPro\\vendor\\laravel\\framework\\src\\Illuminate\\Foundation\\Http\\Kernel.php(144): Illuminate\\Foundation\\Http\\Kernel->sendRequestThroughRouter(Object(Illuminate\\Http\\Request))
#49 C:\\Users\\evaa2\\OneDrive\\Escritorio\\EvaluaPro\\evaluaPro\\public\\index.php(51): Illuminate\\Foundation\\Http\\Kernel->handle(Object(Illuminate\\Http\\Request))
#50 C:\\Users\\evaa2\\OneDrive\\Escritorio\\EvaluaPro\\evaluaPro\\vendor\\laravel\\framework\\src\\Illuminate\\Foundation\\resources\\server.php(16): require_once('C:\\\\Users\\\\evaa2\\\\...')
#51 {main}
"} 
[2025-08-14 19:56:17] local.ERROR: Attempt to read property "idReticula" on null {"userId":"Damaris","exception":"[object] (ErrorException(code: 0): Attempt to read property \"idReticula\" on null at C:\\Users\\evaa2\\OneDrive\\Escritorio\\EvaluaPro\\evaluaPro\\app\\Http\\Controllers\\UsuarioController.php:92)
[stacktrace]
#0 C:\\Users\\evaa2\\OneDrive\\Escritorio\\EvaluaPro\\evaluaPro\\vendor\\laravel\\framework\\src\\Illuminate\\Foundation\\Bootstrap\\HandleExceptions.php(255): Illuminate\\Foundation\\Bootstrap\\HandleExceptions->handleError(2, 'Attempt to read...', 'C:\\\\Users\\\\evaa2\\\\...', 92)
#1 C:\\Users\\evaa2\\OneDrive\\Escritorio\\EvaluaPro\\evaluaPro\\app\\Http\\Controllers\\UsuarioController.php(92): Illuminate\\Foundation\\Bootstrap\\HandleExceptions->Illuminate\\Foundation\\Bootstrap\\{closure}(2, 'Attempt to read...', 'C:\\\\Users\\\\evaa2\\\\...', 92)
#2 C:\\Users\\evaa2\\OneDrive\\Escritorio\\EvaluaPro\\evaluaPro\\vendor\\laravel\\framework\\src\\Illuminate\\Routing\\Controller.php(54): App\\Http\\Controllers\\UsuarioController->index()
#3 C:\\Users\\evaa2\\OneDrive\\Escritorio\\EvaluaPro\\evaluaPro\\vendor\\laravel\\framework\\src\\Illuminate\\Routing\\ControllerDispatcher.php(43): Illuminate\\Routing\\Controller->callAction('index', Array)
#4 C:\\Users\\evaa2\\OneDrive\\Escritorio\\EvaluaPro\\evaluaPro\\vendor\\laravel\\framework\\src\\Illuminate\\Routing\\Route.php(259): Illuminate\\Routing\\ControllerDispatcher->dispatch(Object(Illuminate\\Routing\\Route), Object(App\\Http\\Controllers\\UsuarioController), 'index')
#5 C:\\Users\\evaa2\\OneDrive\\Escritorio\\EvaluaPro\\evaluaPro\\vendor\\laravel\\framework\\src\\Illuminate\\Routing\\Route.php(205): Illuminate\\Routing\\Route->runController()
#6 C:\\Users\\evaa2\\OneDrive\\Escritorio\\EvaluaPro\\evaluaPro\\vendor\\laravel\\framework\\src\\Illuminate\\Routing\\Router.php(806): Illuminate\\Routing\\Route->run()
#7 C:\\Users\\evaa2\\OneDrive\\Escritorio\\EvaluaPro\\evaluaPro\\vendor\\laravel\\framework\\src\\Illuminate\\Pipeline\\Pipeline.php(144): Illuminate\\Routing\\Router->Illuminate\\Routing\\{closure}(Object(Illuminate\\Http\\Request))
#8 C:\\Users\\evaa2\\OneDrive\\Escritorio\\EvaluaPro\\evaluaPro\\app\\Http\\Middleware\\RolMiddleware.php(21): Illuminate\\Pipeline\\Pipeline->Illuminate\\Pipeline\\{closure}(Object(Illuminate\\Http\\Request))
#9 C:\\Users\\evaa2\\OneDrive\\Escritorio\\EvaluaPro\\evaluaPro\\vendor\\laravel\\framework\\src\\Illuminate\\Pipeline\\Pipeline.php(183): App\\Http\\Middleware\\RolMiddleware->handle(Object(Illuminate\\Http\\Request), Object(Closure), 'admin', 'capacitador', 'usuario')
#10 C:\\Users\\evaa2\\OneDrive\\Escritorio\\EvaluaPro\\evaluaPro\\vendor\\laravel\\framework\\src\\Illuminate\\Routing\\Middleware\\SubstituteBindings.php(50): Illuminate\\Pipeline\\Pipeline->Illuminate\\Pipeline\\{closure}(Object(Illuminate\\Http\\Request))
#11 C:\\Users\\evaa2\\OneDrive\\Escritorio\\EvaluaPro\\evaluaPro\\vendor\\laravel\\framework\\src\\Illuminate\\Pipeline\\Pipeline.php(183): Illuminate\\Routing\\Middleware\\SubstituteBindings->handle(Object(Illuminate\\Http\\Request), Object(Closure))
#12 C:\\Users\\evaa2\\OneDrive\\Escritorio\\EvaluaPro\\evaluaPro\\vendor\\laravel\\framework\\src\\Illuminate\\Auth\\Middleware\\Authenticate.php(57): Illuminate\\Pipeline\\Pipeline->Illuminate\\Pipeline\\{closure}(Object(Illuminate\\Http\\Request))
#13 C:\\Users\\evaa2\\OneDrive\\Escritorio\\EvaluaPro\\evaluaPro\\vendor\\laravel\\framework\\src\\Illuminate\\Pipeline\\Pipeline.php(183): Illuminate\\Auth\\Middleware\\Authenticate->handle(Object(Illuminate\\Http\\Request), Object(Closure))
#14 C:\\Users\\evaa2\\OneDrive\\Escritorio\\EvaluaPro\\evaluaPro\\vendor\\laravel\\framework\\src\\Illuminate\\Foundation\\Http\\Middleware\\VerifyCsrfToken.php(78): Illuminate\\Pipeline\\Pipeline->Illuminate\\Pipeline\\{closure}(Object(Illuminate\\Http\\Request))
#15 C:\\Users\\evaa2\\OneDrive\\Escritorio\\EvaluaPro\\evaluaPro\\vendor\\laravel\\framework\\src\\Illuminate\\Pipeline\\Pipeline.php(183): Illuminate\\Foundation\\Http\\Middleware\\VerifyCsrfToken->handle(Object(Illuminate\\Http\\Request), Object(Closure))
#16 C:\\Users\\evaa2\\OneDrive\\Escritorio\\EvaluaPro\\evaluaPro\\vendor\\laravel\\framework\\src\\Illuminate\\View\\Middleware\\ShareErrorsFromSession.php(49): Illuminate\\Pipeline\\Pipeline->Illuminate\\Pipeline\\{closure}(Object(Illuminate\\Http\\Request))
#17 C:\\Users\\evaa2\\OneDrive\\Escritorio\\EvaluaPro\\evaluaPro\\vendor\\laravel\\framework\\src\\Illuminate\\Pipeline\\Pipeline.php(183): Illuminate\\View\\Middleware\\ShareErrorsFromSession->handle(Object(Illuminate\\Http\\Request), Object(Closure))
#18 C:\\Users\\evaa2\\OneDrive\\Escritorio\\EvaluaPro\\evaluaPro\\vendor\\laravel\\framework\\src\\Illuminate\\Session\\Middleware\\StartSession.php(121): Illuminate\\Pipeline\\Pipeline->Illuminate\\Pipeline\\{closure}(Object(Illuminate\\Http\\Request))
#19 C:\\Users\\evaa2\\OneDrive\\Escritorio\\EvaluaPro\\evaluaPro\\vendor\\laravel\\framework\\src\\Illuminate\\Session\\Middleware\\StartSession.php(64): Illuminate\\Session\\Middleware\\StartSession->handleStatefulRequest(Object(Illuminate\\Http\\Request), Object(Illuminate\\Session\\Store), Object(Closure))
#20 C:\\Users\\evaa2\\OneDrive\\Escritorio\\EvaluaPro\\evaluaPro\\vendor\\laravel\\framework\\src\\Illuminate\\Pipeline\\Pipeline.php(183): Illuminate\\Session\\Middleware\\StartSession->handle(Object(Illuminate\\Http\\Request), Object(Closure))
#21 C:\\Users\\evaa2\\OneDrive\\Escritorio\\EvaluaPro\\evaluaPro\\vendor\\laravel\\framework\\src\\Illuminate\\Cookie\\Middleware\\AddQueuedCookiesToResponse.php(37): Illuminate\\Pipeline\\Pipeline->Illuminate\\Pipeline\\{closure}(Object(Illuminate\\Http\\Request))
#22 C:\\Users\\evaa2\\OneDrive\\Escritorio\\EvaluaPro\\evaluaPro\\vendor\\laravel\\framework\\src\\Illuminate\\Pipeline\\Pipeline.php(183): Illuminate\\Cookie\\Middleware\\AddQueuedCookiesToResponse->handle(Object(Illuminate\\Http\\Request), Object(Closure))
#23 C:\\Users\\evaa2\\OneDrive\\Escritorio\\EvaluaPro\\evaluaPro\\vendor\\laravel\\framework\\src\\Illuminate\\Cookie\\Middleware\\EncryptCookies.php(67): Illuminate\\Pipeline\\Pipeline->Illuminate\\Pipeline\\{closure}(Object(Illuminate\\Http\\Request))
#24 C:\\Users\\evaa2\\OneDrive\\Escritorio\\EvaluaPro\\evaluaPro\\vendor\\laravel\\framework\\src\\Illuminate\\Pipeline\\Pipeline.php(183): Illuminate\\Cookie\\Middleware\\EncryptCookies->handle(Object(Illuminate\\Http\\Request), Object(Closure))
#25 C:\\Users\\evaa2\\OneDrive\\Escritorio\\EvaluaPro\\evaluaPro\\vendor\\laravel\\framework\\src\\Illuminate\\Pipeline\\Pipeline.php(119): Illuminate\\Pipeline\\Pipeline->Illuminate\\Pipeline\\{closure}(Object(Illuminate\\Http\\Request))
#26 C:\\Users\\evaa2\\OneDrive\\Escritorio\\EvaluaPro\\evaluaPro\\vendor\\laravel\\framework\\src\\Illuminate\\Routing\\Router.php(805): Illuminate\\Pipeline\\Pipeline->then(Object(Closure))
#27 C:\\Users\\evaa2\\OneDrive\\Escritorio\\EvaluaPro\\evaluaPro\\vendor\\laravel\\framework\\src\\Illuminate\\Routing\\Router.php(784): Illuminate\\Routing\\Router->runRouteWithinStack(Object(Illuminate\\Routing\\Route), Object(Illuminate\\Http\\Request))
#28 C:\\Users\\evaa2\\OneDrive\\Escritorio\\EvaluaPro\\evaluaPro\\vendor\\laravel\\framework\\src\\Illuminate\\Routing\\Router.php(748): Illuminate\\Routing\\Router->runRoute(Object(Illuminate\\Http\\Request), Object(Illuminate\\Routing\\Route))
#29 C:\\Users\\evaa2\\OneDrive\\Escritorio\\EvaluaPro\\evaluaPro\\vendor\\laravel\\framework\\src\\Illuminate\\Routing\\Router.php(737): Illuminate\\Routing\\Router->dispatchToRoute(Object(Illuminate\\Http\\Request))
#30 C:\\Users\\evaa2\\OneDrive\\Escritorio\\EvaluaPro\\evaluaPro\\vendor\\laravel\\framework\\src\\Illuminate\\Foundation\\Http\\Kernel.php(200): Illuminate\\Routing\\Router->dispatch(Object(Illuminate\\Http\\Request))
#31 C:\\Users\\evaa2\\OneDrive\\Escritorio\\EvaluaPro\\evaluaPro\\vendor\\laravel\\framework\\src\\Illuminate\\Pipeline\\Pipeline.php(144): Illuminate\\Foundation\\Http\\Kernel->Illuminate\\Foundation\\Http\\{closure}(Object(Illuminate\\Http\\Request))
#32 C:\\Users\\evaa2\\OneDrive\\Escritorio\\EvaluaPro\\evaluaPro\\vendor\\laravel\\framework\\src\\Illuminate\\Foundation\\Http\\Middleware\\TransformsRequest.php(21): Illuminate\\Pipeline\\Pipeline->Illuminate\\Pipeline\\{closure}(Object(Illuminate\\Http\\Request))
#33 C:\\Users\\evaa2\\OneDrive\\Escritorio\\EvaluaPro\\evaluaPro\\vendor\\laravel\\framework\\src\\Illuminate\\Foundation\\Http\\Middleware\\ConvertEmptyStringsToNull.php(31): Illuminate\\Foundation\\Http\\Middleware\\TransformsRequest->handle(Object(Illuminate\\Http\\Request), Object(Closure))
#34 C:\\Users\\evaa2\\OneDrive\\Escritorio\\EvaluaPro\\evaluaPro\\vendor\\laravel\\framework\\src\\Illuminate\\Pipeline\\Pipeline.php(183): Illuminate\\Foundation\\Http\\Middleware\\ConvertEmptyStringsToNull->handle(Object(Illuminate\\Http\\Request), Object(Closure))
#35 C:\\Users\\evaa2\\OneDrive\\Escritorio\\EvaluaPro\\evaluaPro\\vendor\\laravel\\framework\\src\\Illuminate\\Foundation\\Http\\Middleware\\TransformsRequest.php(21): Illuminate\\Pipeline\\Pipeline->Illuminate\\Pipeline\\{closure}(Object(Illuminate\\Http\\Request))
#36 C:\\Users\\evaa2\\OneDrive\\Escritorio\\EvaluaPro\\evaluaPro\\vendor\\laravel\\framework\\src\\Illuminate\\Foundation\\Http\\Middleware\\TrimStrings.php(40): Illuminate\\Foundation\\Http\\Middleware\\TransformsRequest->handle(Object(Illuminate\\Http\\Request), Object(Closure))
#37 C:\\Users\\evaa2\\OneDrive\\Escritorio\\EvaluaPro\\evaluaPro\\vendor\\laravel\\framework\\src\\Illuminate\\Pipeline\\Pipeline.php(183): Illuminate\\Foundation\\Http\\Middleware\\TrimStrings->handle(Object(Illuminate\\Http\\Request), Object(Closure))
#38 C:\\Users\\evaa2\\OneDrive\\Escritorio\\EvaluaPro\\evaluaPro\\vendor\\laravel\\framework\\src\\Illuminate\\Foundation\\Http\\Middleware\\ValidatePostSize.php(27): Illuminate\\Pipeline\\Pipeline->Illuminate\\Pipeline\\{closure}(Object(Illuminate\\Http\\Request))
#39 C:\\Users\\evaa2\\OneDrive\\Escritorio\\EvaluaPro\\evaluaPro\\vendor\\laravel\\framework\\src\\Illuminate\\Pipeline\\Pipeline.php(183): Illuminate\\Foundation\\Http\\Middleware\\ValidatePostSize->handle(Object(Illuminate\\Http\\Request), Object(Closure))
#40 C:\\Users\\evaa2\\OneDrive\\Escritorio\\EvaluaPro\\evaluaPro\\vendor\\laravel\\framework\\src\\Illuminate\\Foundation\\Http\\Middleware\\PreventRequestsDuringMaintenance.php(99): Illuminate\\Pipeline\\Pipeline->Illuminate\\Pipeline\\{closure}(Object(Illuminate\\Http\\Request))
#41 C:\\Users\\evaa2\\OneDrive\\Escritorio\\EvaluaPro\\evaluaPro\\vendor\\laravel\\framework\\src\\Illuminate\\Pipeline\\Pipeline.php(183): Illuminate\\Foundation\\Http\\Middleware\\PreventRequestsDuringMaintenance->handle(Object(Illuminate\\Http\\Request), Object(Closure))
#42 C:\\Users\\evaa2\\OneDrive\\Escritorio\\EvaluaPro\\evaluaPro\\vendor\\laravel\\framework\\src\\Illuminate\\Http\\Middleware\\HandleCors.php(49): Illuminate\\Pipeline\\Pipeline->Illuminate\\Pipeline\\{closure}(Object(Illuminate\\Http\\Request))
#43 C:\\Users\\evaa2\\OneDrive\\Escritorio\\EvaluaPro\\evaluaPro\\vendor\\laravel\\framework\\src\\Illuminate\\Pipeline\\Pipeline.php(183): Illuminate\\Http\\Middleware\\HandleCors->handle(Object(Illuminate\\Http\\Request), Object(Closure))
#44 C:\\Users\\evaa2\\OneDrive\\Escritorio\\EvaluaPro\\evaluaPro\\vendor\\laravel\\framework\\src\\Illuminate\\Http\\Middleware\\TrustProxies.php(39): Illuminate\\Pipeline\\Pipeline->Illuminate\\Pipeline\\{closure}(Object(Illuminate\\Http\\Request))
#45 C:\\Users\\evaa2\\OneDrive\\Escritorio\\EvaluaPro\\evaluaPro\\vendor\\laravel\\framework\\src\\Illuminate\\Pipeline\\Pipeline.php(183): Illuminate\\Http\\Middleware\\TrustProxies->handle(Object(Illuminate\\Http\\Request), Object(Closure))
#46 C:\\Users\\evaa2\\OneDrive\\Escritorio\\EvaluaPro\\evaluaPro\\vendor\\laravel\\framework\\src\\Illuminate\\Pipeline\\Pipeline.php(119): Illuminate\\Pipeline\\Pipeline->Illuminate\\Pipeline\\{closure}(Object(Illuminate\\Http\\Request))
#47 C:\\Users\\evaa2\\OneDrive\\Escritorio\\EvaluaPro\\evaluaPro\\vendor\\laravel\\framework\\src\\Illuminate\\Foundation\\Http\\Kernel.php(175): Illuminate\\Pipeline\\Pipeline->then(Object(Closure))
#48 C:\\Users\\evaa2\\OneDrive\\Escritorio\\EvaluaPro\\evaluaPro\\vendor\\laravel\\framework\\src\\Illuminate\\Foundation\\Http\\Kernel.php(144): Illuminate\\Foundation\\Http\\Kernel->sendRequestThroughRouter(Object(Illuminate\\Http\\Request))
#49 C:\\Users\\evaa2\\OneDrive\\Escritorio\\EvaluaPro\\evaluaPro\\public\\index.php(51): Illuminate\\Foundation\\Http\\Kernel->handle(Object(Illuminate\\Http\\Request))
#50 C:\\Users\\evaa2\\OneDrive\\Escritorio\\EvaluaPro\\evaluaPro\\vendor\\laravel\\framework\\src\\Illuminate\\Foundation\\resources\\server.php(16): require_once('C:\\\\Users\\\\evaa2\\\\...')
#51 {main}
"} 
[2025-08-14 19:56:40] local.ERROR: Attempt to read property "idReticula" on null {"userId":"Damaris","exception":"[object] (ErrorException(code: 0): Attempt to read property \"idReticula\" on null at C:\\Users\\evaa2\\OneDrive\\Escritorio\\EvaluaPro\\evaluaPro\\app\\Http\\Controllers\\UsuarioController.php:92)
[stacktrace]
#0 C:\\Users\\evaa2\\OneDrive\\Escritorio\\EvaluaPro\\evaluaPro\\vendor\\laravel\\framework\\src\\Illuminate\\Foundation\\Bootstrap\\HandleExceptions.php(255): Illuminate\\Foundation\\Bootstrap\\HandleExceptions->handleError(2, 'Attempt to read...', 'C:\\\\Users\\\\evaa2\\\\...', 92)
#1 C:\\Users\\evaa2\\OneDrive\\Escritorio\\EvaluaPro\\evaluaPro\\app\\Http\\Controllers\\UsuarioController.php(92): Illuminate\\Foundation\\Bootstrap\\HandleExceptions->Illuminate\\Foundation\\Bootstrap\\{closure}(2, 'Attempt to read...', 'C:\\\\Users\\\\evaa2\\\\...', 92)
#2 C:\\Users\\evaa2\\OneDrive\\Escritorio\\EvaluaPro\\evaluaPro\\vendor\\laravel\\framework\\src\\Illuminate\\Routing\\Controller.php(54): App\\Http\\Controllers\\UsuarioController->index()
#3 C:\\Users\\evaa2\\OneDrive\\Escritorio\\EvaluaPro\\evaluaPro\\vendor\\laravel\\framework\\src\\Illuminate\\Routing\\ControllerDispatcher.php(43): Illuminate\\Routing\\Controller->callAction('index', Array)
#4 C:\\Users\\evaa2\\OneDrive\\Escritorio\\EvaluaPro\\evaluaPro\\vendor\\laravel\\framework\\src\\Illuminate\\Routing\\Route.php(259): Illuminate\\Routing\\ControllerDispatcher->dispatch(Object(Illuminate\\Routing\\Route), Object(App\\Http\\Controllers\\UsuarioController), 'index')
#5 C:\\Users\\evaa2\\OneDrive\\Escritorio\\EvaluaPro\\evaluaPro\\vendor\\laravel\\framework\\src\\Illuminate\\Routing\\Route.php(205): Illuminate\\Routing\\Route->runController()
#6 C:\\Users\\evaa2\\OneDrive\\Escritorio\\EvaluaPro\\evaluaPro\\vendor\\laravel\\framework\\src\\Illuminate\\Routing\\Router.php(806): Illuminate\\Routing\\Route->run()
#7 C:\\Users\\evaa2\\OneDrive\\Escritorio\\EvaluaPro\\evaluaPro\\vendor\\laravel\\framework\\src\\Illuminate\\Pipeline\\Pipeline.php(144): Illuminate\\Routing\\Router->Illuminate\\Routing\\{closure}(Object(Illuminate\\Http\\Request))
#8 C:\\Users\\evaa2\\OneDrive\\Escritorio\\EvaluaPro\\evaluaPro\\app\\Http\\Middleware\\RolMiddleware.php(21): Illuminate\\Pipeline\\Pipeline->Illuminate\\Pipeline\\{closure}(Object(Illuminate\\Http\\Request))
#9 C:\\Users\\evaa2\\OneDrive\\Escritorio\\EvaluaPro\\evaluaPro\\vendor\\laravel\\framework\\src\\Illuminate\\Pipeline\\Pipeline.php(183): App\\Http\\Middleware\\RolMiddleware->handle(Object(Illuminate\\Http\\Request), Object(Closure), 'admin', 'capacitador', 'usuario')
#10 C:\\Users\\evaa2\\OneDrive\\Escritorio\\EvaluaPro\\evaluaPro\\vendor\\laravel\\framework\\src\\Illuminate\\Routing\\Middleware\\SubstituteBindings.php(50): Illuminate\\Pipeline\\Pipeline->Illuminate\\Pipeline\\{closure}(Object(Illuminate\\Http\\Request))
#11 C:\\Users\\evaa2\\OneDrive\\Escritorio\\EvaluaPro\\evaluaPro\\vendor\\laravel\\framework\\src\\Illuminate\\Pipeline\\Pipeline.php(183): Illuminate\\Routing\\Middleware\\SubstituteBindings->handle(Object(Illuminate\\Http\\Request), Object(Closure))
#12 C:\\Users\\evaa2\\OneDrive\\Escritorio\\EvaluaPro\\evaluaPro\\vendor\\laravel\\framework\\src\\Illuminate\\Auth\\Middleware\\Authenticate.php(57): Illuminate\\Pipeline\\Pipeline->Illuminate\\Pipeline\\{closure}(Object(Illuminate\\Http\\Request))
#13 C:\\Users\\evaa2\\OneDrive\\Escritorio\\EvaluaPro\\evaluaPro\\vendor\\laravel\\framework\\src\\Illuminate\\Pipeline\\Pipeline.php(183): Illuminate\\Auth\\Middleware\\Authenticate->handle(Object(Illuminate\\Http\\Request), Object(Closure))
#14 C:\\Users\\evaa2\\OneDrive\\Escritorio\\EvaluaPro\\evaluaPro\\vendor\\laravel\\framework\\src\\Illuminate\\Foundation\\Http\\Middleware\\VerifyCsrfToken.php(78): Illuminate\\Pipeline\\Pipeline->Illuminate\\Pipeline\\{closure}(Object(Illuminate\\Http\\Request))
#15 C:\\Users\\evaa2\\OneDrive\\Escritorio\\EvaluaPro\\evaluaPro\\vendor\\laravel\\framework\\src\\Illuminate\\Pipeline\\Pipeline.php(183): Illuminate\\Foundation\\Http\\Middleware\\VerifyCsrfToken->handle(Object(Illuminate\\Http\\Request), Object(Closure))
#16 C:\\Users\\evaa2\\OneDrive\\Escritorio\\EvaluaPro\\evaluaPro\\vendor\\laravel\\framework\\src\\Illuminate\\View\\Middleware\\ShareErrorsFromSession.php(49): Illuminate\\Pipeline\\Pipeline->Illuminate\\Pipeline\\{closure}(Object(Illuminate\\Http\\Request))
#17 C:\\Users\\evaa2\\OneDrive\\Escritorio\\EvaluaPro\\evaluaPro\\vendor\\laravel\\framework\\src\\Illuminate\\Pipeline\\Pipeline.php(183): Illuminate\\View\\Middleware\\ShareErrorsFromSession->handle(Object(Illuminate\\Http\\Request), Object(Closure))
#18 C:\\Users\\evaa2\\OneDrive\\Escritorio\\EvaluaPro\\evaluaPro\\vendor\\laravel\\framework\\src\\Illuminate\\Session\\Middleware\\StartSession.php(121): Illuminate\\Pipeline\\Pipeline->Illuminate\\Pipeline\\{closure}(Object(Illuminate\\Http\\Request))
#19 C:\\Users\\evaa2\\OneDrive\\Escritorio\\EvaluaPro\\evaluaPro\\vendor\\laravel\\framework\\src\\Illuminate\\Session\\Middleware\\StartSession.php(64): Illuminate\\Session\\Middleware\\StartSession->handleStatefulRequest(Object(Illuminate\\Http\\Request), Object(Illuminate\\Session\\Store), Object(Closure))
#20 C:\\Users\\evaa2\\OneDrive\\Escritorio\\EvaluaPro\\evaluaPro\\vendor\\laravel\\framework\\src\\Illuminate\\Pipeline\\Pipeline.php(183): Illuminate\\Session\\Middleware\\StartSession->handle(Object(Illuminate\\Http\\Request), Object(Closure))
#21 C:\\Users\\evaa2\\OneDrive\\Escritorio\\EvaluaPro\\evaluaPro\\vendor\\laravel\\framework\\src\\Illuminate\\Cookie\\Middleware\\AddQueuedCookiesToResponse.php(37): Illuminate\\Pipeline\\Pipeline->Illuminate\\Pipeline\\{closure}(Object(Illuminate\\Http\\Request))
#22 C:\\Users\\evaa2\\OneDrive\\Escritorio\\EvaluaPro\\evaluaPro\\vendor\\laravel\\framework\\src\\Illuminate\\Pipeline\\Pipeline.php(183): Illuminate\\Cookie\\Middleware\\AddQueuedCookiesToResponse->handle(Object(Illuminate\\Http\\Request), Object(Closure))
#23 C:\\Users\\evaa2\\OneDrive\\Escritorio\\EvaluaPro\\evaluaPro\\vendor\\laravel\\framework\\src\\Illuminate\\Cookie\\Middleware\\EncryptCookies.php(67): Illuminate\\Pipeline\\Pipeline->Illuminate\\Pipeline\\{closure}(Object(Illuminate\\Http\\Request))
#24 C:\\Users\\evaa2\\OneDrive\\Escritorio\\EvaluaPro\\evaluaPro\\vendor\\laravel\\framework\\src\\Illuminate\\Pipeline\\Pipeline.php(183): Illuminate\\Cookie\\Middleware\\EncryptCookies->handle(Object(Illuminate\\Http\\Request), Object(Closure))
#25 C:\\Users\\evaa2\\OneDrive\\Escritorio\\EvaluaPro\\evaluaPro\\vendor\\laravel\\framework\\src\\Illuminate\\Pipeline\\Pipeline.php(119): Illuminate\\Pipeline\\Pipeline->Illuminate\\Pipeline\\{closure}(Object(Illuminate\\Http\\Request))
#26 C:\\Users\\evaa2\\OneDrive\\Escritorio\\EvaluaPro\\evaluaPro\\vendor\\laravel\\framework\\src\\Illuminate\\Routing\\Router.php(805): Illuminate\\Pipeline\\Pipeline->then(Object(Closure))
#27 C:\\Users\\evaa2\\OneDrive\\Escritorio\\EvaluaPro\\evaluaPro\\vendor\\laravel\\framework\\src\\Illuminate\\Routing\\Router.php(784): Illuminate\\Routing\\Router->runRouteWithinStack(Object(Illuminate\\Routing\\Route), Object(Illuminate\\Http\\Request))
#28 C:\\Users\\evaa2\\OneDrive\\Escritorio\\EvaluaPro\\evaluaPro\\vendor\\laravel\\framework\\src\\Illuminate\\Routing\\Router.php(748): Illuminate\\Routing\\Router->runRoute(Object(Illuminate\\Http\\Request), Object(Illuminate\\Routing\\Route))
#29 C:\\Users\\evaa2\\OneDrive\\Escritorio\\EvaluaPro\\evaluaPro\\vendor\\laravel\\framework\\src\\Illuminate\\Routing\\Router.php(737): Illuminate\\Routing\\Router->dispatchToRoute(Object(Illuminate\\Http\\Request))
#30 C:\\Users\\evaa2\\OneDrive\\Escritorio\\EvaluaPro\\evaluaPro\\vendor\\laravel\\framework\\src\\Illuminate\\Foundation\\Http\\Kernel.php(200): Illuminate\\Routing\\Router->dispatch(Object(Illuminate\\Http\\Request))
#31 C:\\Users\\evaa2\\OneDrive\\Escritorio\\EvaluaPro\\evaluaPro\\vendor\\laravel\\framework\\src\\Illuminate\\Pipeline\\Pipeline.php(144): Illuminate\\Foundation\\Http\\Kernel->Illuminate\\Foundation\\Http\\{closure}(Object(Illuminate\\Http\\Request))
#32 C:\\Users\\evaa2\\OneDrive\\Escritorio\\EvaluaPro\\evaluaPro\\vendor\\laravel\\framework\\src\\Illuminate\\Foundation\\Http\\Middleware\\TransformsRequest.php(21): Illuminate\\Pipeline\\Pipeline->Illuminate\\Pipeline\\{closure}(Object(Illuminate\\Http\\Request))
#33 C:\\Users\\evaa2\\OneDrive\\Escritorio\\EvaluaPro\\evaluaPro\\vendor\\laravel\\framework\\src\\Illuminate\\Foundation\\Http\\Middleware\\ConvertEmptyStringsToNull.php(31): Illuminate\\Foundation\\Http\\Middleware\\TransformsRequest->handle(Object(Illuminate\\Http\\Request), Object(Closure))
#34 C:\\Users\\evaa2\\OneDrive\\Escritorio\\EvaluaPro\\evaluaPro\\vendor\\laravel\\framework\\src\\Illuminate\\Pipeline\\Pipeline.php(183): Illuminate\\Foundation\\Http\\Middleware\\ConvertEmptyStringsToNull->handle(Object(Illuminate\\Http\\Request), Object(Closure))
#35 C:\\Users\\evaa2\\OneDrive\\Escritorio\\EvaluaPro\\evaluaPro\\vendor\\laravel\\framework\\src\\Illuminate\\Foundation\\Http\\Middleware\\TransformsRequest.php(21): Illuminate\\Pipeline\\Pipeline->Illuminate\\Pipeline\\{closure}(Object(Illuminate\\Http\\Request))
#36 C:\\Users\\evaa2\\OneDrive\\Escritorio\\EvaluaPro\\evaluaPro\\vendor\\laravel\\framework\\src\\Illuminate\\Foundation\\Http\\Middleware\\TrimStrings.php(40): Illuminate\\Foundation\\Http\\Middleware\\TransformsRequest->handle(Object(Illuminate\\Http\\Request), Object(Closure))
#37 C:\\Users\\evaa2\\OneDrive\\Escritorio\\EvaluaPro\\evaluaPro\\vendor\\laravel\\framework\\src\\Illuminate\\Pipeline\\Pipeline.php(183): Illuminate\\Foundation\\Http\\Middleware\\TrimStrings->handle(Object(Illuminate\\Http\\Request), Object(Closure))
#38 C:\\Users\\evaa2\\OneDrive\\Escritorio\\EvaluaPro\\evaluaPro\\vendor\\laravel\\framework\\src\\Illuminate\\Foundation\\Http\\Middleware\\ValidatePostSize.php(27): Illuminate\\Pipeline\\Pipeline->Illuminate\\Pipeline\\{closure}(Object(Illuminate\\Http\\Request))
#39 C:\\Users\\evaa2\\OneDrive\\Escritorio\\EvaluaPro\\evaluaPro\\vendor\\laravel\\framework\\src\\Illuminate\\Pipeline\\Pipeline.php(183): Illuminate\\Foundation\\Http\\Middleware\\ValidatePostSize->handle(Object(Illuminate\\Http\\Request), Object(Closure))
#40 C:\\Users\\evaa2\\OneDrive\\Escritorio\\EvaluaPro\\evaluaPro\\vendor\\laravel\\framework\\src\\Illuminate\\Foundation\\Http\\Middleware\\PreventRequestsDuringMaintenance.php(99): Illuminate\\Pipeline\\Pipeline->Illuminate\\Pipeline\\{closure}(Object(Illuminate\\Http\\Request))
#41 C:\\Users\\evaa2\\OneDrive\\Escritorio\\EvaluaPro\\evaluaPro\\vendor\\laravel\\framework\\src\\Illuminate\\Pipeline\\Pipeline.php(183): Illuminate\\Foundation\\Http\\Middleware\\PreventRequestsDuringMaintenance->handle(Object(Illuminate\\Http\\Request), Object(Closure))
#42 C:\\Users\\evaa2\\OneDrive\\Escritorio\\EvaluaPro\\evaluaPro\\vendor\\laravel\\framework\\src\\Illuminate\\Http\\Middleware\\HandleCors.php(49): Illuminate\\Pipeline\\Pipeline->Illuminate\\Pipeline\\{closure}(Object(Illuminate\\Http\\Request))
#43 C:\\Users\\evaa2\\OneDrive\\Escritorio\\EvaluaPro\\evaluaPro\\vendor\\laravel\\framework\\src\\Illuminate\\Pipeline\\Pipeline.php(183): Illuminate\\Http\\Middleware\\HandleCors->handle(Object(Illuminate\\Http\\Request), Object(Closure))
#44 C:\\Users\\evaa2\\OneDrive\\Escritorio\\EvaluaPro\\evaluaPro\\vendor\\laravel\\framework\\src\\Illuminate\\Http\\Middleware\\TrustProxies.php(39): Illuminate\\Pipeline\\Pipeline->Illuminate\\Pipeline\\{closure}(Object(Illuminate\\Http\\Request))
#45 C:\\Users\\evaa2\\OneDrive\\Escritorio\\EvaluaPro\\evaluaPro\\vendor\\laravel\\framework\\src\\Illuminate\\Pipeline\\Pipeline.php(183): Illuminate\\Http\\Middleware\\TrustProxies->handle(Object(Illuminate\\Http\\Request), Object(Closure))
#46 C:\\Users\\evaa2\\OneDrive\\Escritorio\\EvaluaPro\\evaluaPro\\vendor\\laravel\\framework\\src\\Illuminate\\Pipeline\\Pipeline.php(119): Illuminate\\Pipeline\\Pipeline->Illuminate\\Pipeline\\{closure}(Object(Illuminate\\Http\\Request))
#47 C:\\Users\\evaa2\\OneDrive\\Escritorio\\EvaluaPro\\evaluaPro\\vendor\\laravel\\framework\\src\\Illuminate\\Foundation\\Http\\Kernel.php(175): Illuminate\\Pipeline\\Pipeline->then(Object(Closure))
#48 C:\\Users\\evaa2\\OneDrive\\Escritorio\\EvaluaPro\\evaluaPro\\vendor\\laravel\\framework\\src\\Illuminate\\Foundation\\Http\\Kernel.php(144): Illuminate\\Foundation\\Http\\Kernel->sendRequestThroughRouter(Object(Illuminate\\Http\\Request))
#49 C:\\Users\\evaa2\\OneDrive\\Escritorio\\EvaluaPro\\evaluaPro\\public\\index.php(51): Illuminate\\Foundation\\Http\\Kernel->handle(Object(Illuminate\\Http\\Request))
#50 C:\\Users\\evaa2\\OneDrive\\Escritorio\\EvaluaPro\\evaluaPro\\vendor\\laravel\\framework\\src\\Illuminate\\Foundation\\resources\\server.php(16): require_once('C:\\\\Users\\\\evaa2\\\\...')
#51 {main}
"} 
[2025-08-14 19:57:18] local.ERROR: Attempt to read property "idReticula" on null {"userId":"Damaris","exception":"[object] (ErrorException(code: 0): Attempt to read property \"idReticula\" on null at C:\\Users\\evaa2\\OneDrive\\Escritorio\\EvaluaPro\\evaluaPro\\app\\Http\\Controllers\\UsuarioController.php:92)
[stacktrace]
#0 C:\\Users\\evaa2\\OneDrive\\Escritorio\\EvaluaPro\\evaluaPro\\vendor\\laravel\\framework\\src\\Illuminate\\Foundation\\Bootstrap\\HandleExceptions.php(255): Illuminate\\Foundation\\Bootstrap\\HandleExceptions->handleError(2, 'Attempt to read...', 'C:\\\\Users\\\\evaa2\\\\...', 92)
#1 C:\\Users\\evaa2\\OneDrive\\Escritorio\\EvaluaPro\\evaluaPro\\app\\Http\\Controllers\\UsuarioController.php(92): Illuminate\\Foundation\\Bootstrap\\HandleExceptions->Illuminate\\Foundation\\Bootstrap\\{closure}(2, 'Attempt to read...', 'C:\\\\Users\\\\evaa2\\\\...', 92)
#2 C:\\Users\\evaa2\\OneDrive\\Escritorio\\EvaluaPro\\evaluaPro\\vendor\\laravel\\framework\\src\\Illuminate\\Routing\\Controller.php(54): App\\Http\\Controllers\\UsuarioController->index()
#3 C:\\Users\\evaa2\\OneDrive\\Escritorio\\EvaluaPro\\evaluaPro\\vendor\\laravel\\framework\\src\\Illuminate\\Routing\\ControllerDispatcher.php(43): Illuminate\\Routing\\Controller->callAction('index', Array)
#4 C:\\Users\\evaa2\\OneDrive\\Escritorio\\EvaluaPro\\evaluaPro\\vendor\\laravel\\framework\\src\\Illuminate\\Routing\\Route.php(259): Illuminate\\Routing\\ControllerDispatcher->dispatch(Object(Illuminate\\Routing\\Route), Object(App\\Http\\Controllers\\UsuarioController), 'index')
#5 C:\\Users\\evaa2\\OneDrive\\Escritorio\\EvaluaPro\\evaluaPro\\vendor\\laravel\\framework\\src\\Illuminate\\Routing\\Route.php(205): Illuminate\\Routing\\Route->runController()
#6 C:\\Users\\evaa2\\OneDrive\\Escritorio\\EvaluaPro\\evaluaPro\\vendor\\laravel\\framework\\src\\Illuminate\\Routing\\Router.php(806): Illuminate\\Routing\\Route->run()
#7 C:\\Users\\evaa2\\OneDrive\\Escritorio\\EvaluaPro\\evaluaPro\\vendor\\laravel\\framework\\src\\Illuminate\\Pipeline\\Pipeline.php(144): Illuminate\\Routing\\Router->Illuminate\\Routing\\{closure}(Object(Illuminate\\Http\\Request))
#8 C:\\Users\\evaa2\\OneDrive\\Escritorio\\EvaluaPro\\evaluaPro\\app\\Http\\Middleware\\RolMiddleware.php(21): Illuminate\\Pipeline\\Pipeline->Illuminate\\Pipeline\\{closure}(Object(Illuminate\\Http\\Request))
#9 C:\\Users\\evaa2\\OneDrive\\Escritorio\\EvaluaPro\\evaluaPro\\vendor\\laravel\\framework\\src\\Illuminate\\Pipeline\\Pipeline.php(183): App\\Http\\Middleware\\RolMiddleware->handle(Object(Illuminate\\Http\\Request), Object(Closure), 'admin', 'capacitador', 'usuario')
#10 C:\\Users\\evaa2\\OneDrive\\Escritorio\\EvaluaPro\\evaluaPro\\vendor\\laravel\\framework\\src\\Illuminate\\Routing\\Middleware\\SubstituteBindings.php(50): Illuminate\\Pipeline\\Pipeline->Illuminate\\Pipeline\\{closure}(Object(Illuminate\\Http\\Request))
#11 C:\\Users\\evaa2\\OneDrive\\Escritorio\\EvaluaPro\\evaluaPro\\vendor\\laravel\\framework\\src\\Illuminate\\Pipeline\\Pipeline.php(183): Illuminate\\Routing\\Middleware\\SubstituteBindings->handle(Object(Illuminate\\Http\\Request), Object(Closure))
#12 C:\\Users\\evaa2\\OneDrive\\Escritorio\\EvaluaPro\\evaluaPro\\vendor\\laravel\\framework\\src\\Illuminate\\Auth\\Middleware\\Authenticate.php(57): Illuminate\\Pipeline\\Pipeline->Illuminate\\Pipeline\\{closure}(Object(Illuminate\\Http\\Request))
#13 C:\\Users\\evaa2\\OneDrive\\Escritorio\\EvaluaPro\\evaluaPro\\vendor\\laravel\\framework\\src\\Illuminate\\Pipeline\\Pipeline.php(183): Illuminate\\Auth\\Middleware\\Authenticate->handle(Object(Illuminate\\Http\\Request), Object(Closure))
#14 C:\\Users\\evaa2\\OneDrive\\Escritorio\\EvaluaPro\\evaluaPro\\vendor\\laravel\\framework\\src\\Illuminate\\Foundation\\Http\\Middleware\\VerifyCsrfToken.php(78): Illuminate\\Pipeline\\Pipeline->Illuminate\\Pipeline\\{closure}(Object(Illuminate\\Http\\Request))
#15 C:\\Users\\evaa2\\OneDrive\\Escritorio\\EvaluaPro\\evaluaPro\\vendor\\laravel\\framework\\src\\Illuminate\\Pipeline\\Pipeline.php(183): Illuminate\\Foundation\\Http\\Middleware\\VerifyCsrfToken->handle(Object(Illuminate\\Http\\Request), Object(Closure))
#16 C:\\Users\\evaa2\\OneDrive\\Escritorio\\EvaluaPro\\evaluaPro\\vendor\\laravel\\framework\\src\\Illuminate\\View\\Middleware\\ShareErrorsFromSession.php(49): Illuminate\\Pipeline\\Pipeline->Illuminate\\Pipeline\\{closure}(Object(Illuminate\\Http\\Request))
#17 C:\\Users\\evaa2\\OneDrive\\Escritorio\\EvaluaPro\\evaluaPro\\vendor\\laravel\\framework\\src\\Illuminate\\Pipeline\\Pipeline.php(183): Illuminate\\View\\Middleware\\ShareErrorsFromSession->handle(Object(Illuminate\\Http\\Request), Object(Closure))
#18 C:\\Users\\evaa2\\OneDrive\\Escritorio\\EvaluaPro\\evaluaPro\\vendor\\laravel\\framework\\src\\Illuminate\\Session\\Middleware\\StartSession.php(121): Illuminate\\Pipeline\\Pipeline->Illuminate\\Pipeline\\{closure}(Object(Illuminate\\Http\\Request))
#19 C:\\Users\\evaa2\\OneDrive\\Escritorio\\EvaluaPro\\evaluaPro\\vendor\\laravel\\framework\\src\\Illuminate\\Session\\Middleware\\StartSession.php(64): Illuminate\\Session\\Middleware\\StartSession->handleStatefulRequest(Object(Illuminate\\Http\\Request), Object(Illuminate\\Session\\Store), Object(Closure))
#20 C:\\Users\\evaa2\\OneDrive\\Escritorio\\EvaluaPro\\evaluaPro\\vendor\\laravel\\framework\\src\\Illuminate\\Pipeline\\Pipeline.php(183): Illuminate\\Session\\Middleware\\StartSession->handle(Object(Illuminate\\Http\\Request), Object(Closure))
#21 C:\\Users\\evaa2\\OneDrive\\Escritorio\\EvaluaPro\\evaluaPro\\vendor\\laravel\\framework\\src\\Illuminate\\Cookie\\Middleware\\AddQueuedCookiesToResponse.php(37): Illuminate\\Pipeline\\Pipeline->Illuminate\\Pipeline\\{closure}(Object(Illuminate\\Http\\Request))
#22 C:\\Users\\evaa2\\OneDrive\\Escritorio\\EvaluaPro\\evaluaPro\\vendor\\laravel\\framework\\src\\Illuminate\\Pipeline\\Pipeline.php(183): Illuminate\\Cookie\\Middleware\\AddQueuedCookiesToResponse->handle(Object(Illuminate\\Http\\Request), Object(Closure))
#23 C:\\Users\\evaa2\\OneDrive\\Escritorio\\EvaluaPro\\evaluaPro\\vendor\\laravel\\framework\\src\\Illuminate\\Cookie\\Middleware\\EncryptCookies.php(67): Illuminate\\Pipeline\\Pipeline->Illuminate\\Pipeline\\{closure}(Object(Illuminate\\Http\\Request))
#24 C:\\Users\\evaa2\\OneDrive\\Escritorio\\EvaluaPro\\evaluaPro\\vendor\\laravel\\framework\\src\\Illuminate\\Pipeline\\Pipeline.php(183): Illuminate\\Cookie\\Middleware\\EncryptCookies->handle(Object(Illuminate\\Http\\Request), Object(Closure))
#25 C:\\Users\\evaa2\\OneDrive\\Escritorio\\EvaluaPro\\evaluaPro\\vendor\\laravel\\framework\\src\\Illuminate\\Pipeline\\Pipeline.php(119): Illuminate\\Pipeline\\Pipeline->Illuminate\\Pipeline\\{closure}(Object(Illuminate\\Http\\Request))
#26 C:\\Users\\evaa2\\OneDrive\\Escritorio\\EvaluaPro\\evaluaPro\\vendor\\laravel\\framework\\src\\Illuminate\\Routing\\Router.php(805): Illuminate\\Pipeline\\Pipeline->then(Object(Closure))
#27 C:\\Users\\evaa2\\OneDrive\\Escritorio\\EvaluaPro\\evaluaPro\\vendor\\laravel\\framework\\src\\Illuminate\\Routing\\Router.php(784): Illuminate\\Routing\\Router->runRouteWithinStack(Object(Illuminate\\Routing\\Route), Object(Illuminate\\Http\\Request))
#28 C:\\Users\\evaa2\\OneDrive\\Escritorio\\EvaluaPro\\evaluaPro\\vendor\\laravel\\framework\\src\\Illuminate\\Routing\\Router.php(748): Illuminate\\Routing\\Router->runRoute(Object(Illuminate\\Http\\Request), Object(Illuminate\\Routing\\Route))
#29 C:\\Users\\evaa2\\OneDrive\\Escritorio\\EvaluaPro\\evaluaPro\\vendor\\laravel\\framework\\src\\Illuminate\\Routing\\Router.php(737): Illuminate\\Routing\\Router->dispatchToRoute(Object(Illuminate\\Http\\Request))
#30 C:\\Users\\evaa2\\OneDrive\\Escritorio\\EvaluaPro\\evaluaPro\\vendor\\laravel\\framework\\src\\Illuminate\\Foundation\\Http\\Kernel.php(200): Illuminate\\Routing\\Router->dispatch(Object(Illuminate\\Http\\Request))
#31 C:\\Users\\evaa2\\OneDrive\\Escritorio\\EvaluaPro\\evaluaPro\\vendor\\laravel\\framework\\src\\Illuminate\\Pipeline\\Pipeline.php(144): Illuminate\\Foundation\\Http\\Kernel->Illuminate\\Foundation\\Http\\{closure}(Object(Illuminate\\Http\\Request))
#32 C:\\Users\\evaa2\\OneDrive\\Escritorio\\EvaluaPro\\evaluaPro\\vendor\\laravel\\framework\\src\\Illuminate\\Foundation\\Http\\Middleware\\TransformsRequest.php(21): Illuminate\\Pipeline\\Pipeline->Illuminate\\Pipeline\\{closure}(Object(Illuminate\\Http\\Request))
#33 C:\\Users\\evaa2\\OneDrive\\Escritorio\\EvaluaPro\\evaluaPro\\vendor\\laravel\\framework\\src\\Illuminate\\Foundation\\Http\\Middleware\\ConvertEmptyStringsToNull.php(31): Illuminate\\Foundation\\Http\\Middleware\\TransformsRequest->handle(Object(Illuminate\\Http\\Request), Object(Closure))
#34 C:\\Users\\evaa2\\OneDrive\\Escritorio\\EvaluaPro\\evaluaPro\\vendor\\laravel\\framework\\src\\Illuminate\\Pipeline\\Pipeline.php(183): Illuminate\\Foundation\\Http\\Middleware\\ConvertEmptyStringsToNull->handle(Object(Illuminate\\Http\\Request), Object(Closure))
#35 C:\\Users\\evaa2\\OneDrive\\Escritorio\\EvaluaPro\\evaluaPro\\vendor\\laravel\\framework\\src\\Illuminate\\Foundation\\Http\\Middleware\\TransformsRequest.php(21): Illuminate\\Pipeline\\Pipeline->Illuminate\\Pipeline\\{closure}(Object(Illuminate\\Http\\Request))
#36 C:\\Users\\evaa2\\OneDrive\\Escritorio\\EvaluaPro\\evaluaPro\\vendor\\laravel\\framework\\src\\Illuminate\\Foundation\\Http\\Middleware\\TrimStrings.php(40): Illuminate\\Foundation\\Http\\Middleware\\TransformsRequest->handle(Object(Illuminate\\Http\\Request), Object(Closure))
#37 C:\\Users\\evaa2\\OneDrive\\Escritorio\\EvaluaPro\\evaluaPro\\vendor\\laravel\\framework\\src\\Illuminate\\Pipeline\\Pipeline.php(183): Illuminate\\Foundation\\Http\\Middleware\\TrimStrings->handle(Object(Illuminate\\Http\\Request), Object(Closure))
#38 C:\\Users\\evaa2\\OneDrive\\Escritorio\\EvaluaPro\\evaluaPro\\vendor\\laravel\\framework\\src\\Illuminate\\Foundation\\Http\\Middleware\\ValidatePostSize.php(27): Illuminate\\Pipeline\\Pipeline->Illuminate\\Pipeline\\{closure}(Object(Illuminate\\Http\\Request))
#39 C:\\Users\\evaa2\\OneDrive\\Escritorio\\EvaluaPro\\evaluaPro\\vendor\\laravel\\framework\\src\\Illuminate\\Pipeline\\Pipeline.php(183): Illuminate\\Foundation\\Http\\Middleware\\ValidatePostSize->handle(Object(Illuminate\\Http\\Request), Object(Closure))
#40 C:\\Users\\evaa2\\OneDrive\\Escritorio\\EvaluaPro\\evaluaPro\\vendor\\laravel\\framework\\src\\Illuminate\\Foundation\\Http\\Middleware\\PreventRequestsDuringMaintenance.php(99): Illuminate\\Pipeline\\Pipeline->Illuminate\\Pipeline\\{closure}(Object(Illuminate\\Http\\Request))
#41 C:\\Users\\evaa2\\OneDrive\\Escritorio\\EvaluaPro\\evaluaPro\\vendor\\laravel\\framework\\src\\Illuminate\\Pipeline\\Pipeline.php(183): Illuminate\\Foundation\\Http\\Middleware\\PreventRequestsDuringMaintenance->handle(Object(Illuminate\\Http\\Request), Object(Closure))
#42 C:\\Users\\evaa2\\OneDrive\\Escritorio\\EvaluaPro\\evaluaPro\\vendor\\laravel\\framework\\src\\Illuminate\\Http\\Middleware\\HandleCors.php(49): Illuminate\\Pipeline\\Pipeline->Illuminate\\Pipeline\\{closure}(Object(Illuminate\\Http\\Request))
#43 C:\\Users\\evaa2\\OneDrive\\Escritorio\\EvaluaPro\\evaluaPro\\vendor\\laravel\\framework\\src\\Illuminate\\Pipeline\\Pipeline.php(183): Illuminate\\Http\\Middleware\\HandleCors->handle(Object(Illuminate\\Http\\Request), Object(Closure))
#44 C:\\Users\\evaa2\\OneDrive\\Escritorio\\EvaluaPro\\evaluaPro\\vendor\\laravel\\framework\\src\\Illuminate\\Http\\Middleware\\TrustProxies.php(39): Illuminate\\Pipeline\\Pipeline->Illuminate\\Pipeline\\{closure}(Object(Illuminate\\Http\\Request))
#45 C:\\Users\\evaa2\\OneDrive\\Escritorio\\EvaluaPro\\evaluaPro\\vendor\\laravel\\framework\\src\\Illuminate\\Pipeline\\Pipeline.php(183): Illuminate\\Http\\Middleware\\TrustProxies->handle(Object(Illuminate\\Http\\Request), Object(Closure))
#46 C:\\Users\\evaa2\\OneDrive\\Escritorio\\EvaluaPro\\evaluaPro\\vendor\\laravel\\framework\\src\\Illuminate\\Pipeline\\Pipeline.php(119): Illuminate\\Pipeline\\Pipeline->Illuminate\\Pipeline\\{closure}(Object(Illuminate\\Http\\Request))
#47 C:\\Users\\evaa2\\OneDrive\\Escritorio\\EvaluaPro\\evaluaPro\\vendor\\laravel\\framework\\src\\Illuminate\\Foundation\\Http\\Kernel.php(175): Illuminate\\Pipeline\\Pipeline->then(Object(Closure))
#48 C:\\Users\\evaa2\\OneDrive\\Escritorio\\EvaluaPro\\evaluaPro\\vendor\\laravel\\framework\\src\\Illuminate\\Foundation\\Http\\Kernel.php(144): Illuminate\\Foundation\\Http\\Kernel->sendRequestThroughRouter(Object(Illuminate\\Http\\Request))
#49 C:\\Users\\evaa2\\OneDrive\\Escritorio\\EvaluaPro\\evaluaPro\\public\\index.php(51): Illuminate\\Foundation\\Http\\Kernel->handle(Object(Illuminate\\Http\\Request))
#50 C:\\Users\\evaa2\\OneDrive\\Escritorio\\EvaluaPro\\evaluaPro\\vendor\\laravel\\framework\\src\\Illuminate\\Foundation\\resources\\server.php(16): require_once('C:\\\\Users\\\\evaa2\\\\...')
#51 {main}
"} 
[2025-08-14 19:57:23] local.ERROR: Attempt to read property "idReticula" on null {"userId":"Damaris","exception":"[object] (ErrorException(code: 0): Attempt to read property \"idReticula\" on null at C:\\Users\\evaa2\\OneDrive\\Escritorio\\EvaluaPro\\evaluaPro\\app\\Http\\Controllers\\UsuarioController.php:92)
[stacktrace]
#0 C:\\Users\\evaa2\\OneDrive\\Escritorio\\EvaluaPro\\evaluaPro\\vendor\\laravel\\framework\\src\\Illuminate\\Foundation\\Bootstrap\\HandleExceptions.php(255): Illuminate\\Foundation\\Bootstrap\\HandleExceptions->handleError(2, 'Attempt to read...', 'C:\\\\Users\\\\evaa2\\\\...', 92)
#1 C:\\Users\\evaa2\\OneDrive\\Escritorio\\EvaluaPro\\evaluaPro\\app\\Http\\Controllers\\UsuarioController.php(92): Illuminate\\Foundation\\Bootstrap\\HandleExceptions->Illuminate\\Foundation\\Bootstrap\\{closure}(2, 'Attempt to read...', 'C:\\\\Users\\\\evaa2\\\\...', 92)
#2 C:\\Users\\evaa2\\OneDrive\\Escritorio\\EvaluaPro\\evaluaPro\\vendor\\laravel\\framework\\src\\Illuminate\\Routing\\Controller.php(54): App\\Http\\Controllers\\UsuarioController->index()
#3 C:\\Users\\evaa2\\OneDrive\\Escritorio\\EvaluaPro\\evaluaPro\\vendor\\laravel\\framework\\src\\Illuminate\\Routing\\ControllerDispatcher.php(43): Illuminate\\Routing\\Controller->callAction('index', Array)
#4 C:\\Users\\evaa2\\OneDrive\\Escritorio\\EvaluaPro\\evaluaPro\\vendor\\laravel\\framework\\src\\Illuminate\\Routing\\Route.php(259): Illuminate\\Routing\\ControllerDispatcher->dispatch(Object(Illuminate\\Routing\\Route), Object(App\\Http\\Controllers\\UsuarioController), 'index')
#5 C:\\Users\\evaa2\\OneDrive\\Escritorio\\EvaluaPro\\evaluaPro\\vendor\\laravel\\framework\\src\\Illuminate\\Routing\\Route.php(205): Illuminate\\Routing\\Route->runController()
#6 C:\\Users\\evaa2\\OneDrive\\Escritorio\\EvaluaPro\\evaluaPro\\vendor\\laravel\\framework\\src\\Illuminate\\Routing\\Router.php(806): Illuminate\\Routing\\Route->run()
#7 C:\\Users\\evaa2\\OneDrive\\Escritorio\\EvaluaPro\\evaluaPro\\vendor\\laravel\\framework\\src\\Illuminate\\Pipeline\\Pipeline.php(144): Illuminate\\Routing\\Router->Illuminate\\Routing\\{closure}(Object(Illuminate\\Http\\Request))
#8 C:\\Users\\evaa2\\OneDrive\\Escritorio\\EvaluaPro\\evaluaPro\\app\\Http\\Middleware\\RolMiddleware.php(21): Illuminate\\Pipeline\\Pipeline->Illuminate\\Pipeline\\{closure}(Object(Illuminate\\Http\\Request))
#9 C:\\Users\\evaa2\\OneDrive\\Escritorio\\EvaluaPro\\evaluaPro\\vendor\\laravel\\framework\\src\\Illuminate\\Pipeline\\Pipeline.php(183): App\\Http\\Middleware\\RolMiddleware->handle(Object(Illuminate\\Http\\Request), Object(Closure), 'admin', 'capacitador', 'usuario')
#10 C:\\Users\\evaa2\\OneDrive\\Escritorio\\EvaluaPro\\evaluaPro\\vendor\\laravel\\framework\\src\\Illuminate\\Routing\\Middleware\\SubstituteBindings.php(50): Illuminate\\Pipeline\\Pipeline->Illuminate\\Pipeline\\{closure}(Object(Illuminate\\Http\\Request))
#11 C:\\Users\\evaa2\\OneDrive\\Escritorio\\EvaluaPro\\evaluaPro\\vendor\\laravel\\framework\\src\\Illuminate\\Pipeline\\Pipeline.php(183): Illuminate\\Routing\\Middleware\\SubstituteBindings->handle(Object(Illuminate\\Http\\Request), Object(Closure))
#12 C:\\Users\\evaa2\\OneDrive\\Escritorio\\EvaluaPro\\evaluaPro\\vendor\\laravel\\framework\\src\\Illuminate\\Auth\\Middleware\\Authenticate.php(57): Illuminate\\Pipeline\\Pipeline->Illuminate\\Pipeline\\{closure}(Object(Illuminate\\Http\\Request))
#13 C:\\Users\\evaa2\\OneDrive\\Escritorio\\EvaluaPro\\evaluaPro\\vendor\\laravel\\framework\\src\\Illuminate\\Pipeline\\Pipeline.php(183): Illuminate\\Auth\\Middleware\\Authenticate->handle(Object(Illuminate\\Http\\Request), Object(Closure))
#14 C:\\Users\\evaa2\\OneDrive\\Escritorio\\EvaluaPro\\evaluaPro\\vendor\\laravel\\framework\\src\\Illuminate\\Foundation\\Http\\Middleware\\VerifyCsrfToken.php(78): Illuminate\\Pipeline\\Pipeline->Illuminate\\Pipeline\\{closure}(Object(Illuminate\\Http\\Request))
#15 C:\\Users\\evaa2\\OneDrive\\Escritorio\\EvaluaPro\\evaluaPro\\vendor\\laravel\\framework\\src\\Illuminate\\Pipeline\\Pipeline.php(183): Illuminate\\Foundation\\Http\\Middleware\\VerifyCsrfToken->handle(Object(Illuminate\\Http\\Request), Object(Closure))
#16 C:\\Users\\evaa2\\OneDrive\\Escritorio\\EvaluaPro\\evaluaPro\\vendor\\laravel\\framework\\src\\Illuminate\\View\\Middleware\\ShareErrorsFromSession.php(49): Illuminate\\Pipeline\\Pipeline->Illuminate\\Pipeline\\{closure}(Object(Illuminate\\Http\\Request))
#17 C:\\Users\\evaa2\\OneDrive\\Escritorio\\EvaluaPro\\evaluaPro\\vendor\\laravel\\framework\\src\\Illuminate\\Pipeline\\Pipeline.php(183): Illuminate\\View\\Middleware\\ShareErrorsFromSession->handle(Object(Illuminate\\Http\\Request), Object(Closure))
#18 C:\\Users\\evaa2\\OneDrive\\Escritorio\\EvaluaPro\\evaluaPro\\vendor\\laravel\\framework\\src\\Illuminate\\Session\\Middleware\\StartSession.php(121): Illuminate\\Pipeline\\Pipeline->Illuminate\\Pipeline\\{closure}(Object(Illuminate\\Http\\Request))
#19 C:\\Users\\evaa2\\OneDrive\\Escritorio\\EvaluaPro\\evaluaPro\\vendor\\laravel\\framework\\src\\Illuminate\\Session\\Middleware\\StartSession.php(64): Illuminate\\Session\\Middleware\\StartSession->handleStatefulRequest(Object(Illuminate\\Http\\Request), Object(Illuminate\\Session\\Store), Object(Closure))
#20 C:\\Users\\evaa2\\OneDrive\\Escritorio\\EvaluaPro\\evaluaPro\\vendor\\laravel\\framework\\src\\Illuminate\\Pipeline\\Pipeline.php(183): Illuminate\\Session\\Middleware\\StartSession->handle(Object(Illuminate\\Http\\Request), Object(Closure))
#21 C:\\Users\\evaa2\\OneDrive\\Escritorio\\EvaluaPro\\evaluaPro\\vendor\\laravel\\framework\\src\\Illuminate\\Cookie\\Middleware\\AddQueuedCookiesToResponse.php(37): Illuminate\\Pipeline\\Pipeline->Illuminate\\Pipeline\\{closure}(Object(Illuminate\\Http\\Request))
#22 C:\\Users\\evaa2\\OneDrive\\Escritorio\\EvaluaPro\\evaluaPro\\vendor\\laravel\\framework\\src\\Illuminate\\Pipeline\\Pipeline.php(183): Illuminate\\Cookie\\Middleware\\AddQueuedCookiesToResponse->handle(Object(Illuminate\\Http\\Request), Object(Closure))
#23 C:\\Users\\evaa2\\OneDrive\\Escritorio\\EvaluaPro\\evaluaPro\\vendor\\laravel\\framework\\src\\Illuminate\\Cookie\\Middleware\\EncryptCookies.php(67): Illuminate\\Pipeline\\Pipeline->Illuminate\\Pipeline\\{closure}(Object(Illuminate\\Http\\Request))
#24 C:\\Users\\evaa2\\OneDrive\\Escritorio\\EvaluaPro\\evaluaPro\\vendor\\laravel\\framework\\src\\Illuminate\\Pipeline\\Pipeline.php(183): Illuminate\\Cookie\\Middleware\\EncryptCookies->handle(Object(Illuminate\\Http\\Request), Object(Closure))
#25 C:\\Users\\evaa2\\OneDrive\\Escritorio\\EvaluaPro\\evaluaPro\\vendor\\laravel\\framework\\src\\Illuminate\\Pipeline\\Pipeline.php(119): Illuminate\\Pipeline\\Pipeline->Illuminate\\Pipeline\\{closure}(Object(Illuminate\\Http\\Request))
#26 C:\\Users\\evaa2\\OneDrive\\Escritorio\\EvaluaPro\\evaluaPro\\vendor\\laravel\\framework\\src\\Illuminate\\Routing\\Router.php(805): Illuminate\\Pipeline\\Pipeline->then(Object(Closure))
#27 C:\\Users\\evaa2\\OneDrive\\Escritorio\\EvaluaPro\\evaluaPro\\vendor\\laravel\\framework\\src\\Illuminate\\Routing\\Router.php(784): Illuminate\\Routing\\Router->runRouteWithinStack(Object(Illuminate\\Routing\\Route), Object(Illuminate\\Http\\Request))
#28 C:\\Users\\evaa2\\OneDrive\\Escritorio\\EvaluaPro\\evaluaPro\\vendor\\laravel\\framework\\src\\Illuminate\\Routing\\Router.php(748): Illuminate\\Routing\\Router->runRoute(Object(Illuminate\\Http\\Request), Object(Illuminate\\Routing\\Route))
#29 C:\\Users\\evaa2\\OneDrive\\Escritorio\\EvaluaPro\\evaluaPro\\vendor\\laravel\\framework\\src\\Illuminate\\Routing\\Router.php(737): Illuminate\\Routing\\Router->dispatchToRoute(Object(Illuminate\\Http\\Request))
#30 C:\\Users\\evaa2\\OneDrive\\Escritorio\\EvaluaPro\\evaluaPro\\vendor\\laravel\\framework\\src\\Illuminate\\Foundation\\Http\\Kernel.php(200): Illuminate\\Routing\\Router->dispatch(Object(Illuminate\\Http\\Request))
#31 C:\\Users\\evaa2\\OneDrive\\Escritorio\\EvaluaPro\\evaluaPro\\vendor\\laravel\\framework\\src\\Illuminate\\Pipeline\\Pipeline.php(144): Illuminate\\Foundation\\Http\\Kernel->Illuminate\\Foundation\\Http\\{closure}(Object(Illuminate\\Http\\Request))
#32 C:\\Users\\evaa2\\OneDrive\\Escritorio\\EvaluaPro\\evaluaPro\\vendor\\laravel\\framework\\src\\Illuminate\\Foundation\\Http\\Middleware\\TransformsRequest.php(21): Illuminate\\Pipeline\\Pipeline->Illuminate\\Pipeline\\{closure}(Object(Illuminate\\Http\\Request))
#33 C:\\Users\\evaa2\\OneDrive\\Escritorio\\EvaluaPro\\evaluaPro\\vendor\\laravel\\framework\\src\\Illuminate\\Foundation\\Http\\Middleware\\ConvertEmptyStringsToNull.php(31): Illuminate\\Foundation\\Http\\Middleware\\TransformsRequest->handle(Object(Illuminate\\Http\\Request), Object(Closure))
#34 C:\\Users\\evaa2\\OneDrive\\Escritorio\\EvaluaPro\\evaluaPro\\vendor\\laravel\\framework\\src\\Illuminate\\Pipeline\\Pipeline.php(183): Illuminate\\Foundation\\Http\\Middleware\\ConvertEmptyStringsToNull->handle(Object(Illuminate\\Http\\Request), Object(Closure))
#35 C:\\Users\\evaa2\\OneDrive\\Escritorio\\EvaluaPro\\evaluaPro\\vendor\\laravel\\framework\\src\\Illuminate\\Foundation\\Http\\Middleware\\TransformsRequest.php(21): Illuminate\\Pipeline\\Pipeline->Illuminate\\Pipeline\\{closure}(Object(Illuminate\\Http\\Request))
#36 C:\\Users\\evaa2\\OneDrive\\Escritorio\\EvaluaPro\\evaluaPro\\vendor\\laravel\\framework\\src\\Illuminate\\Foundation\\Http\\Middleware\\TrimStrings.php(40): Illuminate\\Foundation\\Http\\Middleware\\TransformsRequest->handle(Object(Illuminate\\Http\\Request), Object(Closure))
#37 C:\\Users\\evaa2\\OneDrive\\Escritorio\\EvaluaPro\\evaluaPro\\vendor\\laravel\\framework\\src\\Illuminate\\Pipeline\\Pipeline.php(183): Illuminate\\Foundation\\Http\\Middleware\\TrimStrings->handle(Object(Illuminate\\Http\\Request), Object(Closure))
#38 C:\\Users\\evaa2\\OneDrive\\Escritorio\\EvaluaPro\\evaluaPro\\vendor\\laravel\\framework\\src\\Illuminate\\Foundation\\Http\\Middleware\\ValidatePostSize.php(27): Illuminate\\Pipeline\\Pipeline->Illuminate\\Pipeline\\{closure}(Object(Illuminate\\Http\\Request))
#39 C:\\Users\\evaa2\\OneDrive\\Escritorio\\EvaluaPro\\evaluaPro\\vendor\\laravel\\framework\\src\\Illuminate\\Pipeline\\Pipeline.php(183): Illuminate\\Foundation\\Http\\Middleware\\ValidatePostSize->handle(Object(Illuminate\\Http\\Request), Object(Closure))
#40 C:\\Users\\evaa2\\OneDrive\\Escritorio\\EvaluaPro\\evaluaPro\\vendor\\laravel\\framework\\src\\Illuminate\\Foundation\\Http\\Middleware\\PreventRequestsDuringMaintenance.php(99): Illuminate\\Pipeline\\Pipeline->Illuminate\\Pipeline\\{closure}(Object(Illuminate\\Http\\Request))
#41 C:\\Users\\evaa2\\OneDrive\\Escritorio\\EvaluaPro\\evaluaPro\\vendor\\laravel\\framework\\src\\Illuminate\\Pipeline\\Pipeline.php(183): Illuminate\\Foundation\\Http\\Middleware\\PreventRequestsDuringMaintenance->handle(Object(Illuminate\\Http\\Request), Object(Closure))
#42 C:\\Users\\evaa2\\OneDrive\\Escritorio\\EvaluaPro\\evaluaPro\\vendor\\laravel\\framework\\src\\Illuminate\\Http\\Middleware\\HandleCors.php(49): Illuminate\\Pipeline\\Pipeline->Illuminate\\Pipeline\\{closure}(Object(Illuminate\\Http\\Request))
#43 C:\\Users\\evaa2\\OneDrive\\Escritorio\\EvaluaPro\\evaluaPro\\vendor\\laravel\\framework\\src\\Illuminate\\Pipeline\\Pipeline.php(183): Illuminate\\Http\\Middleware\\HandleCors->handle(Object(Illuminate\\Http\\Request), Object(Closure))
#44 C:\\Users\\evaa2\\OneDrive\\Escritorio\\EvaluaPro\\evaluaPro\\vendor\\laravel\\framework\\src\\Illuminate\\Http\\Middleware\\TrustProxies.php(39): Illuminate\\Pipeline\\Pipeline->Illuminate\\Pipeline\\{closure}(Object(Illuminate\\Http\\Request))
#45 C:\\Users\\evaa2\\OneDrive\\Escritorio\\EvaluaPro\\evaluaPro\\vendor\\laravel\\framework\\src\\Illuminate\\Pipeline\\Pipeline.php(183): Illuminate\\Http\\Middleware\\TrustProxies->handle(Object(Illuminate\\Http\\Request), Object(Closure))
#46 C:\\Users\\evaa2\\OneDrive\\Escritorio\\EvaluaPro\\evaluaPro\\vendor\\laravel\\framework\\src\\Illuminate\\Pipeline\\Pipeline.php(119): Illuminate\\Pipeline\\Pipeline->Illuminate\\Pipeline\\{closure}(Object(Illuminate\\Http\\Request))
#47 C:\\Users\\evaa2\\OneDrive\\Escritorio\\EvaluaPro\\evaluaPro\\vendor\\laravel\\framework\\src\\Illuminate\\Foundation\\Http\\Kernel.php(175): Illuminate\\Pipeline\\Pipeline->then(Object(Closure))
#48 C:\\Users\\evaa2\\OneDrive\\Escritorio\\EvaluaPro\\evaluaPro\\vendor\\laravel\\framework\\src\\Illuminate\\Foundation\\Http\\Kernel.php(144): Illuminate\\Foundation\\Http\\Kernel->sendRequestThroughRouter(Object(Illuminate\\Http\\Request))
#49 C:\\Users\\evaa2\\OneDrive\\Escritorio\\EvaluaPro\\evaluaPro\\public\\index.php(51): Illuminate\\Foundation\\Http\\Kernel->handle(Object(Illuminate\\Http\\Request))
#50 C:\\Users\\evaa2\\OneDrive\\Escritorio\\EvaluaPro\\evaluaPro\\vendor\\laravel\\framework\\src\\Illuminate\\Foundation\\resources\\server.php(16): require_once('C:\\\\Users\\\\evaa2\\\\...')
#51 {main}
"} 
[2025-08-14 19:57:25] local.ERROR: Attempt to read property "idReticula" on null {"userId":"Damaris","exception":"[object] (ErrorException(code: 0): Attempt to read property \"idReticula\" on null at C:\\Users\\evaa2\\OneDrive\\Escritorio\\EvaluaPro\\evaluaPro\\app\\Http\\Controllers\\UsuarioController.php:92)
[stacktrace]
#0 C:\\Users\\evaa2\\OneDrive\\Escritorio\\EvaluaPro\\evaluaPro\\vendor\\laravel\\framework\\src\\Illuminate\\Foundation\\Bootstrap\\HandleExceptions.php(255): Illuminate\\Foundation\\Bootstrap\\HandleExceptions->handleError(2, 'Attempt to read...', 'C:\\\\Users\\\\evaa2\\\\...', 92)
#1 C:\\Users\\evaa2\\OneDrive\\Escritorio\\EvaluaPro\\evaluaPro\\app\\Http\\Controllers\\UsuarioController.php(92): Illuminate\\Foundation\\Bootstrap\\HandleExceptions->Illuminate\\Foundation\\Bootstrap\\{closure}(2, 'Attempt to read...', 'C:\\\\Users\\\\evaa2\\\\...', 92)
#2 C:\\Users\\evaa2\\OneDrive\\Escritorio\\EvaluaPro\\evaluaPro\\vendor\\laravel\\framework\\src\\Illuminate\\Routing\\Controller.php(54): App\\Http\\Controllers\\UsuarioController->index()
#3 C:\\Users\\evaa2\\OneDrive\\Escritorio\\EvaluaPro\\evaluaPro\\vendor\\laravel\\framework\\src\\Illuminate\\Routing\\ControllerDispatcher.php(43): Illuminate\\Routing\\Controller->callAction('index', Array)
#4 C:\\Users\\evaa2\\OneDrive\\Escritorio\\EvaluaPro\\evaluaPro\\vendor\\laravel\\framework\\src\\Illuminate\\Routing\\Route.php(259): Illuminate\\Routing\\ControllerDispatcher->dispatch(Object(Illuminate\\Routing\\Route), Object(App\\Http\\Controllers\\UsuarioController), 'index')
#5 C:\\Users\\evaa2\\OneDrive\\Escritorio\\EvaluaPro\\evaluaPro\\vendor\\laravel\\framework\\src\\Illuminate\\Routing\\Route.php(205): Illuminate\\Routing\\Route->runController()
#6 C:\\Users\\evaa2\\OneDrive\\Escritorio\\EvaluaPro\\evaluaPro\\vendor\\laravel\\framework\\src\\Illuminate\\Routing\\Router.php(806): Illuminate\\Routing\\Route->run()
#7 C:\\Users\\evaa2\\OneDrive\\Escritorio\\EvaluaPro\\evaluaPro\\vendor\\laravel\\framework\\src\\Illuminate\\Pipeline\\Pipeline.php(144): Illuminate\\Routing\\Router->Illuminate\\Routing\\{closure}(Object(Illuminate\\Http\\Request))
#8 C:\\Users\\evaa2\\OneDrive\\Escritorio\\EvaluaPro\\evaluaPro\\app\\Http\\Middleware\\RolMiddleware.php(21): Illuminate\\Pipeline\\Pipeline->Illuminate\\Pipeline\\{closure}(Object(Illuminate\\Http\\Request))
#9 C:\\Users\\evaa2\\OneDrive\\Escritorio\\EvaluaPro\\evaluaPro\\vendor\\laravel\\framework\\src\\Illuminate\\Pipeline\\Pipeline.php(183): App\\Http\\Middleware\\RolMiddleware->handle(Object(Illuminate\\Http\\Request), Object(Closure), 'admin', 'capacitador', 'usuario')
#10 C:\\Users\\evaa2\\OneDrive\\Escritorio\\EvaluaPro\\evaluaPro\\vendor\\laravel\\framework\\src\\Illuminate\\Routing\\Middleware\\SubstituteBindings.php(50): Illuminate\\Pipeline\\Pipeline->Illuminate\\Pipeline\\{closure}(Object(Illuminate\\Http\\Request))
#11 C:\\Users\\evaa2\\OneDrive\\Escritorio\\EvaluaPro\\evaluaPro\\vendor\\laravel\\framework\\src\\Illuminate\\Pipeline\\Pipeline.php(183): Illuminate\\Routing\\Middleware\\SubstituteBindings->handle(Object(Illuminate\\Http\\Request), Object(Closure))
#12 C:\\Users\\evaa2\\OneDrive\\Escritorio\\EvaluaPro\\evaluaPro\\vendor\\laravel\\framework\\src\\Illuminate\\Auth\\Middleware\\Authenticate.php(57): Illuminate\\Pipeline\\Pipeline->Illuminate\\Pipeline\\{closure}(Object(Illuminate\\Http\\Request))
#13 C:\\Users\\evaa2\\OneDrive\\Escritorio\\EvaluaPro\\evaluaPro\\vendor\\laravel\\framework\\src\\Illuminate\\Pipeline\\Pipeline.php(183): Illuminate\\Auth\\Middleware\\Authenticate->handle(Object(Illuminate\\Http\\Request), Object(Closure))
#14 C:\\Users\\evaa2\\OneDrive\\Escritorio\\EvaluaPro\\evaluaPro\\vendor\\laravel\\framework\\src\\Illuminate\\Foundation\\Http\\Middleware\\VerifyCsrfToken.php(78): Illuminate\\Pipeline\\Pipeline->Illuminate\\Pipeline\\{closure}(Object(Illuminate\\Http\\Request))
#15 C:\\Users\\evaa2\\OneDrive\\Escritorio\\EvaluaPro\\evaluaPro\\vendor\\laravel\\framework\\src\\Illuminate\\Pipeline\\Pipeline.php(183): Illuminate\\Foundation\\Http\\Middleware\\VerifyCsrfToken->handle(Object(Illuminate\\Http\\Request), Object(Closure))
#16 C:\\Users\\evaa2\\OneDrive\\Escritorio\\EvaluaPro\\evaluaPro\\vendor\\laravel\\framework\\src\\Illuminate\\View\\Middleware\\ShareErrorsFromSession.php(49): Illuminate\\Pipeline\\Pipeline->Illuminate\\Pipeline\\{closure}(Object(Illuminate\\Http\\Request))
#17 C:\\Users\\evaa2\\OneDrive\\Escritorio\\EvaluaPro\\evaluaPro\\vendor\\laravel\\framework\\src\\Illuminate\\Pipeline\\Pipeline.php(183): Illuminate\\View\\Middleware\\ShareErrorsFromSession->handle(Object(Illuminate\\Http\\Request), Object(Closure))
#18 C:\\Users\\evaa2\\OneDrive\\Escritorio\\EvaluaPro\\evaluaPro\\vendor\\laravel\\framework\\src\\Illuminate\\Session\\Middleware\\StartSession.php(121): Illuminate\\Pipeline\\Pipeline->Illuminate\\Pipeline\\{closure}(Object(Illuminate\\Http\\Request))
#19 C:\\Users\\evaa2\\OneDrive\\Escritorio\\EvaluaPro\\evaluaPro\\vendor\\laravel\\framework\\src\\Illuminate\\Session\\Middleware\\StartSession.php(64): Illuminate\\Session\\Middleware\\StartSession->handleStatefulRequest(Object(Illuminate\\Http\\Request), Object(Illuminate\\Session\\Store), Object(Closure))
#20 C:\\Users\\evaa2\\OneDrive\\Escritorio\\EvaluaPro\\evaluaPro\\vendor\\laravel\\framework\\src\\Illuminate\\Pipeline\\Pipeline.php(183): Illuminate\\Session\\Middleware\\StartSession->handle(Object(Illuminate\\Http\\Request), Object(Closure))
#21 C:\\Users\\evaa2\\OneDrive\\Escritorio\\EvaluaPro\\evaluaPro\\vendor\\laravel\\framework\\src\\Illuminate\\Cookie\\Middleware\\AddQueuedCookiesToResponse.php(37): Illuminate\\Pipeline\\Pipeline->Illuminate\\Pipeline\\{closure}(Object(Illuminate\\Http\\Request))
#22 C:\\Users\\evaa2\\OneDrive\\Escritorio\\EvaluaPro\\evaluaPro\\vendor\\laravel\\framework\\src\\Illuminate\\Pipeline\\Pipeline.php(183): Illuminate\\Cookie\\Middleware\\AddQueuedCookiesToResponse->handle(Object(Illuminate\\Http\\Request), Object(Closure))
#23 C:\\Users\\evaa2\\OneDrive\\Escritorio\\EvaluaPro\\evaluaPro\\vendor\\laravel\\framework\\src\\Illuminate\\Cookie\\Middleware\\EncryptCookies.php(67): Illuminate\\Pipeline\\Pipeline->Illuminate\\Pipeline\\{closure}(Object(Illuminate\\Http\\Request))
#24 C:\\Users\\evaa2\\OneDrive\\Escritorio\\EvaluaPro\\evaluaPro\\vendor\\laravel\\framework\\src\\Illuminate\\Pipeline\\Pipeline.php(183): Illuminate\\Cookie\\Middleware\\EncryptCookies->handle(Object(Illuminate\\Http\\Request), Object(Closure))
#25 C:\\Users\\evaa2\\OneDrive\\Escritorio\\EvaluaPro\\evaluaPro\\vendor\\laravel\\framework\\src\\Illuminate\\Pipeline\\Pipeline.php(119): Illuminate\\Pipeline\\Pipeline->Illuminate\\Pipeline\\{closure}(Object(Illuminate\\Http\\Request))
#26 C:\\Users\\evaa2\\OneDrive\\Escritorio\\EvaluaPro\\evaluaPro\\vendor\\laravel\\framework\\src\\Illuminate\\Routing\\Router.php(805): Illuminate\\Pipeline\\Pipeline->then(Object(Closure))
#27 C:\\Users\\evaa2\\OneDrive\\Escritorio\\EvaluaPro\\evaluaPro\\vendor\\laravel\\framework\\src\\Illuminate\\Routing\\Router.php(784): Illuminate\\Routing\\Router->runRouteWithinStack(Object(Illuminate\\Routing\\Route), Object(Illuminate\\Http\\Request))
#28 C:\\Users\\evaa2\\OneDrive\\Escritorio\\EvaluaPro\\evaluaPro\\vendor\\laravel\\framework\\src\\Illuminate\\Routing\\Router.php(748): Illuminate\\Routing\\Router->runRoute(Object(Illuminate\\Http\\Request), Object(Illuminate\\Routing\\Route))
#29 C:\\Users\\evaa2\\OneDrive\\Escritorio\\EvaluaPro\\evaluaPro\\vendor\\laravel\\framework\\src\\Illuminate\\Routing\\Router.php(737): Illuminate\\Routing\\Router->dispatchToRoute(Object(Illuminate\\Http\\Request))
#30 C:\\Users\\evaa2\\OneDrive\\Escritorio\\EvaluaPro\\evaluaPro\\vendor\\laravel\\framework\\src\\Illuminate\\Foundation\\Http\\Kernel.php(200): Illuminate\\Routing\\Router->dispatch(Object(Illuminate\\Http\\Request))
#31 C:\\Users\\evaa2\\OneDrive\\Escritorio\\EvaluaPro\\evaluaPro\\vendor\\laravel\\framework\\src\\Illuminate\\Pipeline\\Pipeline.php(144): Illuminate\\Foundation\\Http\\Kernel->Illuminate\\Foundation\\Http\\{closure}(Object(Illuminate\\Http\\Request))
#32 C:\\Users\\evaa2\\OneDrive\\Escritorio\\EvaluaPro\\evaluaPro\\vendor\\laravel\\framework\\src\\Illuminate\\Foundation\\Http\\Middleware\\TransformsRequest.php(21): Illuminate\\Pipeline\\Pipeline->Illuminate\\Pipeline\\{closure}(Object(Illuminate\\Http\\Request))
#33 C:\\Users\\evaa2\\OneDrive\\Escritorio\\EvaluaPro\\evaluaPro\\vendor\\laravel\\framework\\src\\Illuminate\\Foundation\\Http\\Middleware\\ConvertEmptyStringsToNull.php(31): Illuminate\\Foundation\\Http\\Middleware\\TransformsRequest->handle(Object(Illuminate\\Http\\Request), Object(Closure))
#34 C:\\Users\\evaa2\\OneDrive\\Escritorio\\EvaluaPro\\evaluaPro\\vendor\\laravel\\framework\\src\\Illuminate\\Pipeline\\Pipeline.php(183): Illuminate\\Foundation\\Http\\Middleware\\ConvertEmptyStringsToNull->handle(Object(Illuminate\\Http\\Request), Object(Closure))
#35 C:\\Users\\evaa2\\OneDrive\\Escritorio\\EvaluaPro\\evaluaPro\\vendor\\laravel\\framework\\src\\Illuminate\\Foundation\\Http\\Middleware\\TransformsRequest.php(21): Illuminate\\Pipeline\\Pipeline->Illuminate\\Pipeline\\{closure}(Object(Illuminate\\Http\\Request))
#36 C:\\Users\\evaa2\\OneDrive\\Escritorio\\EvaluaPro\\evaluaPro\\vendor\\laravel\\framework\\src\\Illuminate\\Foundation\\Http\\Middleware\\TrimStrings.php(40): Illuminate\\Foundation\\Http\\Middleware\\TransformsRequest->handle(Object(Illuminate\\Http\\Request), Object(Closure))
#37 C:\\Users\\evaa2\\OneDrive\\Escritorio\\EvaluaPro\\evaluaPro\\vendor\\laravel\\framework\\src\\Illuminate\\Pipeline\\Pipeline.php(183): Illuminate\\Foundation\\Http\\Middleware\\TrimStrings->handle(Object(Illuminate\\Http\\Request), Object(Closure))
#38 C:\\Users\\evaa2\\OneDrive\\Escritorio\\EvaluaPro\\evaluaPro\\vendor\\laravel\\framework\\src\\Illuminate\\Foundation\\Http\\Middleware\\ValidatePostSize.php(27): Illuminate\\Pipeline\\Pipeline->Illuminate\\Pipeline\\{closure}(Object(Illuminate\\Http\\Request))
#39 C:\\Users\\evaa2\\OneDrive\\Escritorio\\EvaluaPro\\evaluaPro\\vendor\\laravel\\framework\\src\\Illuminate\\Pipeline\\Pipeline.php(183): Illuminate\\Foundation\\Http\\Middleware\\ValidatePostSize->handle(Object(Illuminate\\Http\\Request), Object(Closure))
#40 C:\\Users\\evaa2\\OneDrive\\Escritorio\\EvaluaPro\\evaluaPro\\vendor\\laravel\\framework\\src\\Illuminate\\Foundation\\Http\\Middleware\\PreventRequestsDuringMaintenance.php(99): Illuminate\\Pipeline\\Pipeline->Illuminate\\Pipeline\\{closure}(Object(Illuminate\\Http\\Request))
#41 C:\\Users\\evaa2\\OneDrive\\Escritorio\\EvaluaPro\\evaluaPro\\vendor\\laravel\\framework\\src\\Illuminate\\Pipeline\\Pipeline.php(183): Illuminate\\Foundation\\Http\\Middleware\\PreventRequestsDuringMaintenance->handle(Object(Illuminate\\Http\\Request), Object(Closure))
#42 C:\\Users\\evaa2\\OneDrive\\Escritorio\\EvaluaPro\\evaluaPro\\vendor\\laravel\\framework\\src\\Illuminate\\Http\\Middleware\\HandleCors.php(49): Illuminate\\Pipeline\\Pipeline->Illuminate\\Pipeline\\{closure}(Object(Illuminate\\Http\\Request))
#43 C:\\Users\\evaa2\\OneDrive\\Escritorio\\EvaluaPro\\evaluaPro\\vendor\\laravel\\framework\\src\\Illuminate\\Pipeline\\Pipeline.php(183): Illuminate\\Http\\Middleware\\HandleCors->handle(Object(Illuminate\\Http\\Request), Object(Closure))
#44 C:\\Users\\evaa2\\OneDrive\\Escritorio\\EvaluaPro\\evaluaPro\\vendor\\laravel\\framework\\src\\Illuminate\\Http\\Middleware\\TrustProxies.php(39): Illuminate\\Pipeline\\Pipeline->Illuminate\\Pipeline\\{closure}(Object(Illuminate\\Http\\Request))
#45 C:\\Users\\evaa2\\OneDrive\\Escritorio\\EvaluaPro\\evaluaPro\\vendor\\laravel\\framework\\src\\Illuminate\\Pipeline\\Pipeline.php(183): Illuminate\\Http\\Middleware\\TrustProxies->handle(Object(Illuminate\\Http\\Request), Object(Closure))
#46 C:\\Users\\evaa2\\OneDrive\\Escritorio\\EvaluaPro\\evaluaPro\\vendor\\laravel\\framework\\src\\Illuminate\\Pipeline\\Pipeline.php(119): Illuminate\\Pipeline\\Pipeline->Illuminate\\Pipeline\\{closure}(Object(Illuminate\\Http\\Request))
#47 C:\\Users\\evaa2\\OneDrive\\Escritorio\\EvaluaPro\\evaluaPro\\vendor\\laravel\\framework\\src\\Illuminate\\Foundation\\Http\\Kernel.php(175): Illuminate\\Pipeline\\Pipeline->then(Object(Closure))
#48 C:\\Users\\evaa2\\OneDrive\\Escritorio\\EvaluaPro\\evaluaPro\\vendor\\laravel\\framework\\src\\Illuminate\\Foundation\\Http\\Kernel.php(144): Illuminate\\Foundation\\Http\\Kernel->sendRequestThroughRouter(Object(Illuminate\\Http\\Request))
#49 C:\\Users\\evaa2\\OneDrive\\Escritorio\\EvaluaPro\\evaluaPro\\public\\index.php(51): Illuminate\\Foundation\\Http\\Kernel->handle(Object(Illuminate\\Http\\Request))
#50 C:\\Users\\evaa2\\OneDrive\\Escritorio\\EvaluaPro\\evaluaPro\\vendor\\laravel\\framework\\src\\Illuminate\\Foundation\\resources\\server.php(16): require_once('C:\\\\Users\\\\evaa2\\\\...')
#51 {main}
"} 
[2025-08-14 19:58:00] local.ERROR: Attempt to read property "idReticula" on null {"userId":"Damaris","exception":"[object] (ErrorException(code: 0): Attempt to read property \"idReticula\" on null at C:\\Users\\evaa2\\OneDrive\\Escritorio\\EvaluaPro\\evaluaPro\\app\\Http\\Controllers\\UsuarioController.php:92)
[stacktrace]
#0 C:\\Users\\evaa2\\OneDrive\\Escritorio\\EvaluaPro\\evaluaPro\\vendor\\laravel\\framework\\src\\Illuminate\\Foundation\\Bootstrap\\HandleExceptions.php(255): Illuminate\\Foundation\\Bootstrap\\HandleExceptions->handleError(2, 'Attempt to read...', 'C:\\\\Users\\\\evaa2\\\\...', 92)
#1 C:\\Users\\evaa2\\OneDrive\\Escritorio\\EvaluaPro\\evaluaPro\\app\\Http\\Controllers\\UsuarioController.php(92): Illuminate\\Foundation\\Bootstrap\\HandleExceptions->Illuminate\\Foundation\\Bootstrap\\{closure}(2, 'Attempt to read...', 'C:\\\\Users\\\\evaa2\\\\...', 92)
#2 C:\\Users\\evaa2\\OneDrive\\Escritorio\\EvaluaPro\\evaluaPro\\vendor\\laravel\\framework\\src\\Illuminate\\Routing\\Controller.php(54): App\\Http\\Controllers\\UsuarioController->index()
#3 C:\\Users\\evaa2\\OneDrive\\Escritorio\\EvaluaPro\\evaluaPro\\vendor\\laravel\\framework\\src\\Illuminate\\Routing\\ControllerDispatcher.php(43): Illuminate\\Routing\\Controller->callAction('index', Array)
#4 C:\\Users\\evaa2\\OneDrive\\Escritorio\\EvaluaPro\\evaluaPro\\vendor\\laravel\\framework\\src\\Illuminate\\Routing\\Route.php(259): Illuminate\\Routing\\ControllerDispatcher->dispatch(Object(Illuminate\\Routing\\Route), Object(App\\Http\\Controllers\\UsuarioController), 'index')
#5 C:\\Users\\evaa2\\OneDrive\\Escritorio\\EvaluaPro\\evaluaPro\\vendor\\laravel\\framework\\src\\Illuminate\\Routing\\Route.php(205): Illuminate\\Routing\\Route->runController()
#6 C:\\Users\\evaa2\\OneDrive\\Escritorio\\EvaluaPro\\evaluaPro\\vendor\\laravel\\framework\\src\\Illuminate\\Routing\\Router.php(806): Illuminate\\Routing\\Route->run()
#7 C:\\Users\\evaa2\\OneDrive\\Escritorio\\EvaluaPro\\evaluaPro\\vendor\\laravel\\framework\\src\\Illuminate\\Pipeline\\Pipeline.php(144): Illuminate\\Routing\\Router->Illuminate\\Routing\\{closure}(Object(Illuminate\\Http\\Request))
#8 C:\\Users\\evaa2\\OneDrive\\Escritorio\\EvaluaPro\\evaluaPro\\app\\Http\\Middleware\\RolMiddleware.php(21): Illuminate\\Pipeline\\Pipeline->Illuminate\\Pipeline\\{closure}(Object(Illuminate\\Http\\Request))
#9 C:\\Users\\evaa2\\OneDrive\\Escritorio\\EvaluaPro\\evaluaPro\\vendor\\laravel\\framework\\src\\Illuminate\\Pipeline\\Pipeline.php(183): App\\Http\\Middleware\\RolMiddleware->handle(Object(Illuminate\\Http\\Request), Object(Closure), 'admin', 'capacitador', 'usuario')
#10 C:\\Users\\evaa2\\OneDrive\\Escritorio\\EvaluaPro\\evaluaPro\\vendor\\laravel\\framework\\src\\Illuminate\\Routing\\Middleware\\SubstituteBindings.php(50): Illuminate\\Pipeline\\Pipeline->Illuminate\\Pipeline\\{closure}(Object(Illuminate\\Http\\Request))
#11 C:\\Users\\evaa2\\OneDrive\\Escritorio\\EvaluaPro\\evaluaPro\\vendor\\laravel\\framework\\src\\Illuminate\\Pipeline\\Pipeline.php(183): Illuminate\\Routing\\Middleware\\SubstituteBindings->handle(Object(Illuminate\\Http\\Request), Object(Closure))
#12 C:\\Users\\evaa2\\OneDrive\\Escritorio\\EvaluaPro\\evaluaPro\\vendor\\laravel\\framework\\src\\Illuminate\\Auth\\Middleware\\Authenticate.php(57): Illuminate\\Pipeline\\Pipeline->Illuminate\\Pipeline\\{closure}(Object(Illuminate\\Http\\Request))
#13 C:\\Users\\evaa2\\OneDrive\\Escritorio\\EvaluaPro\\evaluaPro\\vendor\\laravel\\framework\\src\\Illuminate\\Pipeline\\Pipeline.php(183): Illuminate\\Auth\\Middleware\\Authenticate->handle(Object(Illuminate\\Http\\Request), Object(Closure))
#14 C:\\Users\\evaa2\\OneDrive\\Escritorio\\EvaluaPro\\evaluaPro\\vendor\\laravel\\framework\\src\\Illuminate\\Foundation\\Http\\Middleware\\VerifyCsrfToken.php(78): Illuminate\\Pipeline\\Pipeline->Illuminate\\Pipeline\\{closure}(Object(Illuminate\\Http\\Request))
#15 C:\\Users\\evaa2\\OneDrive\\Escritorio\\EvaluaPro\\evaluaPro\\vendor\\laravel\\framework\\src\\Illuminate\\Pipeline\\Pipeline.php(183): Illuminate\\Foundation\\Http\\Middleware\\VerifyCsrfToken->handle(Object(Illuminate\\Http\\Request), Object(Closure))
#16 C:\\Users\\evaa2\\OneDrive\\Escritorio\\EvaluaPro\\evaluaPro\\vendor\\laravel\\framework\\src\\Illuminate\\View\\Middleware\\ShareErrorsFromSession.php(49): Illuminate\\Pipeline\\Pipeline->Illuminate\\Pipeline\\{closure}(Object(Illuminate\\Http\\Request))
#17 C:\\Users\\evaa2\\OneDrive\\Escritorio\\EvaluaPro\\evaluaPro\\vendor\\laravel\\framework\\src\\Illuminate\\Pipeline\\Pipeline.php(183): Illuminate\\View\\Middleware\\ShareErrorsFromSession->handle(Object(Illuminate\\Http\\Request), Object(Closure))
#18 C:\\Users\\evaa2\\OneDrive\\Escritorio\\EvaluaPro\\evaluaPro\\vendor\\laravel\\framework\\src\\Illuminate\\Session\\Middleware\\StartSession.php(121): Illuminate\\Pipeline\\Pipeline->Illuminate\\Pipeline\\{closure}(Object(Illuminate\\Http\\Request))
#19 C:\\Users\\evaa2\\OneDrive\\Escritorio\\EvaluaPro\\evaluaPro\\vendor\\laravel\\framework\\src\\Illuminate\\Session\\Middleware\\StartSession.php(64): Illuminate\\Session\\Middleware\\StartSession->handleStatefulRequest(Object(Illuminate\\Http\\Request), Object(Illuminate\\Session\\Store), Object(Closure))
#20 C:\\Users\\evaa2\\OneDrive\\Escritorio\\EvaluaPro\\evaluaPro\\vendor\\laravel\\framework\\src\\Illuminate\\Pipeline\\Pipeline.php(183): Illuminate\\Session\\Middleware\\StartSession->handle(Object(Illuminate\\Http\\Request), Object(Closure))
#21 C:\\Users\\evaa2\\OneDrive\\Escritorio\\EvaluaPro\\evaluaPro\\vendor\\laravel\\framework\\src\\Illuminate\\Cookie\\Middleware\\AddQueuedCookiesToResponse.php(37): Illuminate\\Pipeline\\Pipeline->Illuminate\\Pipeline\\{closure}(Object(Illuminate\\Http\\Request))
#22 C:\\Users\\evaa2\\OneDrive\\Escritorio\\EvaluaPro\\evaluaPro\\vendor\\laravel\\framework\\src\\Illuminate\\Pipeline\\Pipeline.php(183): Illuminate\\Cookie\\Middleware\\AddQueuedCookiesToResponse->handle(Object(Illuminate\\Http\\Request), Object(Closure))
#23 C:\\Users\\evaa2\\OneDrive\\Escritorio\\EvaluaPro\\evaluaPro\\vendor\\laravel\\framework\\src\\Illuminate\\Cookie\\Middleware\\EncryptCookies.php(67): Illuminate\\Pipeline\\Pipeline->Illuminate\\Pipeline\\{closure}(Object(Illuminate\\Http\\Request))
#24 C:\\Users\\evaa2\\OneDrive\\Escritorio\\EvaluaPro\\evaluaPro\\vendor\\laravel\\framework\\src\\Illuminate\\Pipeline\\Pipeline.php(183): Illuminate\\Cookie\\Middleware\\EncryptCookies->handle(Object(Illuminate\\Http\\Request), Object(Closure))
#25 C:\\Users\\evaa2\\OneDrive\\Escritorio\\EvaluaPro\\evaluaPro\\vendor\\laravel\\framework\\src\\Illuminate\\Pipeline\\Pipeline.php(119): Illuminate\\Pipeline\\Pipeline->Illuminate\\Pipeline\\{closure}(Object(Illuminate\\Http\\Request))
#26 C:\\Users\\evaa2\\OneDrive\\Escritorio\\EvaluaPro\\evaluaPro\\vendor\\laravel\\framework\\src\\Illuminate\\Routing\\Router.php(805): Illuminate\\Pipeline\\Pipeline->then(Object(Closure))
#27 C:\\Users\\evaa2\\OneDrive\\Escritorio\\EvaluaPro\\evaluaPro\\vendor\\laravel\\framework\\src\\Illuminate\\Routing\\Router.php(784): Illuminate\\Routing\\Router->runRouteWithinStack(Object(Illuminate\\Routing\\Route), Object(Illuminate\\Http\\Request))
#28 C:\\Users\\evaa2\\OneDrive\\Escritorio\\EvaluaPro\\evaluaPro\\vendor\\laravel\\framework\\src\\Illuminate\\Routing\\Router.php(748): Illuminate\\Routing\\Router->runRoute(Object(Illuminate\\Http\\Request), Object(Illuminate\\Routing\\Route))
#29 C:\\Users\\evaa2\\OneDrive\\Escritorio\\EvaluaPro\\evaluaPro\\vendor\\laravel\\framework\\src\\Illuminate\\Routing\\Router.php(737): Illuminate\\Routing\\Router->dispatchToRoute(Object(Illuminate\\Http\\Request))
#30 C:\\Users\\evaa2\\OneDrive\\Escritorio\\EvaluaPro\\evaluaPro\\vendor\\laravel\\framework\\src\\Illuminate\\Foundation\\Http\\Kernel.php(200): Illuminate\\Routing\\Router->dispatch(Object(Illuminate\\Http\\Request))
#31 C:\\Users\\evaa2\\OneDrive\\Escritorio\\EvaluaPro\\evaluaPro\\vendor\\laravel\\framework\\src\\Illuminate\\Pipeline\\Pipeline.php(144): Illuminate\\Foundation\\Http\\Kernel->Illuminate\\Foundation\\Http\\{closure}(Object(Illuminate\\Http\\Request))
#32 C:\\Users\\evaa2\\OneDrive\\Escritorio\\EvaluaPro\\evaluaPro\\vendor\\laravel\\framework\\src\\Illuminate\\Foundation\\Http\\Middleware\\TransformsRequest.php(21): Illuminate\\Pipeline\\Pipeline->Illuminate\\Pipeline\\{closure}(Object(Illuminate\\Http\\Request))
#33 C:\\Users\\evaa2\\OneDrive\\Escritorio\\EvaluaPro\\evaluaPro\\vendor\\laravel\\framework\\src\\Illuminate\\Foundation\\Http\\Middleware\\ConvertEmptyStringsToNull.php(31): Illuminate\\Foundation\\Http\\Middleware\\TransformsRequest->handle(Object(Illuminate\\Http\\Request), Object(Closure))
#34 C:\\Users\\evaa2\\OneDrive\\Escritorio\\EvaluaPro\\evaluaPro\\vendor\\laravel\\framework\\src\\Illuminate\\Pipeline\\Pipeline.php(183): Illuminate\\Foundation\\Http\\Middleware\\ConvertEmptyStringsToNull->handle(Object(Illuminate\\Http\\Request), Object(Closure))
#35 C:\\Users\\evaa2\\OneDrive\\Escritorio\\EvaluaPro\\evaluaPro\\vendor\\laravel\\framework\\src\\Illuminate\\Foundation\\Http\\Middleware\\TransformsRequest.php(21): Illuminate\\Pipeline\\Pipeline->Illuminate\\Pipeline\\{closure}(Object(Illuminate\\Http\\Request))
#36 C:\\Users\\evaa2\\OneDrive\\Escritorio\\EvaluaPro\\evaluaPro\\vendor\\laravel\\framework\\src\\Illuminate\\Foundation\\Http\\Middleware\\TrimStrings.php(40): Illuminate\\Foundation\\Http\\Middleware\\TransformsRequest->handle(Object(Illuminate\\Http\\Request), Object(Closure))
#37 C:\\Users\\evaa2\\OneDrive\\Escritorio\\EvaluaPro\\evaluaPro\\vendor\\laravel\\framework\\src\\Illuminate\\Pipeline\\Pipeline.php(183): Illuminate\\Foundation\\Http\\Middleware\\TrimStrings->handle(Object(Illuminate\\Http\\Request), Object(Closure))
#38 C:\\Users\\evaa2\\OneDrive\\Escritorio\\EvaluaPro\\evaluaPro\\vendor\\laravel\\framework\\src\\Illuminate\\Foundation\\Http\\Middleware\\ValidatePostSize.php(27): Illuminate\\Pipeline\\Pipeline->Illuminate\\Pipeline\\{closure}(Object(Illuminate\\Http\\Request))
#39 C:\\Users\\evaa2\\OneDrive\\Escritorio\\EvaluaPro\\evaluaPro\\vendor\\laravel\\framework\\src\\Illuminate\\Pipeline\\Pipeline.php(183): Illuminate\\Foundation\\Http\\Middleware\\ValidatePostSize->handle(Object(Illuminate\\Http\\Request), Object(Closure))
#40 C:\\Users\\evaa2\\OneDrive\\Escritorio\\EvaluaPro\\evaluaPro\\vendor\\laravel\\framework\\src\\Illuminate\\Foundation\\Http\\Middleware\\PreventRequestsDuringMaintenance.php(99): Illuminate\\Pipeline\\Pipeline->Illuminate\\Pipeline\\{closure}(Object(Illuminate\\Http\\Request))
#41 C:\\Users\\evaa2\\OneDrive\\Escritorio\\EvaluaPro\\evaluaPro\\vendor\\laravel\\framework\\src\\Illuminate\\Pipeline\\Pipeline.php(183): Illuminate\\Foundation\\Http\\Middleware\\PreventRequestsDuringMaintenance->handle(Object(Illuminate\\Http\\Request), Object(Closure))
#42 C:\\Users\\evaa2\\OneDrive\\Escritorio\\EvaluaPro\\evaluaPro\\vendor\\laravel\\framework\\src\\Illuminate\\Http\\Middleware\\HandleCors.php(49): Illuminate\\Pipeline\\Pipeline->Illuminate\\Pipeline\\{closure}(Object(Illuminate\\Http\\Request))
#43 C:\\Users\\evaa2\\OneDrive\\Escritorio\\EvaluaPro\\evaluaPro\\vendor\\laravel\\framework\\src\\Illuminate\\Pipeline\\Pipeline.php(183): Illuminate\\Http\\Middleware\\HandleCors->handle(Object(Illuminate\\Http\\Request), Object(Closure))
#44 C:\\Users\\evaa2\\OneDrive\\Escritorio\\EvaluaPro\\evaluaPro\\vendor\\laravel\\framework\\src\\Illuminate\\Http\\Middleware\\TrustProxies.php(39): Illuminate\\Pipeline\\Pipeline->Illuminate\\Pipeline\\{closure}(Object(Illuminate\\Http\\Request))
#45 C:\\Users\\evaa2\\OneDrive\\Escritorio\\EvaluaPro\\evaluaPro\\vendor\\laravel\\framework\\src\\Illuminate\\Pipeline\\Pipeline.php(183): Illuminate\\Http\\Middleware\\TrustProxies->handle(Object(Illuminate\\Http\\Request), Object(Closure))
#46 C:\\Users\\evaa2\\OneDrive\\Escritorio\\EvaluaPro\\evaluaPro\\vendor\\laravel\\framework\\src\\Illuminate\\Pipeline\\Pipeline.php(119): Illuminate\\Pipeline\\Pipeline->Illuminate\\Pipeline\\{closure}(Object(Illuminate\\Http\\Request))
#47 C:\\Users\\evaa2\\OneDrive\\Escritorio\\EvaluaPro\\evaluaPro\\vendor\\laravel\\framework\\src\\Illuminate\\Foundation\\Http\\Kernel.php(175): Illuminate\\Pipeline\\Pipeline->then(Object(Closure))
#48 C:\\Users\\evaa2\\OneDrive\\Escritorio\\EvaluaPro\\evaluaPro\\vendor\\laravel\\framework\\src\\Illuminate\\Foundation\\Http\\Kernel.php(144): Illuminate\\Foundation\\Http\\Kernel->sendRequestThroughRouter(Object(Illuminate\\Http\\Request))
#49 C:\\Users\\evaa2\\OneDrive\\Escritorio\\EvaluaPro\\evaluaPro\\public\\index.php(51): Illuminate\\Foundation\\Http\\Kernel->handle(Object(Illuminate\\Http\\Request))
#50 C:\\Users\\evaa2\\OneDrive\\Escritorio\\EvaluaPro\\evaluaPro\\vendor\\laravel\\framework\\src\\Illuminate\\Foundation\\resources\\server.php(16): require_once('C:\\\\Users\\\\evaa2\\\\...')
#51 {main}
"} 
[2025-08-14 19:59:46] local.ERROR: Attempt to read property "idReticula" on null {"userId":"Damaris","exception":"[object] (ErrorException(code: 0): Attempt to read property \"idReticula\" on null at C:\\Users\\evaa2\\OneDrive\\Escritorio\\EvaluaPro\\evaluaPro\\app\\Http\\Controllers\\UsuarioController.php:92)
[stacktrace]
#0 C:\\Users\\evaa2\\OneDrive\\Escritorio\\EvaluaPro\\evaluaPro\\vendor\\laravel\\framework\\src\\Illuminate\\Foundation\\Bootstrap\\HandleExceptions.php(255): Illuminate\\Foundation\\Bootstrap\\HandleExceptions->handleError(2, 'Attempt to read...', 'C:\\\\Users\\\\evaa2\\\\...', 92)
#1 C:\\Users\\evaa2\\OneDrive\\Escritorio\\EvaluaPro\\evaluaPro\\app\\Http\\Controllers\\UsuarioController.php(92): Illuminate\\Foundation\\Bootstrap\\HandleExceptions->Illuminate\\Foundation\\Bootstrap\\{closure}(2, 'Attempt to read...', 'C:\\\\Users\\\\evaa2\\\\...', 92)
#2 C:\\Users\\evaa2\\OneDrive\\Escritorio\\EvaluaPro\\evaluaPro\\vendor\\laravel\\framework\\src\\Illuminate\\Routing\\Controller.php(54): App\\Http\\Controllers\\UsuarioController->index()
#3 C:\\Users\\evaa2\\OneDrive\\Escritorio\\EvaluaPro\\evaluaPro\\vendor\\laravel\\framework\\src\\Illuminate\\Routing\\ControllerDispatcher.php(43): Illuminate\\Routing\\Controller->callAction('index', Array)
#4 C:\\Users\\evaa2\\OneDrive\\Escritorio\\EvaluaPro\\evaluaPro\\vendor\\laravel\\framework\\src\\Illuminate\\Routing\\Route.php(259): Illuminate\\Routing\\ControllerDispatcher->dispatch(Object(Illuminate\\Routing\\Route), Object(App\\Http\\Controllers\\UsuarioController), 'index')
#5 C:\\Users\\evaa2\\OneDrive\\Escritorio\\EvaluaPro\\evaluaPro\\vendor\\laravel\\framework\\src\\Illuminate\\Routing\\Route.php(205): Illuminate\\Routing\\Route->runController()
#6 C:\\Users\\evaa2\\OneDrive\\Escritorio\\EvaluaPro\\evaluaPro\\vendor\\laravel\\framework\\src\\Illuminate\\Routing\\Router.php(806): Illuminate\\Routing\\Route->run()
#7 C:\\Users\\evaa2\\OneDrive\\Escritorio\\EvaluaPro\\evaluaPro\\vendor\\laravel\\framework\\src\\Illuminate\\Pipeline\\Pipeline.php(144): Illuminate\\Routing\\Router->Illuminate\\Routing\\{closure}(Object(Illuminate\\Http\\Request))
#8 C:\\Users\\evaa2\\OneDrive\\Escritorio\\EvaluaPro\\evaluaPro\\app\\Http\\Middleware\\RolMiddleware.php(21): Illuminate\\Pipeline\\Pipeline->Illuminate\\Pipeline\\{closure}(Object(Illuminate\\Http\\Request))
#9 C:\\Users\\evaa2\\OneDrive\\Escritorio\\EvaluaPro\\evaluaPro\\vendor\\laravel\\framework\\src\\Illuminate\\Pipeline\\Pipeline.php(183): App\\Http\\Middleware\\RolMiddleware->handle(Object(Illuminate\\Http\\Request), Object(Closure), 'admin', 'capacitador', 'usuario')
#10 C:\\Users\\evaa2\\OneDrive\\Escritorio\\EvaluaPro\\evaluaPro\\vendor\\laravel\\framework\\src\\Illuminate\\Routing\\Middleware\\SubstituteBindings.php(50): Illuminate\\Pipeline\\Pipeline->Illuminate\\Pipeline\\{closure}(Object(Illuminate\\Http\\Request))
#11 C:\\Users\\evaa2\\OneDrive\\Escritorio\\EvaluaPro\\evaluaPro\\vendor\\laravel\\framework\\src\\Illuminate\\Pipeline\\Pipeline.php(183): Illuminate\\Routing\\Middleware\\SubstituteBindings->handle(Object(Illuminate\\Http\\Request), Object(Closure))
#12 C:\\Users\\evaa2\\OneDrive\\Escritorio\\EvaluaPro\\evaluaPro\\vendor\\laravel\\framework\\src\\Illuminate\\Auth\\Middleware\\Authenticate.php(57): Illuminate\\Pipeline\\Pipeline->Illuminate\\Pipeline\\{closure}(Object(Illuminate\\Http\\Request))
#13 C:\\Users\\evaa2\\OneDrive\\Escritorio\\EvaluaPro\\evaluaPro\\vendor\\laravel\\framework\\src\\Illuminate\\Pipeline\\Pipeline.php(183): Illuminate\\Auth\\Middleware\\Authenticate->handle(Object(Illuminate\\Http\\Request), Object(Closure))
#14 C:\\Users\\evaa2\\OneDrive\\Escritorio\\EvaluaPro\\evaluaPro\\vendor\\laravel\\framework\\src\\Illuminate\\Foundation\\Http\\Middleware\\VerifyCsrfToken.php(78): Illuminate\\Pipeline\\Pipeline->Illuminate\\Pipeline\\{closure}(Object(Illuminate\\Http\\Request))
#15 C:\\Users\\evaa2\\OneDrive\\Escritorio\\EvaluaPro\\evaluaPro\\vendor\\laravel\\framework\\src\\Illuminate\\Pipeline\\Pipeline.php(183): Illuminate\\Foundation\\Http\\Middleware\\VerifyCsrfToken->handle(Object(Illuminate\\Http\\Request), Object(Closure))
#16 C:\\Users\\evaa2\\OneDrive\\Escritorio\\EvaluaPro\\evaluaPro\\vendor\\laravel\\framework\\src\\Illuminate\\View\\Middleware\\ShareErrorsFromSession.php(49): Illuminate\\Pipeline\\Pipeline->Illuminate\\Pipeline\\{closure}(Object(Illuminate\\Http\\Request))
#17 C:\\Users\\evaa2\\OneDrive\\Escritorio\\EvaluaPro\\evaluaPro\\vendor\\laravel\\framework\\src\\Illuminate\\Pipeline\\Pipeline.php(183): Illuminate\\View\\Middleware\\ShareErrorsFromSession->handle(Object(Illuminate\\Http\\Request), Object(Closure))
#18 C:\\Users\\evaa2\\OneDrive\\Escritorio\\EvaluaPro\\evaluaPro\\vendor\\laravel\\framework\\src\\Illuminate\\Session\\Middleware\\StartSession.php(121): Illuminate\\Pipeline\\Pipeline->Illuminate\\Pipeline\\{closure}(Object(Illuminate\\Http\\Request))
#19 C:\\Users\\evaa2\\OneDrive\\Escritorio\\EvaluaPro\\evaluaPro\\vendor\\laravel\\framework\\src\\Illuminate\\Session\\Middleware\\StartSession.php(64): Illuminate\\Session\\Middleware\\StartSession->handleStatefulRequest(Object(Illuminate\\Http\\Request), Object(Illuminate\\Session\\Store), Object(Closure))
#20 C:\\Users\\evaa2\\OneDrive\\Escritorio\\EvaluaPro\\evaluaPro\\vendor\\laravel\\framework\\src\\Illuminate\\Pipeline\\Pipeline.php(183): Illuminate\\Session\\Middleware\\StartSession->handle(Object(Illuminate\\Http\\Request), Object(Closure))
#21 C:\\Users\\evaa2\\OneDrive\\Escritorio\\EvaluaPro\\evaluaPro\\vendor\\laravel\\framework\\src\\Illuminate\\Cookie\\Middleware\\AddQueuedCookiesToResponse.php(37): Illuminate\\Pipeline\\Pipeline->Illuminate\\Pipeline\\{closure}(Object(Illuminate\\Http\\Request))
#22 C:\\Users\\evaa2\\OneDrive\\Escritorio\\EvaluaPro\\evaluaPro\\vendor\\laravel\\framework\\src\\Illuminate\\Pipeline\\Pipeline.php(183): Illuminate\\Cookie\\Middleware\\AddQueuedCookiesToResponse->handle(Object(Illuminate\\Http\\Request), Object(Closure))
#23 C:\\Users\\evaa2\\OneDrive\\Escritorio\\EvaluaPro\\evaluaPro\\vendor\\laravel\\framework\\src\\Illuminate\\Cookie\\Middleware\\EncryptCookies.php(67): Illuminate\\Pipeline\\Pipeline->Illuminate\\Pipeline\\{closure}(Object(Illuminate\\Http\\Request))
#24 C:\\Users\\evaa2\\OneDrive\\Escritorio\\EvaluaPro\\evaluaPro\\vendor\\laravel\\framework\\src\\Illuminate\\Pipeline\\Pipeline.php(183): Illuminate\\Cookie\\Middleware\\EncryptCookies->handle(Object(Illuminate\\Http\\Request), Object(Closure))
#25 C:\\Users\\evaa2\\OneDrive\\Escritorio\\EvaluaPro\\evaluaPro\\vendor\\laravel\\framework\\src\\Illuminate\\Pipeline\\Pipeline.php(119): Illuminate\\Pipeline\\Pipeline->Illuminate\\Pipeline\\{closure}(Object(Illuminate\\Http\\Request))
#26 C:\\Users\\evaa2\\OneDrive\\Escritorio\\EvaluaPro\\evaluaPro\\vendor\\laravel\\framework\\src\\Illuminate\\Routing\\Router.php(805): Illuminate\\Pipeline\\Pipeline->then(Object(Closure))
#27 C:\\Users\\evaa2\\OneDrive\\Escritorio\\EvaluaPro\\evaluaPro\\vendor\\laravel\\framework\\src\\Illuminate\\Routing\\Router.php(784): Illuminate\\Routing\\Router->runRouteWithinStack(Object(Illuminate\\Routing\\Route), Object(Illuminate\\Http\\Request))
#28 C:\\Users\\evaa2\\OneDrive\\Escritorio\\EvaluaPro\\evaluaPro\\vendor\\laravel\\framework\\src\\Illuminate\\Routing\\Router.php(748): Illuminate\\Routing\\Router->runRoute(Object(Illuminate\\Http\\Request), Object(Illuminate\\Routing\\Route))
#29 C:\\Users\\evaa2\\OneDrive\\Escritorio\\EvaluaPro\\evaluaPro\\vendor\\laravel\\framework\\src\\Illuminate\\Routing\\Router.php(737): Illuminate\\Routing\\Router->dispatchToRoute(Object(Illuminate\\Http\\Request))
#30 C:\\Users\\evaa2\\OneDrive\\Escritorio\\EvaluaPro\\evaluaPro\\vendor\\laravel\\framework\\src\\Illuminate\\Foundation\\Http\\Kernel.php(200): Illuminate\\Routing\\Router->dispatch(Object(Illuminate\\Http\\Request))
#31 C:\\Users\\evaa2\\OneDrive\\Escritorio\\EvaluaPro\\evaluaPro\\vendor\\laravel\\framework\\src\\Illuminate\\Pipeline\\Pipeline.php(144): Illuminate\\Foundation\\Http\\Kernel->Illuminate\\Foundation\\Http\\{closure}(Object(Illuminate\\Http\\Request))
#32 C:\\Users\\evaa2\\OneDrive\\Escritorio\\EvaluaPro\\evaluaPro\\vendor\\laravel\\framework\\src\\Illuminate\\Foundation\\Http\\Middleware\\TransformsRequest.php(21): Illuminate\\Pipeline\\Pipeline->Illuminate\\Pipeline\\{closure}(Object(Illuminate\\Http\\Request))
#33 C:\\Users\\evaa2\\OneDrive\\Escritorio\\EvaluaPro\\evaluaPro\\vendor\\laravel\\framework\\src\\Illuminate\\Foundation\\Http\\Middleware\\ConvertEmptyStringsToNull.php(31): Illuminate\\Foundation\\Http\\Middleware\\TransformsRequest->handle(Object(Illuminate\\Http\\Request), Object(Closure))
#34 C:\\Users\\evaa2\\OneDrive\\Escritorio\\EvaluaPro\\evaluaPro\\vendor\\laravel\\framework\\src\\Illuminate\\Pipeline\\Pipeline.php(183): Illuminate\\Foundation\\Http\\Middleware\\ConvertEmptyStringsToNull->handle(Object(Illuminate\\Http\\Request), Object(Closure))
#35 C:\\Users\\evaa2\\OneDrive\\Escritorio\\EvaluaPro\\evaluaPro\\vendor\\laravel\\framework\\src\\Illuminate\\Foundation\\Http\\Middleware\\TransformsRequest.php(21): Illuminate\\Pipeline\\Pipeline->Illuminate\\Pipeline\\{closure}(Object(Illuminate\\Http\\Request))
#36 C:\\Users\\evaa2\\OneDrive\\Escritorio\\EvaluaPro\\evaluaPro\\vendor\\laravel\\framework\\src\\Illuminate\\Foundation\\Http\\Middleware\\TrimStrings.php(40): Illuminate\\Foundation\\Http\\Middleware\\TransformsRequest->handle(Object(Illuminate\\Http\\Request), Object(Closure))
#37 C:\\Users\\evaa2\\OneDrive\\Escritorio\\EvaluaPro\\evaluaPro\\vendor\\laravel\\framework\\src\\Illuminate\\Pipeline\\Pipeline.php(183): Illuminate\\Foundation\\Http\\Middleware\\TrimStrings->handle(Object(Illuminate\\Http\\Request), Object(Closure))
#38 C:\\Users\\evaa2\\OneDrive\\Escritorio\\EvaluaPro\\evaluaPro\\vendor\\laravel\\framework\\src\\Illuminate\\Foundation\\Http\\Middleware\\ValidatePostSize.php(27): Illuminate\\Pipeline\\Pipeline->Illuminate\\Pipeline\\{closure}(Object(Illuminate\\Http\\Request))
#39 C:\\Users\\evaa2\\OneDrive\\Escritorio\\EvaluaPro\\evaluaPro\\vendor\\laravel\\framework\\src\\Illuminate\\Pipeline\\Pipeline.php(183): Illuminate\\Foundation\\Http\\Middleware\\ValidatePostSize->handle(Object(Illuminate\\Http\\Request), Object(Closure))
#40 C:\\Users\\evaa2\\OneDrive\\Escritorio\\EvaluaPro\\evaluaPro\\vendor\\laravel\\framework\\src\\Illuminate\\Foundation\\Http\\Middleware\\PreventRequestsDuringMaintenance.php(99): Illuminate\\Pipeline\\Pipeline->Illuminate\\Pipeline\\{closure}(Object(Illuminate\\Http\\Request))
#41 C:\\Users\\evaa2\\OneDrive\\Escritorio\\EvaluaPro\\evaluaPro\\vendor\\laravel\\framework\\src\\Illuminate\\Pipeline\\Pipeline.php(183): Illuminate\\Foundation\\Http\\Middleware\\PreventRequestsDuringMaintenance->handle(Object(Illuminate\\Http\\Request), Object(Closure))
#42 C:\\Users\\evaa2\\OneDrive\\Escritorio\\EvaluaPro\\evaluaPro\\vendor\\laravel\\framework\\src\\Illuminate\\Http\\Middleware\\HandleCors.php(49): Illuminate\\Pipeline\\Pipeline->Illuminate\\Pipeline\\{closure}(Object(Illuminate\\Http\\Request))
#43 C:\\Users\\evaa2\\OneDrive\\Escritorio\\EvaluaPro\\evaluaPro\\vendor\\laravel\\framework\\src\\Illuminate\\Pipeline\\Pipeline.php(183): Illuminate\\Http\\Middleware\\HandleCors->handle(Object(Illuminate\\Http\\Request), Object(Closure))
#44 C:\\Users\\evaa2\\OneDrive\\Escritorio\\EvaluaPro\\evaluaPro\\vendor\\laravel\\framework\\src\\Illuminate\\Http\\Middleware\\TrustProxies.php(39): Illuminate\\Pipeline\\Pipeline->Illuminate\\Pipeline\\{closure}(Object(Illuminate\\Http\\Request))
#45 C:\\Users\\evaa2\\OneDrive\\Escritorio\\EvaluaPro\\evaluaPro\\vendor\\laravel\\framework\\src\\Illuminate\\Pipeline\\Pipeline.php(183): Illuminate\\Http\\Middleware\\TrustProxies->handle(Object(Illuminate\\Http\\Request), Object(Closure))
#46 C:\\Users\\evaa2\\OneDrive\\Escritorio\\EvaluaPro\\evaluaPro\\vendor\\laravel\\framework\\src\\Illuminate\\Pipeline\\Pipeline.php(119): Illuminate\\Pipeline\\Pipeline->Illuminate\\Pipeline\\{closure}(Object(Illuminate\\Http\\Request))
#47 C:\\Users\\evaa2\\OneDrive\\Escritorio\\EvaluaPro\\evaluaPro\\vendor\\laravel\\framework\\src\\Illuminate\\Foundation\\Http\\Kernel.php(175): Illuminate\\Pipeline\\Pipeline->then(Object(Closure))
#48 C:\\Users\\evaa2\\OneDrive\\Escritorio\\EvaluaPro\\evaluaPro\\vendor\\laravel\\framework\\src\\Illuminate\\Foundation\\Http\\Kernel.php(144): Illuminate\\Foundation\\Http\\Kernel->sendRequestThroughRouter(Object(Illuminate\\Http\\Request))
#49 C:\\Users\\evaa2\\OneDrive\\Escritorio\\EvaluaPro\\evaluaPro\\public\\index.php(51): Illuminate\\Foundation\\Http\\Kernel->handle(Object(Illuminate\\Http\\Request))
#50 C:\\Users\\evaa2\\OneDrive\\Escritorio\\EvaluaPro\\evaluaPro\\vendor\\laravel\\framework\\src\\Illuminate\\Foundation\\resources\\server.php(16): require_once('C:\\\\Users\\\\evaa2\\\\...')
#51 {main}
"} 
[2025-08-14 20:01:04] local.ERROR: Attempt to read property "idReticula" on null {"userId":"Damaris","exception":"[object] (ErrorException(code: 0): Attempt to read property \"idReticula\" on null at C:\\Users\\evaa2\\OneDrive\\Escritorio\\EvaluaPro\\evaluaPro\\app\\Http\\Controllers\\UsuarioController.php:92)
[stacktrace]
#0 C:\\Users\\evaa2\\OneDrive\\Escritorio\\EvaluaPro\\evaluaPro\\vendor\\laravel\\framework\\src\\Illuminate\\Foundation\\Bootstrap\\HandleExceptions.php(255): Illuminate\\Foundation\\Bootstrap\\HandleExceptions->handleError(2, 'Attempt to read...', 'C:\\\\Users\\\\evaa2\\\\...', 92)
#1 C:\\Users\\evaa2\\OneDrive\\Escritorio\\EvaluaPro\\evaluaPro\\app\\Http\\Controllers\\UsuarioController.php(92): Illuminate\\Foundation\\Bootstrap\\HandleExceptions->Illuminate\\Foundation\\Bootstrap\\{closure}(2, 'Attempt to read...', 'C:\\\\Users\\\\evaa2\\\\...', 92)
#2 C:\\Users\\evaa2\\OneDrive\\Escritorio\\EvaluaPro\\evaluaPro\\vendor\\laravel\\framework\\src\\Illuminate\\Routing\\Controller.php(54): App\\Http\\Controllers\\UsuarioController->index()
#3 C:\\Users\\evaa2\\OneDrive\\Escritorio\\EvaluaPro\\evaluaPro\\vendor\\laravel\\framework\\src\\Illuminate\\Routing\\ControllerDispatcher.php(43): Illuminate\\Routing\\Controller->callAction('index', Array)
#4 C:\\Users\\evaa2\\OneDrive\\Escritorio\\EvaluaPro\\evaluaPro\\vendor\\laravel\\framework\\src\\Illuminate\\Routing\\Route.php(259): Illuminate\\Routing\\ControllerDispatcher->dispatch(Object(Illuminate\\Routing\\Route), Object(App\\Http\\Controllers\\UsuarioController), 'index')
#5 C:\\Users\\evaa2\\OneDrive\\Escritorio\\EvaluaPro\\evaluaPro\\vendor\\laravel\\framework\\src\\Illuminate\\Routing\\Route.php(205): Illuminate\\Routing\\Route->runController()
#6 C:\\Users\\evaa2\\OneDrive\\Escritorio\\EvaluaPro\\evaluaPro\\vendor\\laravel\\framework\\src\\Illuminate\\Routing\\Router.php(806): Illuminate\\Routing\\Route->run()
#7 C:\\Users\\evaa2\\OneDrive\\Escritorio\\EvaluaPro\\evaluaPro\\vendor\\laravel\\framework\\src\\Illuminate\\Pipeline\\Pipeline.php(144): Illuminate\\Routing\\Router->Illuminate\\Routing\\{closure}(Object(Illuminate\\Http\\Request))
#8 C:\\Users\\evaa2\\OneDrive\\Escritorio\\EvaluaPro\\evaluaPro\\app\\Http\\Middleware\\RolMiddleware.php(21): Illuminate\\Pipeline\\Pipeline->Illuminate\\Pipeline\\{closure}(Object(Illuminate\\Http\\Request))
#9 C:\\Users\\evaa2\\OneDrive\\Escritorio\\EvaluaPro\\evaluaPro\\vendor\\laravel\\framework\\src\\Illuminate\\Pipeline\\Pipeline.php(183): App\\Http\\Middleware\\RolMiddleware->handle(Object(Illuminate\\Http\\Request), Object(Closure), 'admin', 'capacitador', 'usuario')
#10 C:\\Users\\evaa2\\OneDrive\\Escritorio\\EvaluaPro\\evaluaPro\\vendor\\laravel\\framework\\src\\Illuminate\\Routing\\Middleware\\SubstituteBindings.php(50): Illuminate\\Pipeline\\Pipeline->Illuminate\\Pipeline\\{closure}(Object(Illuminate\\Http\\Request))
#11 C:\\Users\\evaa2\\OneDrive\\Escritorio\\EvaluaPro\\evaluaPro\\vendor\\laravel\\framework\\src\\Illuminate\\Pipeline\\Pipeline.php(183): Illuminate\\Routing\\Middleware\\SubstituteBindings->handle(Object(Illuminate\\Http\\Request), Object(Closure))
#12 C:\\Users\\evaa2\\OneDrive\\Escritorio\\EvaluaPro\\evaluaPro\\vendor\\laravel\\framework\\src\\Illuminate\\Auth\\Middleware\\Authenticate.php(57): Illuminate\\Pipeline\\Pipeline->Illuminate\\Pipeline\\{closure}(Object(Illuminate\\Http\\Request))
#13 C:\\Users\\evaa2\\OneDrive\\Escritorio\\EvaluaPro\\evaluaPro\\vendor\\laravel\\framework\\src\\Illuminate\\Pipeline\\Pipeline.php(183): Illuminate\\Auth\\Middleware\\Authenticate->handle(Object(Illuminate\\Http\\Request), Object(Closure))
#14 C:\\Users\\evaa2\\OneDrive\\Escritorio\\EvaluaPro\\evaluaPro\\vendor\\laravel\\framework\\src\\Illuminate\\Foundation\\Http\\Middleware\\VerifyCsrfToken.php(78): Illuminate\\Pipeline\\Pipeline->Illuminate\\Pipeline\\{closure}(Object(Illuminate\\Http\\Request))
#15 C:\\Users\\evaa2\\OneDrive\\Escritorio\\EvaluaPro\\evaluaPro\\vendor\\laravel\\framework\\src\\Illuminate\\Pipeline\\Pipeline.php(183): Illuminate\\Foundation\\Http\\Middleware\\VerifyCsrfToken->handle(Object(Illuminate\\Http\\Request), Object(Closure))
#16 C:\\Users\\evaa2\\OneDrive\\Escritorio\\EvaluaPro\\evaluaPro\\vendor\\laravel\\framework\\src\\Illuminate\\View\\Middleware\\ShareErrorsFromSession.php(49): Illuminate\\Pipeline\\Pipeline->Illuminate\\Pipeline\\{closure}(Object(Illuminate\\Http\\Request))
#17 C:\\Users\\evaa2\\OneDrive\\Escritorio\\EvaluaPro\\evaluaPro\\vendor\\laravel\\framework\\src\\Illuminate\\Pipeline\\Pipeline.php(183): Illuminate\\View\\Middleware\\ShareErrorsFromSession->handle(Object(Illuminate\\Http\\Request), Object(Closure))
#18 C:\\Users\\evaa2\\OneDrive\\Escritorio\\EvaluaPro\\evaluaPro\\vendor\\laravel\\framework\\src\\Illuminate\\Session\\Middleware\\StartSession.php(121): Illuminate\\Pipeline\\Pipeline->Illuminate\\Pipeline\\{closure}(Object(Illuminate\\Http\\Request))
#19 C:\\Users\\evaa2\\OneDrive\\Escritorio\\EvaluaPro\\evaluaPro\\vendor\\laravel\\framework\\src\\Illuminate\\Session\\Middleware\\StartSession.php(64): Illuminate\\Session\\Middleware\\StartSession->handleStatefulRequest(Object(Illuminate\\Http\\Request), Object(Illuminate\\Session\\Store), Object(Closure))
#20 C:\\Users\\evaa2\\OneDrive\\Escritorio\\EvaluaPro\\evaluaPro\\vendor\\laravel\\framework\\src\\Illuminate\\Pipeline\\Pipeline.php(183): Illuminate\\Session\\Middleware\\StartSession->handle(Object(Illuminate\\Http\\Request), Object(Closure))
#21 C:\\Users\\evaa2\\OneDrive\\Escritorio\\EvaluaPro\\evaluaPro\\vendor\\laravel\\framework\\src\\Illuminate\\Cookie\\Middleware\\AddQueuedCookiesToResponse.php(37): Illuminate\\Pipeline\\Pipeline->Illuminate\\Pipeline\\{closure}(Object(Illuminate\\Http\\Request))
#22 C:\\Users\\evaa2\\OneDrive\\Escritorio\\EvaluaPro\\evaluaPro\\vendor\\laravel\\framework\\src\\Illuminate\\Pipeline\\Pipeline.php(183): Illuminate\\Cookie\\Middleware\\AddQueuedCookiesToResponse->handle(Object(Illuminate\\Http\\Request), Object(Closure))
#23 C:\\Users\\evaa2\\OneDrive\\Escritorio\\EvaluaPro\\evaluaPro\\vendor\\laravel\\framework\\src\\Illuminate\\Cookie\\Middleware\\EncryptCookies.php(67): Illuminate\\Pipeline\\Pipeline->Illuminate\\Pipeline\\{closure}(Object(Illuminate\\Http\\Request))
#24 C:\\Users\\evaa2\\OneDrive\\Escritorio\\EvaluaPro\\evaluaPro\\vendor\\laravel\\framework\\src\\Illuminate\\Pipeline\\Pipeline.php(183): Illuminate\\Cookie\\Middleware\\EncryptCookies->handle(Object(Illuminate\\Http\\Request), Object(Closure))
#25 C:\\Users\\evaa2\\OneDrive\\Escritorio\\EvaluaPro\\evaluaPro\\vendor\\laravel\\framework\\src\\Illuminate\\Pipeline\\Pipeline.php(119): Illuminate\\Pipeline\\Pipeline->Illuminate\\Pipeline\\{closure}(Object(Illuminate\\Http\\Request))
#26 C:\\Users\\evaa2\\OneDrive\\Escritorio\\EvaluaPro\\evaluaPro\\vendor\\laravel\\framework\\src\\Illuminate\\Routing\\Router.php(805): Illuminate\\Pipeline\\Pipeline->then(Object(Closure))
#27 C:\\Users\\evaa2\\OneDrive\\Escritorio\\EvaluaPro\\evaluaPro\\vendor\\laravel\\framework\\src\\Illuminate\\Routing\\Router.php(784): Illuminate\\Routing\\Router->runRouteWithinStack(Object(Illuminate\\Routing\\Route), Object(Illuminate\\Http\\Request))
#28 C:\\Users\\evaa2\\OneDrive\\Escritorio\\EvaluaPro\\evaluaPro\\vendor\\laravel\\framework\\src\\Illuminate\\Routing\\Router.php(748): Illuminate\\Routing\\Router->runRoute(Object(Illuminate\\Http\\Request), Object(Illuminate\\Routing\\Route))
#29 C:\\Users\\evaa2\\OneDrive\\Escritorio\\EvaluaPro\\evaluaPro\\vendor\\laravel\\framework\\src\\Illuminate\\Routing\\Router.php(737): Illuminate\\Routing\\Router->dispatchToRoute(Object(Illuminate\\Http\\Request))
#30 C:\\Users\\evaa2\\OneDrive\\Escritorio\\EvaluaPro\\evaluaPro\\vendor\\laravel\\framework\\src\\Illuminate\\Foundation\\Http\\Kernel.php(200): Illuminate\\Routing\\Router->dispatch(Object(Illuminate\\Http\\Request))
#31 C:\\Users\\evaa2\\OneDrive\\Escritorio\\EvaluaPro\\evaluaPro\\vendor\\laravel\\framework\\src\\Illuminate\\Pipeline\\Pipeline.php(144): Illuminate\\Foundation\\Http\\Kernel->Illuminate\\Foundation\\Http\\{closure}(Object(Illuminate\\Http\\Request))
#32 C:\\Users\\evaa2\\OneDrive\\Escritorio\\EvaluaPro\\evaluaPro\\vendor\\laravel\\framework\\src\\Illuminate\\Foundation\\Http\\Middleware\\TransformsRequest.php(21): Illuminate\\Pipeline\\Pipeline->Illuminate\\Pipeline\\{closure}(Object(Illuminate\\Http\\Request))
#33 C:\\Users\\evaa2\\OneDrive\\Escritorio\\EvaluaPro\\evaluaPro\\vendor\\laravel\\framework\\src\\Illuminate\\Foundation\\Http\\Middleware\\ConvertEmptyStringsToNull.php(31): Illuminate\\Foundation\\Http\\Middleware\\TransformsRequest->handle(Object(Illuminate\\Http\\Request), Object(Closure))
#34 C:\\Users\\evaa2\\OneDrive\\Escritorio\\EvaluaPro\\evaluaPro\\vendor\\laravel\\framework\\src\\Illuminate\\Pipeline\\Pipeline.php(183): Illuminate\\Foundation\\Http\\Middleware\\ConvertEmptyStringsToNull->handle(Object(Illuminate\\Http\\Request), Object(Closure))
#35 C:\\Users\\evaa2\\OneDrive\\Escritorio\\EvaluaPro\\evaluaPro\\vendor\\laravel\\framework\\src\\Illuminate\\Foundation\\Http\\Middleware\\TransformsRequest.php(21): Illuminate\\Pipeline\\Pipeline->Illuminate\\Pipeline\\{closure}(Object(Illuminate\\Http\\Request))
#36 C:\\Users\\evaa2\\OneDrive\\Escritorio\\EvaluaPro\\evaluaPro\\vendor\\laravel\\framework\\src\\Illuminate\\Foundation\\Http\\Middleware\\TrimStrings.php(40): Illuminate\\Foundation\\Http\\Middleware\\TransformsRequest->handle(Object(Illuminate\\Http\\Request), Object(Closure))
#37 C:\\Users\\evaa2\\OneDrive\\Escritorio\\EvaluaPro\\evaluaPro\\vendor\\laravel\\framework\\src\\Illuminate\\Pipeline\\Pipeline.php(183): Illuminate\\Foundation\\Http\\Middleware\\TrimStrings->handle(Object(Illuminate\\Http\\Request), Object(Closure))
#38 C:\\Users\\evaa2\\OneDrive\\Escritorio\\EvaluaPro\\evaluaPro\\vendor\\laravel\\framework\\src\\Illuminate\\Foundation\\Http\\Middleware\\ValidatePostSize.php(27): Illuminate\\Pipeline\\Pipeline->Illuminate\\Pipeline\\{closure}(Object(Illuminate\\Http\\Request))
#39 C:\\Users\\evaa2\\OneDrive\\Escritorio\\EvaluaPro\\evaluaPro\\vendor\\laravel\\framework\\src\\Illuminate\\Pipeline\\Pipeline.php(183): Illuminate\\Foundation\\Http\\Middleware\\ValidatePostSize->handle(Object(Illuminate\\Http\\Request), Object(Closure))
#40 C:\\Users\\evaa2\\OneDrive\\Escritorio\\EvaluaPro\\evaluaPro\\vendor\\laravel\\framework\\src\\Illuminate\\Foundation\\Http\\Middleware\\PreventRequestsDuringMaintenance.php(99): Illuminate\\Pipeline\\Pipeline->Illuminate\\Pipeline\\{closure}(Object(Illuminate\\Http\\Request))
#41 C:\\Users\\evaa2\\OneDrive\\Escritorio\\EvaluaPro\\evaluaPro\\vendor\\laravel\\framework\\src\\Illuminate\\Pipeline\\Pipeline.php(183): Illuminate\\Foundation\\Http\\Middleware\\PreventRequestsDuringMaintenance->handle(Object(Illuminate\\Http\\Request), Object(Closure))
#42 C:\\Users\\evaa2\\OneDrive\\Escritorio\\EvaluaPro\\evaluaPro\\vendor\\laravel\\framework\\src\\Illuminate\\Http\\Middleware\\HandleCors.php(49): Illuminate\\Pipeline\\Pipeline->Illuminate\\Pipeline\\{closure}(Object(Illuminate\\Http\\Request))
#43 C:\\Users\\evaa2\\OneDrive\\Escritorio\\EvaluaPro\\evaluaPro\\vendor\\laravel\\framework\\src\\Illuminate\\Pipeline\\Pipeline.php(183): Illuminate\\Http\\Middleware\\HandleCors->handle(Object(Illuminate\\Http\\Request), Object(Closure))
#44 C:\\Users\\evaa2\\OneDrive\\Escritorio\\EvaluaPro\\evaluaPro\\vendor\\laravel\\framework\\src\\Illuminate\\Http\\Middleware\\TrustProxies.php(39): Illuminate\\Pipeline\\Pipeline->Illuminate\\Pipeline\\{closure}(Object(Illuminate\\Http\\Request))
#45 C:\\Users\\evaa2\\OneDrive\\Escritorio\\EvaluaPro\\evaluaPro\\vendor\\laravel\\framework\\src\\Illuminate\\Pipeline\\Pipeline.php(183): Illuminate\\Http\\Middleware\\TrustProxies->handle(Object(Illuminate\\Http\\Request), Object(Closure))
#46 C:\\Users\\evaa2\\OneDrive\\Escritorio\\EvaluaPro\\evaluaPro\\vendor\\laravel\\framework\\src\\Illuminate\\Pipeline\\Pipeline.php(119): Illuminate\\Pipeline\\Pipeline->Illuminate\\Pipeline\\{closure}(Object(Illuminate\\Http\\Request))
#47 C:\\Users\\evaa2\\OneDrive\\Escritorio\\EvaluaPro\\evaluaPro\\vendor\\laravel\\framework\\src\\Illuminate\\Foundation\\Http\\Kernel.php(175): Illuminate\\Pipeline\\Pipeline->then(Object(Closure))
#48 C:\\Users\\evaa2\\OneDrive\\Escritorio\\EvaluaPro\\evaluaPro\\vendor\\laravel\\framework\\src\\Illuminate\\Foundation\\Http\\Kernel.php(144): Illuminate\\Foundation\\Http\\Kernel->sendRequestThroughRouter(Object(Illuminate\\Http\\Request))
#49 C:\\Users\\evaa2\\OneDrive\\Escritorio\\EvaluaPro\\evaluaPro\\public\\index.php(51): Illuminate\\Foundation\\Http\\Kernel->handle(Object(Illuminate\\Http\\Request))
#50 C:\\Users\\evaa2\\OneDrive\\Escritorio\\EvaluaPro\\evaluaPro\\vendor\\laravel\\framework\\src\\Illuminate\\Foundation\\resources\\server.php(16): require_once('C:\\\\Users\\\\evaa2\\\\...')
#51 {main}
"} 
[2025-08-14 20:02:24] local.ERROR: Attempt to read property "idReticula" on null {"userId":"Damaris","exception":"[object] (ErrorException(code: 0): Attempt to read property \"idReticula\" on null at C:\\Users\\evaa2\\OneDrive\\Escritorio\\EvaluaPro\\evaluaPro\\app\\Http\\Controllers\\UsuarioController.php:92)
[stacktrace]
#0 C:\\Users\\evaa2\\OneDrive\\Escritorio\\EvaluaPro\\evaluaPro\\vendor\\laravel\\framework\\src\\Illuminate\\Foundation\\Bootstrap\\HandleExceptions.php(255): Illuminate\\Foundation\\Bootstrap\\HandleExceptions->handleError(2, 'Attempt to read...', 'C:\\\\Users\\\\evaa2\\\\...', 92)
#1 C:\\Users\\evaa2\\OneDrive\\Escritorio\\EvaluaPro\\evaluaPro\\app\\Http\\Controllers\\UsuarioController.php(92): Illuminate\\Foundation\\Bootstrap\\HandleExceptions->Illuminate\\Foundation\\Bootstrap\\{closure}(2, 'Attempt to read...', 'C:\\\\Users\\\\evaa2\\\\...', 92)
#2 C:\\Users\\evaa2\\OneDrive\\Escritorio\\EvaluaPro\\evaluaPro\\vendor\\laravel\\framework\\src\\Illuminate\\Routing\\Controller.php(54): App\\Http\\Controllers\\UsuarioController->index()
#3 C:\\Users\\evaa2\\OneDrive\\Escritorio\\EvaluaPro\\evaluaPro\\vendor\\laravel\\framework\\src\\Illuminate\\Routing\\ControllerDispatcher.php(43): Illuminate\\Routing\\Controller->callAction('index', Array)
#4 C:\\Users\\evaa2\\OneDrive\\Escritorio\\EvaluaPro\\evaluaPro\\vendor\\laravel\\framework\\src\\Illuminate\\Routing\\Route.php(259): Illuminate\\Routing\\ControllerDispatcher->dispatch(Object(Illuminate\\Routing\\Route), Object(App\\Http\\Controllers\\UsuarioController), 'index')
#5 C:\\Users\\evaa2\\OneDrive\\Escritorio\\EvaluaPro\\evaluaPro\\vendor\\laravel\\framework\\src\\Illuminate\\Routing\\Route.php(205): Illuminate\\Routing\\Route->runController()
#6 C:\\Users\\evaa2\\OneDrive\\Escritorio\\EvaluaPro\\evaluaPro\\vendor\\laravel\\framework\\src\\Illuminate\\Routing\\Router.php(806): Illuminate\\Routing\\Route->run()
#7 C:\\Users\\evaa2\\OneDrive\\Escritorio\\EvaluaPro\\evaluaPro\\vendor\\laravel\\framework\\src\\Illuminate\\Pipeline\\Pipeline.php(144): Illuminate\\Routing\\Router->Illuminate\\Routing\\{closure}(Object(Illuminate\\Http\\Request))
#8 C:\\Users\\evaa2\\OneDrive\\Escritorio\\EvaluaPro\\evaluaPro\\app\\Http\\Middleware\\RolMiddleware.php(21): Illuminate\\Pipeline\\Pipeline->Illuminate\\Pipeline\\{closure}(Object(Illuminate\\Http\\Request))
#9 C:\\Users\\evaa2\\OneDrive\\Escritorio\\EvaluaPro\\evaluaPro\\vendor\\laravel\\framework\\src\\Illuminate\\Pipeline\\Pipeline.php(183): App\\Http\\Middleware\\RolMiddleware->handle(Object(Illuminate\\Http\\Request), Object(Closure), 'admin', 'capacitador', 'usuario')
#10 C:\\Users\\evaa2\\OneDrive\\Escritorio\\EvaluaPro\\evaluaPro\\vendor\\laravel\\framework\\src\\Illuminate\\Routing\\Middleware\\SubstituteBindings.php(50): Illuminate\\Pipeline\\Pipeline->Illuminate\\Pipeline\\{closure}(Object(Illuminate\\Http\\Request))
#11 C:\\Users\\evaa2\\OneDrive\\Escritorio\\EvaluaPro\\evaluaPro\\vendor\\laravel\\framework\\src\\Illuminate\\Pipeline\\Pipeline.php(183): Illuminate\\Routing\\Middleware\\SubstituteBindings->handle(Object(Illuminate\\Http\\Request), Object(Closure))
#12 C:\\Users\\evaa2\\OneDrive\\Escritorio\\EvaluaPro\\evaluaPro\\vendor\\laravel\\framework\\src\\Illuminate\\Auth\\Middleware\\Authenticate.php(57): Illuminate\\Pipeline\\Pipeline->Illuminate\\Pipeline\\{closure}(Object(Illuminate\\Http\\Request))
#13 C:\\Users\\evaa2\\OneDrive\\Escritorio\\EvaluaPro\\evaluaPro\\vendor\\laravel\\framework\\src\\Illuminate\\Pipeline\\Pipeline.php(183): Illuminate\\Auth\\Middleware\\Authenticate->handle(Object(Illuminate\\Http\\Request), Object(Closure))
#14 C:\\Users\\evaa2\\OneDrive\\Escritorio\\EvaluaPro\\evaluaPro\\vendor\\laravel\\framework\\src\\Illuminate\\Foundation\\Http\\Middleware\\VerifyCsrfToken.php(78): Illuminate\\Pipeline\\Pipeline->Illuminate\\Pipeline\\{closure}(Object(Illuminate\\Http\\Request))
#15 C:\\Users\\evaa2\\OneDrive\\Escritorio\\EvaluaPro\\evaluaPro\\vendor\\laravel\\framework\\src\\Illuminate\\Pipeline\\Pipeline.php(183): Illuminate\\Foundation\\Http\\Middleware\\VerifyCsrfToken->handle(Object(Illuminate\\Http\\Request), Object(Closure))
#16 C:\\Users\\evaa2\\OneDrive\\Escritorio\\EvaluaPro\\evaluaPro\\vendor\\laravel\\framework\\src\\Illuminate\\View\\Middleware\\ShareErrorsFromSession.php(49): Illuminate\\Pipeline\\Pipeline->Illuminate\\Pipeline\\{closure}(Object(Illuminate\\Http\\Request))
#17 C:\\Users\\evaa2\\OneDrive\\Escritorio\\EvaluaPro\\evaluaPro\\vendor\\laravel\\framework\\src\\Illuminate\\Pipeline\\Pipeline.php(183): Illuminate\\View\\Middleware\\ShareErrorsFromSession->handle(Object(Illuminate\\Http\\Request), Object(Closure))
#18 C:\\Users\\evaa2\\OneDrive\\Escritorio\\EvaluaPro\\evaluaPro\\vendor\\laravel\\framework\\src\\Illuminate\\Session\\Middleware\\StartSession.php(121): Illuminate\\Pipeline\\Pipeline->Illuminate\\Pipeline\\{closure}(Object(Illuminate\\Http\\Request))
#19 C:\\Users\\evaa2\\OneDrive\\Escritorio\\EvaluaPro\\evaluaPro\\vendor\\laravel\\framework\\src\\Illuminate\\Session\\Middleware\\StartSession.php(64): Illuminate\\Session\\Middleware\\StartSession->handleStatefulRequest(Object(Illuminate\\Http\\Request), Object(Illuminate\\Session\\Store), Object(Closure))
#20 C:\\Users\\evaa2\\OneDrive\\Escritorio\\EvaluaPro\\evaluaPro\\vendor\\laravel\\framework\\src\\Illuminate\\Pipeline\\Pipeline.php(183): Illuminate\\Session\\Middleware\\StartSession->handle(Object(Illuminate\\Http\\Request), Object(Closure))
#21 C:\\Users\\evaa2\\OneDrive\\Escritorio\\EvaluaPro\\evaluaPro\\vendor\\laravel\\framework\\src\\Illuminate\\Cookie\\Middleware\\AddQueuedCookiesToResponse.php(37): Illuminate\\Pipeline\\Pipeline->Illuminate\\Pipeline\\{closure}(Object(Illuminate\\Http\\Request))
#22 C:\\Users\\evaa2\\OneDrive\\Escritorio\\EvaluaPro\\evaluaPro\\vendor\\laravel\\framework\\src\\Illuminate\\Pipeline\\Pipeline.php(183): Illuminate\\Cookie\\Middleware\\AddQueuedCookiesToResponse->handle(Object(Illuminate\\Http\\Request), Object(Closure))
#23 C:\\Users\\evaa2\\OneDrive\\Escritorio\\EvaluaPro\\evaluaPro\\vendor\\laravel\\framework\\src\\Illuminate\\Cookie\\Middleware\\EncryptCookies.php(67): Illuminate\\Pipeline\\Pipeline->Illuminate\\Pipeline\\{closure}(Object(Illuminate\\Http\\Request))
#24 C:\\Users\\evaa2\\OneDrive\\Escritorio\\EvaluaPro\\evaluaPro\\vendor\\laravel\\framework\\src\\Illuminate\\Pipeline\\Pipeline.php(183): Illuminate\\Cookie\\Middleware\\EncryptCookies->handle(Object(Illuminate\\Http\\Request), Object(Closure))
#25 C:\\Users\\evaa2\\OneDrive\\Escritorio\\EvaluaPro\\evaluaPro\\vendor\\laravel\\framework\\src\\Illuminate\\Pipeline\\Pipeline.php(119): Illuminate\\Pipeline\\Pipeline->Illuminate\\Pipeline\\{closure}(Object(Illuminate\\Http\\Request))
#26 C:\\Users\\evaa2\\OneDrive\\Escritorio\\EvaluaPro\\evaluaPro\\vendor\\laravel\\framework\\src\\Illuminate\\Routing\\Router.php(805): Illuminate\\Pipeline\\Pipeline->then(Object(Closure))
#27 C:\\Users\\evaa2\\OneDrive\\Escritorio\\EvaluaPro\\evaluaPro\\vendor\\laravel\\framework\\src\\Illuminate\\Routing\\Router.php(784): Illuminate\\Routing\\Router->runRouteWithinStack(Object(Illuminate\\Routing\\Route), Object(Illuminate\\Http\\Request))
#28 C:\\Users\\evaa2\\OneDrive\\Escritorio\\EvaluaPro\\evaluaPro\\vendor\\laravel\\framework\\src\\Illuminate\\Routing\\Router.php(748): Illuminate\\Routing\\Router->runRoute(Object(Illuminate\\Http\\Request), Object(Illuminate\\Routing\\Route))
#29 C:\\Users\\evaa2\\OneDrive\\Escritorio\\EvaluaPro\\evaluaPro\\vendor\\laravel\\framework\\src\\Illuminate\\Routing\\Router.php(737): Illuminate\\Routing\\Router->dispatchToRoute(Object(Illuminate\\Http\\Request))
#30 C:\\Users\\evaa2\\OneDrive\\Escritorio\\EvaluaPro\\evaluaPro\\vendor\\laravel\\framework\\src\\Illuminate\\Foundation\\Http\\Kernel.php(200): Illuminate\\Routing\\Router->dispatch(Object(Illuminate\\Http\\Request))
#31 C:\\Users\\evaa2\\OneDrive\\Escritorio\\EvaluaPro\\evaluaPro\\vendor\\laravel\\framework\\src\\Illuminate\\Pipeline\\Pipeline.php(144): Illuminate\\Foundation\\Http\\Kernel->Illuminate\\Foundation\\Http\\{closure}(Object(Illuminate\\Http\\Request))
#32 C:\\Users\\evaa2\\OneDrive\\Escritorio\\EvaluaPro\\evaluaPro\\vendor\\laravel\\framework\\src\\Illuminate\\Foundation\\Http\\Middleware\\TransformsRequest.php(21): Illuminate\\Pipeline\\Pipeline->Illuminate\\Pipeline\\{closure}(Object(Illuminate\\Http\\Request))
#33 C:\\Users\\evaa2\\OneDrive\\Escritorio\\EvaluaPro\\evaluaPro\\vendor\\laravel\\framework\\src\\Illuminate\\Foundation\\Http\\Middleware\\ConvertEmptyStringsToNull.php(31): Illuminate\\Foundation\\Http\\Middleware\\TransformsRequest->handle(Object(Illuminate\\Http\\Request), Object(Closure))
#34 C:\\Users\\evaa2\\OneDrive\\Escritorio\\EvaluaPro\\evaluaPro\\vendor\\laravel\\framework\\src\\Illuminate\\Pipeline\\Pipeline.php(183): Illuminate\\Foundation\\Http\\Middleware\\ConvertEmptyStringsToNull->handle(Object(Illuminate\\Http\\Request), Object(Closure))
#35 C:\\Users\\evaa2\\OneDrive\\Escritorio\\EvaluaPro\\evaluaPro\\vendor\\laravel\\framework\\src\\Illuminate\\Foundation\\Http\\Middleware\\TransformsRequest.php(21): Illuminate\\Pipeline\\Pipeline->Illuminate\\Pipeline\\{closure}(Object(Illuminate\\Http\\Request))
#36 C:\\Users\\evaa2\\OneDrive\\Escritorio\\EvaluaPro\\evaluaPro\\vendor\\laravel\\framework\\src\\Illuminate\\Foundation\\Http\\Middleware\\TrimStrings.php(40): Illuminate\\Foundation\\Http\\Middleware\\TransformsRequest->handle(Object(Illuminate\\Http\\Request), Object(Closure))
#37 C:\\Users\\evaa2\\OneDrive\\Escritorio\\EvaluaPro\\evaluaPro\\vendor\\laravel\\framework\\src\\Illuminate\\Pipeline\\Pipeline.php(183): Illuminate\\Foundation\\Http\\Middleware\\TrimStrings->handle(Object(Illuminate\\Http\\Request), Object(Closure))
#38 C:\\Users\\evaa2\\OneDrive\\Escritorio\\EvaluaPro\\evaluaPro\\vendor\\laravel\\framework\\src\\Illuminate\\Foundation\\Http\\Middleware\\ValidatePostSize.php(27): Illuminate\\Pipeline\\Pipeline->Illuminate\\Pipeline\\{closure}(Object(Illuminate\\Http\\Request))
#39 C:\\Users\\evaa2\\OneDrive\\Escritorio\\EvaluaPro\\evaluaPro\\vendor\\laravel\\framework\\src\\Illuminate\\Pipeline\\Pipeline.php(183): Illuminate\\Foundation\\Http\\Middleware\\ValidatePostSize->handle(Object(Illuminate\\Http\\Request), Object(Closure))
#40 C:\\Users\\evaa2\\OneDrive\\Escritorio\\EvaluaPro\\evaluaPro\\vendor\\laravel\\framework\\src\\Illuminate\\Foundation\\Http\\Middleware\\PreventRequestsDuringMaintenance.php(99): Illuminate\\Pipeline\\Pipeline->Illuminate\\Pipeline\\{closure}(Object(Illuminate\\Http\\Request))
#41 C:\\Users\\evaa2\\OneDrive\\Escritorio\\EvaluaPro\\evaluaPro\\vendor\\laravel\\framework\\src\\Illuminate\\Pipeline\\Pipeline.php(183): Illuminate\\Foundation\\Http\\Middleware\\PreventRequestsDuringMaintenance->handle(Object(Illuminate\\Http\\Request), Object(Closure))
#42 C:\\Users\\evaa2\\OneDrive\\Escritorio\\EvaluaPro\\evaluaPro\\vendor\\laravel\\framework\\src\\Illuminate\\Http\\Middleware\\HandleCors.php(49): Illuminate\\Pipeline\\Pipeline->Illuminate\\Pipeline\\{closure}(Object(Illuminate\\Http\\Request))
#43 C:\\Users\\evaa2\\OneDrive\\Escritorio\\EvaluaPro\\evaluaPro\\vendor\\laravel\\framework\\src\\Illuminate\\Pipeline\\Pipeline.php(183): Illuminate\\Http\\Middleware\\HandleCors->handle(Object(Illuminate\\Http\\Request), Object(Closure))
#44 C:\\Users\\evaa2\\OneDrive\\Escritorio\\EvaluaPro\\evaluaPro\\vendor\\laravel\\framework\\src\\Illuminate\\Http\\Middleware\\TrustProxies.php(39): Illuminate\\Pipeline\\Pipeline->Illuminate\\Pipeline\\{closure}(Object(Illuminate\\Http\\Request))
#45 C:\\Users\\evaa2\\OneDrive\\Escritorio\\EvaluaPro\\evaluaPro\\vendor\\laravel\\framework\\src\\Illuminate\\Pipeline\\Pipeline.php(183): Illuminate\\Http\\Middleware\\TrustProxies->handle(Object(Illuminate\\Http\\Request), Object(Closure))
#46 C:\\Users\\evaa2\\OneDrive\\Escritorio\\EvaluaPro\\evaluaPro\\vendor\\laravel\\framework\\src\\Illuminate\\Pipeline\\Pipeline.php(119): Illuminate\\Pipeline\\Pipeline->Illuminate\\Pipeline\\{closure}(Object(Illuminate\\Http\\Request))
#47 C:\\Users\\evaa2\\OneDrive\\Escritorio\\EvaluaPro\\evaluaPro\\vendor\\laravel\\framework\\src\\Illuminate\\Foundation\\Http\\Kernel.php(175): Illuminate\\Pipeline\\Pipeline->then(Object(Closure))
#48 C:\\Users\\evaa2\\OneDrive\\Escritorio\\EvaluaPro\\evaluaPro\\vendor\\laravel\\framework\\src\\Illuminate\\Foundation\\Http\\Kernel.php(144): Illuminate\\Foundation\\Http\\Kernel->sendRequestThroughRouter(Object(Illuminate\\Http\\Request))
#49 C:\\Users\\evaa2\\OneDrive\\Escritorio\\EvaluaPro\\evaluaPro\\public\\index.php(51): Illuminate\\Foundation\\Http\\Kernel->handle(Object(Illuminate\\Http\\Request))
#50 C:\\Users\\evaa2\\OneDrive\\Escritorio\\EvaluaPro\\evaluaPro\\vendor\\laravel\\framework\\src\\Illuminate\\Foundation\\resources\\server.php(16): require_once('C:\\\\Users\\\\evaa2\\\\...')
#51 {main}
"} 
[2025-08-14 21:56:44] local.ERROR: Attempt to read property "idReticula" on null {"userId":"Damaris","exception":"[object] (ErrorException(code: 0): Attempt to read property \"idReticula\" on null at C:\\Users\\evaa2\\OneDrive\\Escritorio\\EvaluaPro\\evaluaPro\\app\\Http\\Controllers\\UsuarioController.php:92)
[stacktrace]
#0 C:\\Users\\evaa2\\OneDrive\\Escritorio\\EvaluaPro\\evaluaPro\\vendor\\laravel\\framework\\src\\Illuminate\\Foundation\\Bootstrap\\HandleExceptions.php(255): Illuminate\\Foundation\\Bootstrap\\HandleExceptions->handleError(2, 'Attempt to read...', 'C:\\\\Users\\\\evaa2\\\\...', 92)
#1 C:\\Users\\evaa2\\OneDrive\\Escritorio\\EvaluaPro\\evaluaPro\\app\\Http\\Controllers\\UsuarioController.php(92): Illuminate\\Foundation\\Bootstrap\\HandleExceptions->Illuminate\\Foundation\\Bootstrap\\{closure}(2, 'Attempt to read...', 'C:\\\\Users\\\\evaa2\\\\...', 92)
#2 C:\\Users\\evaa2\\OneDrive\\Escritorio\\EvaluaPro\\evaluaPro\\vendor\\laravel\\framework\\src\\Illuminate\\Routing\\Controller.php(54): App\\Http\\Controllers\\UsuarioController->index()
#3 C:\\Users\\evaa2\\OneDrive\\Escritorio\\EvaluaPro\\evaluaPro\\vendor\\laravel\\framework\\src\\Illuminate\\Routing\\ControllerDispatcher.php(43): Illuminate\\Routing\\Controller->callAction('index', Array)
#4 C:\\Users\\evaa2\\OneDrive\\Escritorio\\EvaluaPro\\evaluaPro\\vendor\\laravel\\framework\\src\\Illuminate\\Routing\\Route.php(259): Illuminate\\Routing\\ControllerDispatcher->dispatch(Object(Illuminate\\Routing\\Route), Object(App\\Http\\Controllers\\UsuarioController), 'index')
#5 C:\\Users\\evaa2\\OneDrive\\Escritorio\\EvaluaPro\\evaluaPro\\vendor\\laravel\\framework\\src\\Illuminate\\Routing\\Route.php(205): Illuminate\\Routing\\Route->runController()
#6 C:\\Users\\evaa2\\OneDrive\\Escritorio\\EvaluaPro\\evaluaPro\\vendor\\laravel\\framework\\src\\Illuminate\\Routing\\Router.php(806): Illuminate\\Routing\\Route->run()
#7 C:\\Users\\evaa2\\OneDrive\\Escritorio\\EvaluaPro\\evaluaPro\\vendor\\laravel\\framework\\src\\Illuminate\\Pipeline\\Pipeline.php(144): Illuminate\\Routing\\Router->Illuminate\\Routing\\{closure}(Object(Illuminate\\Http\\Request))
#8 C:\\Users\\evaa2\\OneDrive\\Escritorio\\EvaluaPro\\evaluaPro\\app\\Http\\Middleware\\RolMiddleware.php(21): Illuminate\\Pipeline\\Pipeline->Illuminate\\Pipeline\\{closure}(Object(Illuminate\\Http\\Request))
#9 C:\\Users\\evaa2\\OneDrive\\Escritorio\\EvaluaPro\\evaluaPro\\vendor\\laravel\\framework\\src\\Illuminate\\Pipeline\\Pipeline.php(183): App\\Http\\Middleware\\RolMiddleware->handle(Object(Illuminate\\Http\\Request), Object(Closure), 'admin', 'capacitador', 'usuario')
#10 C:\\Users\\evaa2\\OneDrive\\Escritorio\\EvaluaPro\\evaluaPro\\vendor\\laravel\\framework\\src\\Illuminate\\Routing\\Middleware\\SubstituteBindings.php(50): Illuminate\\Pipeline\\Pipeline->Illuminate\\Pipeline\\{closure}(Object(Illuminate\\Http\\Request))
#11 C:\\Users\\evaa2\\OneDrive\\Escritorio\\EvaluaPro\\evaluaPro\\vendor\\laravel\\framework\\src\\Illuminate\\Pipeline\\Pipeline.php(183): Illuminate\\Routing\\Middleware\\SubstituteBindings->handle(Object(Illuminate\\Http\\Request), Object(Closure))
#12 C:\\Users\\evaa2\\OneDrive\\Escritorio\\EvaluaPro\\evaluaPro\\vendor\\laravel\\framework\\src\\Illuminate\\Auth\\Middleware\\Authenticate.php(57): Illuminate\\Pipeline\\Pipeline->Illuminate\\Pipeline\\{closure}(Object(Illuminate\\Http\\Request))
#13 C:\\Users\\evaa2\\OneDrive\\Escritorio\\EvaluaPro\\evaluaPro\\vendor\\laravel\\framework\\src\\Illuminate\\Pipeline\\Pipeline.php(183): Illuminate\\Auth\\Middleware\\Authenticate->handle(Object(Illuminate\\Http\\Request), Object(Closure))
#14 C:\\Users\\evaa2\\OneDrive\\Escritorio\\EvaluaPro\\evaluaPro\\vendor\\laravel\\framework\\src\\Illuminate\\Foundation\\Http\\Middleware\\VerifyCsrfToken.php(78): Illuminate\\Pipeline\\Pipeline->Illuminate\\Pipeline\\{closure}(Object(Illuminate\\Http\\Request))
#15 C:\\Users\\evaa2\\OneDrive\\Escritorio\\EvaluaPro\\evaluaPro\\vendor\\laravel\\framework\\src\\Illuminate\\Pipeline\\Pipeline.php(183): Illuminate\\Foundation\\Http\\Middleware\\VerifyCsrfToken->handle(Object(Illuminate\\Http\\Request), Object(Closure))
#16 C:\\Users\\evaa2\\OneDrive\\Escritorio\\EvaluaPro\\evaluaPro\\vendor\\laravel\\framework\\src\\Illuminate\\View\\Middleware\\ShareErrorsFromSession.php(49): Illuminate\\Pipeline\\Pipeline->Illuminate\\Pipeline\\{closure}(Object(Illuminate\\Http\\Request))
#17 C:\\Users\\evaa2\\OneDrive\\Escritorio\\EvaluaPro\\evaluaPro\\vendor\\laravel\\framework\\src\\Illuminate\\Pipeline\\Pipeline.php(183): Illuminate\\View\\Middleware\\ShareErrorsFromSession->handle(Object(Illuminate\\Http\\Request), Object(Closure))
#18 C:\\Users\\evaa2\\OneDrive\\Escritorio\\EvaluaPro\\evaluaPro\\vendor\\laravel\\framework\\src\\Illuminate\\Session\\Middleware\\StartSession.php(121): Illuminate\\Pipeline\\Pipeline->Illuminate\\Pipeline\\{closure}(Object(Illuminate\\Http\\Request))
#19 C:\\Users\\evaa2\\OneDrive\\Escritorio\\EvaluaPro\\evaluaPro\\vendor\\laravel\\framework\\src\\Illuminate\\Session\\Middleware\\StartSession.php(64): Illuminate\\Session\\Middleware\\StartSession->handleStatefulRequest(Object(Illuminate\\Http\\Request), Object(Illuminate\\Session\\Store), Object(Closure))
#20 C:\\Users\\evaa2\\OneDrive\\Escritorio\\EvaluaPro\\evaluaPro\\vendor\\laravel\\framework\\src\\Illuminate\\Pipeline\\Pipeline.php(183): Illuminate\\Session\\Middleware\\StartSession->handle(Object(Illuminate\\Http\\Request), Object(Closure))
#21 C:\\Users\\evaa2\\OneDrive\\Escritorio\\EvaluaPro\\evaluaPro\\vendor\\laravel\\framework\\src\\Illuminate\\Cookie\\Middleware\\AddQueuedCookiesToResponse.php(37): Illuminate\\Pipeline\\Pipeline->Illuminate\\Pipeline\\{closure}(Object(Illuminate\\Http\\Request))
#22 C:\\Users\\evaa2\\OneDrive\\Escritorio\\EvaluaPro\\evaluaPro\\vendor\\laravel\\framework\\src\\Illuminate\\Pipeline\\Pipeline.php(183): Illuminate\\Cookie\\Middleware\\AddQueuedCookiesToResponse->handle(Object(Illuminate\\Http\\Request), Object(Closure))
#23 C:\\Users\\evaa2\\OneDrive\\Escritorio\\EvaluaPro\\evaluaPro\\vendor\\laravel\\framework\\src\\Illuminate\\Cookie\\Middleware\\EncryptCookies.php(67): Illuminate\\Pipeline\\Pipeline->Illuminate\\Pipeline\\{closure}(Object(Illuminate\\Http\\Request))
#24 C:\\Users\\evaa2\\OneDrive\\Escritorio\\EvaluaPro\\evaluaPro\\vendor\\laravel\\framework\\src\\Illuminate\\Pipeline\\Pipeline.php(183): Illuminate\\Cookie\\Middleware\\EncryptCookies->handle(Object(Illuminate\\Http\\Request), Object(Closure))
#25 C:\\Users\\evaa2\\OneDrive\\Escritorio\\EvaluaPro\\evaluaPro\\vendor\\laravel\\framework\\src\\Illuminate\\Pipeline\\Pipeline.php(119): Illuminate\\Pipeline\\Pipeline->Illuminate\\Pipeline\\{closure}(Object(Illuminate\\Http\\Request))
#26 C:\\Users\\evaa2\\OneDrive\\Escritorio\\EvaluaPro\\evaluaPro\\vendor\\laravel\\framework\\src\\Illuminate\\Routing\\Router.php(805): Illuminate\\Pipeline\\Pipeline->then(Object(Closure))
#27 C:\\Users\\evaa2\\OneDrive\\Escritorio\\EvaluaPro\\evaluaPro\\vendor\\laravel\\framework\\src\\Illuminate\\Routing\\Router.php(784): Illuminate\\Routing\\Router->runRouteWithinStack(Object(Illuminate\\Routing\\Route), Object(Illuminate\\Http\\Request))
#28 C:\\Users\\evaa2\\OneDrive\\Escritorio\\EvaluaPro\\evaluaPro\\vendor\\laravel\\framework\\src\\Illuminate\\Routing\\Router.php(748): Illuminate\\Routing\\Router->runRoute(Object(Illuminate\\Http\\Request), Object(Illuminate\\Routing\\Route))
#29 C:\\Users\\evaa2\\OneDrive\\Escritorio\\EvaluaPro\\evaluaPro\\vendor\\laravel\\framework\\src\\Illuminate\\Routing\\Router.php(737): Illuminate\\Routing\\Router->dispatchToRoute(Object(Illuminate\\Http\\Request))
#30 C:\\Users\\evaa2\\OneDrive\\Escritorio\\EvaluaPro\\evaluaPro\\vendor\\laravel\\framework\\src\\Illuminate\\Foundation\\Http\\Kernel.php(200): Illuminate\\Routing\\Router->dispatch(Object(Illuminate\\Http\\Request))
#31 C:\\Users\\evaa2\\OneDrive\\Escritorio\\EvaluaPro\\evaluaPro\\vendor\\laravel\\framework\\src\\Illuminate\\Pipeline\\Pipeline.php(144): Illuminate\\Foundation\\Http\\Kernel->Illuminate\\Foundation\\Http\\{closure}(Object(Illuminate\\Http\\Request))
#32 C:\\Users\\evaa2\\OneDrive\\Escritorio\\EvaluaPro\\evaluaPro\\vendor\\laravel\\framework\\src\\Illuminate\\Foundation\\Http\\Middleware\\TransformsRequest.php(21): Illuminate\\Pipeline\\Pipeline->Illuminate\\Pipeline\\{closure}(Object(Illuminate\\Http\\Request))
#33 C:\\Users\\evaa2\\OneDrive\\Escritorio\\EvaluaPro\\evaluaPro\\vendor\\laravel\\framework\\src\\Illuminate\\Foundation\\Http\\Middleware\\ConvertEmptyStringsToNull.php(31): Illuminate\\Foundation\\Http\\Middleware\\TransformsRequest->handle(Object(Illuminate\\Http\\Request), Object(Closure))
#34 C:\\Users\\evaa2\\OneDrive\\Escritorio\\EvaluaPro\\evaluaPro\\vendor\\laravel\\framework\\src\\Illuminate\\Pipeline\\Pipeline.php(183): Illuminate\\Foundation\\Http\\Middleware\\ConvertEmptyStringsToNull->handle(Object(Illuminate\\Http\\Request), Object(Closure))
#35 C:\\Users\\evaa2\\OneDrive\\Escritorio\\EvaluaPro\\evaluaPro\\vendor\\laravel\\framework\\src\\Illuminate\\Foundation\\Http\\Middleware\\TransformsRequest.php(21): Illuminate\\Pipeline\\Pipeline->Illuminate\\Pipeline\\{closure}(Object(Illuminate\\Http\\Request))
#36 C:\\Users\\evaa2\\OneDrive\\Escritorio\\EvaluaPro\\evaluaPro\\vendor\\laravel\\framework\\src\\Illuminate\\Foundation\\Http\\Middleware\\TrimStrings.php(40): Illuminate\\Foundation\\Http\\Middleware\\TransformsRequest->handle(Object(Illuminate\\Http\\Request), Object(Closure))
#37 C:\\Users\\evaa2\\OneDrive\\Escritorio\\EvaluaPro\\evaluaPro\\vendor\\laravel\\framework\\src\\Illuminate\\Pipeline\\Pipeline.php(183): Illuminate\\Foundation\\Http\\Middleware\\TrimStrings->handle(Object(Illuminate\\Http\\Request), Object(Closure))
#38 C:\\Users\\evaa2\\OneDrive\\Escritorio\\EvaluaPro\\evaluaPro\\vendor\\laravel\\framework\\src\\Illuminate\\Foundation\\Http\\Middleware\\ValidatePostSize.php(27): Illuminate\\Pipeline\\Pipeline->Illuminate\\Pipeline\\{closure}(Object(Illuminate\\Http\\Request))
#39 C:\\Users\\evaa2\\OneDrive\\Escritorio\\EvaluaPro\\evaluaPro\\vendor\\laravel\\framework\\src\\Illuminate\\Pipeline\\Pipeline.php(183): Illuminate\\Foundation\\Http\\Middleware\\ValidatePostSize->handle(Object(Illuminate\\Http\\Request), Object(Closure))
#40 C:\\Users\\evaa2\\OneDrive\\Escritorio\\EvaluaPro\\evaluaPro\\vendor\\laravel\\framework\\src\\Illuminate\\Foundation\\Http\\Middleware\\PreventRequestsDuringMaintenance.php(99): Illuminate\\Pipeline\\Pipeline->Illuminate\\Pipeline\\{closure}(Object(Illuminate\\Http\\Request))
#41 C:\\Users\\evaa2\\OneDrive\\Escritorio\\EvaluaPro\\evaluaPro\\vendor\\laravel\\framework\\src\\Illuminate\\Pipeline\\Pipeline.php(183): Illuminate\\Foundation\\Http\\Middleware\\PreventRequestsDuringMaintenance->handle(Object(Illuminate\\Http\\Request), Object(Closure))
#42 C:\\Users\\evaa2\\OneDrive\\Escritorio\\EvaluaPro\\evaluaPro\\vendor\\laravel\\framework\\src\\Illuminate\\Http\\Middleware\\HandleCors.php(49): Illuminate\\Pipeline\\Pipeline->Illuminate\\Pipeline\\{closure}(Object(Illuminate\\Http\\Request))
#43 C:\\Users\\evaa2\\OneDrive\\Escritorio\\EvaluaPro\\evaluaPro\\vendor\\laravel\\framework\\src\\Illuminate\\Pipeline\\Pipeline.php(183): Illuminate\\Http\\Middleware\\HandleCors->handle(Object(Illuminate\\Http\\Request), Object(Closure))
#44 C:\\Users\\evaa2\\OneDrive\\Escritorio\\EvaluaPro\\evaluaPro\\vendor\\laravel\\framework\\src\\Illuminate\\Http\\Middleware\\TrustProxies.php(39): Illuminate\\Pipeline\\Pipeline->Illuminate\\Pipeline\\{closure}(Object(Illuminate\\Http\\Request))
#45 C:\\Users\\evaa2\\OneDrive\\Escritorio\\EvaluaPro\\evaluaPro\\vendor\\laravel\\framework\\src\\Illuminate\\Pipeline\\Pipeline.php(183): Illuminate\\Http\\Middleware\\TrustProxies->handle(Object(Illuminate\\Http\\Request), Object(Closure))
#46 C:\\Users\\evaa2\\OneDrive\\Escritorio\\EvaluaPro\\evaluaPro\\vendor\\laravel\\framework\\src\\Illuminate\\Pipeline\\Pipeline.php(119): Illuminate\\Pipeline\\Pipeline->Illuminate\\Pipeline\\{closure}(Object(Illuminate\\Http\\Request))
#47 C:\\Users\\evaa2\\OneDrive\\Escritorio\\EvaluaPro\\evaluaPro\\vendor\\laravel\\framework\\src\\Illuminate\\Foundation\\Http\\Kernel.php(175): Illuminate\\Pipeline\\Pipeline->then(Object(Closure))
#48 C:\\Users\\evaa2\\OneDrive\\Escritorio\\EvaluaPro\\evaluaPro\\vendor\\laravel\\framework\\src\\Illuminate\\Foundation\\Http\\Kernel.php(144): Illuminate\\Foundation\\Http\\Kernel->sendRequestThroughRouter(Object(Illuminate\\Http\\Request))
#49 C:\\Users\\evaa2\\OneDrive\\Escritorio\\EvaluaPro\\evaluaPro\\public\\index.php(51): Illuminate\\Foundation\\Http\\Kernel->handle(Object(Illuminate\\Http\\Request))
#50 C:\\Users\\evaa2\\OneDrive\\Escritorio\\EvaluaPro\\evaluaPro\\vendor\\laravel\\framework\\src\\Illuminate\\Foundation\\resources\\server.php(16): require_once('C:\\\\Users\\\\evaa2\\\\...')
#51 {main}
"} 
[2025-08-14 21:56:59] local.ERROR: Attempt to read property "idReticula" on null {"userId":"Damaris","exception":"[object] (ErrorException(code: 0): Attempt to read property \"idReticula\" on null at C:\\Users\\evaa2\\OneDrive\\Escritorio\\EvaluaPro\\evaluaPro\\app\\Http\\Controllers\\UsuarioController.php:92)
[stacktrace]
#0 C:\\Users\\evaa2\\OneDrive\\Escritorio\\EvaluaPro\\evaluaPro\\vendor\\laravel\\framework\\src\\Illuminate\\Foundation\\Bootstrap\\HandleExceptions.php(255): Illuminate\\Foundation\\Bootstrap\\HandleExceptions->handleError(2, 'Attempt to read...', 'C:\\\\Users\\\\evaa2\\\\...', 92)
#1 C:\\Users\\evaa2\\OneDrive\\Escritorio\\EvaluaPro\\evaluaPro\\app\\Http\\Controllers\\UsuarioController.php(92): Illuminate\\Foundation\\Bootstrap\\HandleExceptions->Illuminate\\Foundation\\Bootstrap\\{closure}(2, 'Attempt to read...', 'C:\\\\Users\\\\evaa2\\\\...', 92)
#2 C:\\Users\\evaa2\\OneDrive\\Escritorio\\EvaluaPro\\evaluaPro\\vendor\\laravel\\framework\\src\\Illuminate\\Routing\\Controller.php(54): App\\Http\\Controllers\\UsuarioController->index()
#3 C:\\Users\\evaa2\\OneDrive\\Escritorio\\EvaluaPro\\evaluaPro\\vendor\\laravel\\framework\\src\\Illuminate\\Routing\\ControllerDispatcher.php(43): Illuminate\\Routing\\Controller->callAction('index', Array)
#4 C:\\Users\\evaa2\\OneDrive\\Escritorio\\EvaluaPro\\evaluaPro\\vendor\\laravel\\framework\\src\\Illuminate\\Routing\\Route.php(259): Illuminate\\Routing\\ControllerDispatcher->dispatch(Object(Illuminate\\Routing\\Route), Object(App\\Http\\Controllers\\UsuarioController), 'index')
#5 C:\\Users\\evaa2\\OneDrive\\Escritorio\\EvaluaPro\\evaluaPro\\vendor\\laravel\\framework\\src\\Illuminate\\Routing\\Route.php(205): Illuminate\\Routing\\Route->runController()
#6 C:\\Users\\evaa2\\OneDrive\\Escritorio\\EvaluaPro\\evaluaPro\\vendor\\laravel\\framework\\src\\Illuminate\\Routing\\Router.php(806): Illuminate\\Routing\\Route->run()
#7 C:\\Users\\evaa2\\OneDrive\\Escritorio\\EvaluaPro\\evaluaPro\\vendor\\laravel\\framework\\src\\Illuminate\\Pipeline\\Pipeline.php(144): Illuminate\\Routing\\Router->Illuminate\\Routing\\{closure}(Object(Illuminate\\Http\\Request))
#8 C:\\Users\\evaa2\\OneDrive\\Escritorio\\EvaluaPro\\evaluaPro\\app\\Http\\Middleware\\RolMiddleware.php(21): Illuminate\\Pipeline\\Pipeline->Illuminate\\Pipeline\\{closure}(Object(Illuminate\\Http\\Request))
#9 C:\\Users\\evaa2\\OneDrive\\Escritorio\\EvaluaPro\\evaluaPro\\vendor\\laravel\\framework\\src\\Illuminate\\Pipeline\\Pipeline.php(183): App\\Http\\Middleware\\RolMiddleware->handle(Object(Illuminate\\Http\\Request), Object(Closure), 'admin', 'capacitador', 'usuario')
#10 C:\\Users\\evaa2\\OneDrive\\Escritorio\\EvaluaPro\\evaluaPro\\vendor\\laravel\\framework\\src\\Illuminate\\Routing\\Middleware\\SubstituteBindings.php(50): Illuminate\\Pipeline\\Pipeline->Illuminate\\Pipeline\\{closure}(Object(Illuminate\\Http\\Request))
#11 C:\\Users\\evaa2\\OneDrive\\Escritorio\\EvaluaPro\\evaluaPro\\vendor\\laravel\\framework\\src\\Illuminate\\Pipeline\\Pipeline.php(183): Illuminate\\Routing\\Middleware\\SubstituteBindings->handle(Object(Illuminate\\Http\\Request), Object(Closure))
#12 C:\\Users\\evaa2\\OneDrive\\Escritorio\\EvaluaPro\\evaluaPro\\vendor\\laravel\\framework\\src\\Illuminate\\Auth\\Middleware\\Authenticate.php(57): Illuminate\\Pipeline\\Pipeline->Illuminate\\Pipeline\\{closure}(Object(Illuminate\\Http\\Request))
#13 C:\\Users\\evaa2\\OneDrive\\Escritorio\\EvaluaPro\\evaluaPro\\vendor\\laravel\\framework\\src\\Illuminate\\Pipeline\\Pipeline.php(183): Illuminate\\Auth\\Middleware\\Authenticate->handle(Object(Illuminate\\Http\\Request), Object(Closure))
#14 C:\\Users\\evaa2\\OneDrive\\Escritorio\\EvaluaPro\\evaluaPro\\vendor\\laravel\\framework\\src\\Illuminate\\Foundation\\Http\\Middleware\\VerifyCsrfToken.php(78): Illuminate\\Pipeline\\Pipeline->Illuminate\\Pipeline\\{closure}(Object(Illuminate\\Http\\Request))
#15 C:\\Users\\evaa2\\OneDrive\\Escritorio\\EvaluaPro\\evaluaPro\\vendor\\laravel\\framework\\src\\Illuminate\\Pipeline\\Pipeline.php(183): Illuminate\\Foundation\\Http\\Middleware\\VerifyCsrfToken->handle(Object(Illuminate\\Http\\Request), Object(Closure))
#16 C:\\Users\\evaa2\\OneDrive\\Escritorio\\EvaluaPro\\evaluaPro\\vendor\\laravel\\framework\\src\\Illuminate\\View\\Middleware\\ShareErrorsFromSession.php(49): Illuminate\\Pipeline\\Pipeline->Illuminate\\Pipeline\\{closure}(Object(Illuminate\\Http\\Request))
#17 C:\\Users\\evaa2\\OneDrive\\Escritorio\\EvaluaPro\\evaluaPro\\vendor\\laravel\\framework\\src\\Illuminate\\Pipeline\\Pipeline.php(183): Illuminate\\View\\Middleware\\ShareErrorsFromSession->handle(Object(Illuminate\\Http\\Request), Object(Closure))
#18 C:\\Users\\evaa2\\OneDrive\\Escritorio\\EvaluaPro\\evaluaPro\\vendor\\laravel\\framework\\src\\Illuminate\\Session\\Middleware\\StartSession.php(121): Illuminate\\Pipeline\\Pipeline->Illuminate\\Pipeline\\{closure}(Object(Illuminate\\Http\\Request))
#19 C:\\Users\\evaa2\\OneDrive\\Escritorio\\EvaluaPro\\evaluaPro\\vendor\\laravel\\framework\\src\\Illuminate\\Session\\Middleware\\StartSession.php(64): Illuminate\\Session\\Middleware\\StartSession->handleStatefulRequest(Object(Illuminate\\Http\\Request), Object(Illuminate\\Session\\Store), Object(Closure))
#20 C:\\Users\\evaa2\\OneDrive\\Escritorio\\EvaluaPro\\evaluaPro\\vendor\\laravel\\framework\\src\\Illuminate\\Pipeline\\Pipeline.php(183): Illuminate\\Session\\Middleware\\StartSession->handle(Object(Illuminate\\Http\\Request), Object(Closure))
#21 C:\\Users\\evaa2\\OneDrive\\Escritorio\\EvaluaPro\\evaluaPro\\vendor\\laravel\\framework\\src\\Illuminate\\Cookie\\Middleware\\AddQueuedCookiesToResponse.php(37): Illuminate\\Pipeline\\Pipeline->Illuminate\\Pipeline\\{closure}(Object(Illuminate\\Http\\Request))
#22 C:\\Users\\evaa2\\OneDrive\\Escritorio\\EvaluaPro\\evaluaPro\\vendor\\laravel\\framework\\src\\Illuminate\\Pipeline\\Pipeline.php(183): Illuminate\\Cookie\\Middleware\\AddQueuedCookiesToResponse->handle(Object(Illuminate\\Http\\Request), Object(Closure))
#23 C:\\Users\\evaa2\\OneDrive\\Escritorio\\EvaluaPro\\evaluaPro\\vendor\\laravel\\framework\\src\\Illuminate\\Cookie\\Middleware\\EncryptCookies.php(67): Illuminate\\Pipeline\\Pipeline->Illuminate\\Pipeline\\{closure}(Object(Illuminate\\Http\\Request))
#24 C:\\Users\\evaa2\\OneDrive\\Escritorio\\EvaluaPro\\evaluaPro\\vendor\\laravel\\framework\\src\\Illuminate\\Pipeline\\Pipeline.php(183): Illuminate\\Cookie\\Middleware\\EncryptCookies->handle(Object(Illuminate\\Http\\Request), Object(Closure))
#25 C:\\Users\\evaa2\\OneDrive\\Escritorio\\EvaluaPro\\evaluaPro\\vendor\\laravel\\framework\\src\\Illuminate\\Pipeline\\Pipeline.php(119): Illuminate\\Pipeline\\Pipeline->Illuminate\\Pipeline\\{closure}(Object(Illuminate\\Http\\Request))
#26 C:\\Users\\evaa2\\OneDrive\\Escritorio\\EvaluaPro\\evaluaPro\\vendor\\laravel\\framework\\src\\Illuminate\\Routing\\Router.php(805): Illuminate\\Pipeline\\Pipeline->then(Object(Closure))
#27 C:\\Users\\evaa2\\OneDrive\\Escritorio\\EvaluaPro\\evaluaPro\\vendor\\laravel\\framework\\src\\Illuminate\\Routing\\Router.php(784): Illuminate\\Routing\\Router->runRouteWithinStack(Object(Illuminate\\Routing\\Route), Object(Illuminate\\Http\\Request))
#28 C:\\Users\\evaa2\\OneDrive\\Escritorio\\EvaluaPro\\evaluaPro\\vendor\\laravel\\framework\\src\\Illuminate\\Routing\\Router.php(748): Illuminate\\Routing\\Router->runRoute(Object(Illuminate\\Http\\Request), Object(Illuminate\\Routing\\Route))
#29 C:\\Users\\evaa2\\OneDrive\\Escritorio\\EvaluaPro\\evaluaPro\\vendor\\laravel\\framework\\src\\Illuminate\\Routing\\Router.php(737): Illuminate\\Routing\\Router->dispatchToRoute(Object(Illuminate\\Http\\Request))
#30 C:\\Users\\evaa2\\OneDrive\\Escritorio\\EvaluaPro\\evaluaPro\\vendor\\laravel\\framework\\src\\Illuminate\\Foundation\\Http\\Kernel.php(200): Illuminate\\Routing\\Router->dispatch(Object(Illuminate\\Http\\Request))
#31 C:\\Users\\evaa2\\OneDrive\\Escritorio\\EvaluaPro\\evaluaPro\\vendor\\laravel\\framework\\src\\Illuminate\\Pipeline\\Pipeline.php(144): Illuminate\\Foundation\\Http\\Kernel->Illuminate\\Foundation\\Http\\{closure}(Object(Illuminate\\Http\\Request))
#32 C:\\Users\\evaa2\\OneDrive\\Escritorio\\EvaluaPro\\evaluaPro\\vendor\\laravel\\framework\\src\\Illuminate\\Foundation\\Http\\Middleware\\TransformsRequest.php(21): Illuminate\\Pipeline\\Pipeline->Illuminate\\Pipeline\\{closure}(Object(Illuminate\\Http\\Request))
#33 C:\\Users\\evaa2\\OneDrive\\Escritorio\\EvaluaPro\\evaluaPro\\vendor\\laravel\\framework\\src\\Illuminate\\Foundation\\Http\\Middleware\\ConvertEmptyStringsToNull.php(31): Illuminate\\Foundation\\Http\\Middleware\\TransformsRequest->handle(Object(Illuminate\\Http\\Request), Object(Closure))
#34 C:\\Users\\evaa2\\OneDrive\\Escritorio\\EvaluaPro\\evaluaPro\\vendor\\laravel\\framework\\src\\Illuminate\\Pipeline\\Pipeline.php(183): Illuminate\\Foundation\\Http\\Middleware\\ConvertEmptyStringsToNull->handle(Object(Illuminate\\Http\\Request), Object(Closure))
#35 C:\\Users\\evaa2\\OneDrive\\Escritorio\\EvaluaPro\\evaluaPro\\vendor\\laravel\\framework\\src\\Illuminate\\Foundation\\Http\\Middleware\\TransformsRequest.php(21): Illuminate\\Pipeline\\Pipeline->Illuminate\\Pipeline\\{closure}(Object(Illuminate\\Http\\Request))
#36 C:\\Users\\evaa2\\OneDrive\\Escritorio\\EvaluaPro\\evaluaPro\\vendor\\laravel\\framework\\src\\Illuminate\\Foundation\\Http\\Middleware\\TrimStrings.php(40): Illuminate\\Foundation\\Http\\Middleware\\TransformsRequest->handle(Object(Illuminate\\Http\\Request), Object(Closure))
#37 C:\\Users\\evaa2\\OneDrive\\Escritorio\\EvaluaPro\\evaluaPro\\vendor\\laravel\\framework\\src\\Illuminate\\Pipeline\\Pipeline.php(183): Illuminate\\Foundation\\Http\\Middleware\\TrimStrings->handle(Object(Illuminate\\Http\\Request), Object(Closure))
#38 C:\\Users\\evaa2\\OneDrive\\Escritorio\\EvaluaPro\\evaluaPro\\vendor\\laravel\\framework\\src\\Illuminate\\Foundation\\Http\\Middleware\\ValidatePostSize.php(27): Illuminate\\Pipeline\\Pipeline->Illuminate\\Pipeline\\{closure}(Object(Illuminate\\Http\\Request))
#39 C:\\Users\\evaa2\\OneDrive\\Escritorio\\EvaluaPro\\evaluaPro\\vendor\\laravel\\framework\\src\\Illuminate\\Pipeline\\Pipeline.php(183): Illuminate\\Foundation\\Http\\Middleware\\ValidatePostSize->handle(Object(Illuminate\\Http\\Request), Object(Closure))
#40 C:\\Users\\evaa2\\OneDrive\\Escritorio\\EvaluaPro\\evaluaPro\\vendor\\laravel\\framework\\src\\Illuminate\\Foundation\\Http\\Middleware\\PreventRequestsDuringMaintenance.php(99): Illuminate\\Pipeline\\Pipeline->Illuminate\\Pipeline\\{closure}(Object(Illuminate\\Http\\Request))
#41 C:\\Users\\evaa2\\OneDrive\\Escritorio\\EvaluaPro\\evaluaPro\\vendor\\laravel\\framework\\src\\Illuminate\\Pipeline\\Pipeline.php(183): Illuminate\\Foundation\\Http\\Middleware\\PreventRequestsDuringMaintenance->handle(Object(Illuminate\\Http\\Request), Object(Closure))
#42 C:\\Users\\evaa2\\OneDrive\\Escritorio\\EvaluaPro\\evaluaPro\\vendor\\laravel\\framework\\src\\Illuminate\\Http\\Middleware\\HandleCors.php(49): Illuminate\\Pipeline\\Pipeline->Illuminate\\Pipeline\\{closure}(Object(Illuminate\\Http\\Request))
#43 C:\\Users\\evaa2\\OneDrive\\Escritorio\\EvaluaPro\\evaluaPro\\vendor\\laravel\\framework\\src\\Illuminate\\Pipeline\\Pipeline.php(183): Illuminate\\Http\\Middleware\\HandleCors->handle(Object(Illuminate\\Http\\Request), Object(Closure))
#44 C:\\Users\\evaa2\\OneDrive\\Escritorio\\EvaluaPro\\evaluaPro\\vendor\\laravel\\framework\\src\\Illuminate\\Http\\Middleware\\TrustProxies.php(39): Illuminate\\Pipeline\\Pipeline->Illuminate\\Pipeline\\{closure}(Object(Illuminate\\Http\\Request))
#45 C:\\Users\\evaa2\\OneDrive\\Escritorio\\EvaluaPro\\evaluaPro\\vendor\\laravel\\framework\\src\\Illuminate\\Pipeline\\Pipeline.php(183): Illuminate\\Http\\Middleware\\TrustProxies->handle(Object(Illuminate\\Http\\Request), Object(Closure))
#46 C:\\Users\\evaa2\\OneDrive\\Escritorio\\EvaluaPro\\evaluaPro\\vendor\\laravel\\framework\\src\\Illuminate\\Pipeline\\Pipeline.php(119): Illuminate\\Pipeline\\Pipeline->Illuminate\\Pipeline\\{closure}(Object(Illuminate\\Http\\Request))
#47 C:\\Users\\evaa2\\OneDrive\\Escritorio\\EvaluaPro\\evaluaPro\\vendor\\laravel\\framework\\src\\Illuminate\\Foundation\\Http\\Kernel.php(175): Illuminate\\Pipeline\\Pipeline->then(Object(Closure))
#48 C:\\Users\\evaa2\\OneDrive\\Escritorio\\EvaluaPro\\evaluaPro\\vendor\\laravel\\framework\\src\\Illuminate\\Foundation\\Http\\Kernel.php(144): Illuminate\\Foundation\\Http\\Kernel->sendRequestThroughRouter(Object(Illuminate\\Http\\Request))
#49 C:\\Users\\evaa2\\OneDrive\\Escritorio\\EvaluaPro\\evaluaPro\\public\\index.php(51): Illuminate\\Foundation\\Http\\Kernel->handle(Object(Illuminate\\Http\\Request))
#50 C:\\Users\\evaa2\\OneDrive\\Escritorio\\EvaluaPro\\evaluaPro\\vendor\\laravel\\framework\\src\\Illuminate\\Foundation\\resources\\server.php(16): require_once('C:\\\\Users\\\\evaa2\\\\...')
#51 {main}
"} 
[2025-08-14 22:02:04] local.ERROR: Attempt to read property "idReticula" on null {"userId":"Damaris","exception":"[object] (ErrorException(code: 0): Attempt to read property \"idReticula\" on null at C:\\Users\\evaa2\\OneDrive\\Escritorio\\EvaluaPro\\evaluaPro\\app\\Http\\Controllers\\UsuarioController.php:92)
[stacktrace]
#0 C:\\Users\\evaa2\\OneDrive\\Escritorio\\EvaluaPro\\evaluaPro\\vendor\\laravel\\framework\\src\\Illuminate\\Foundation\\Bootstrap\\HandleExceptions.php(255): Illuminate\\Foundation\\Bootstrap\\HandleExceptions->handleError(2, 'Attempt to read...', 'C:\\\\Users\\\\evaa2\\\\...', 92)
#1 C:\\Users\\evaa2\\OneDrive\\Escritorio\\EvaluaPro\\evaluaPro\\app\\Http\\Controllers\\UsuarioController.php(92): Illuminate\\Foundation\\Bootstrap\\HandleExceptions->Illuminate\\Foundation\\Bootstrap\\{closure}(2, 'Attempt to read...', 'C:\\\\Users\\\\evaa2\\\\...', 92)
#2 C:\\Users\\evaa2\\OneDrive\\Escritorio\\EvaluaPro\\evaluaPro\\vendor\\laravel\\framework\\src\\Illuminate\\Routing\\Controller.php(54): App\\Http\\Controllers\\UsuarioController->index()
#3 C:\\Users\\evaa2\\OneDrive\\Escritorio\\EvaluaPro\\evaluaPro\\vendor\\laravel\\framework\\src\\Illuminate\\Routing\\ControllerDispatcher.php(43): Illuminate\\Routing\\Controller->callAction('index', Array)
#4 C:\\Users\\evaa2\\OneDrive\\Escritorio\\EvaluaPro\\evaluaPro\\vendor\\laravel\\framework\\src\\Illuminate\\Routing\\Route.php(259): Illuminate\\Routing\\ControllerDispatcher->dispatch(Object(Illuminate\\Routing\\Route), Object(App\\Http\\Controllers\\UsuarioController), 'index')
#5 C:\\Users\\evaa2\\OneDrive\\Escritorio\\EvaluaPro\\evaluaPro\\vendor\\laravel\\framework\\src\\Illuminate\\Routing\\Route.php(205): Illuminate\\Routing\\Route->runController()
#6 C:\\Users\\evaa2\\OneDrive\\Escritorio\\EvaluaPro\\evaluaPro\\vendor\\laravel\\framework\\src\\Illuminate\\Routing\\Router.php(806): Illuminate\\Routing\\Route->run()
#7 C:\\Users\\evaa2\\OneDrive\\Escritorio\\EvaluaPro\\evaluaPro\\vendor\\laravel\\framework\\src\\Illuminate\\Pipeline\\Pipeline.php(144): Illuminate\\Routing\\Router->Illuminate\\Routing\\{closure}(Object(Illuminate\\Http\\Request))
#8 C:\\Users\\evaa2\\OneDrive\\Escritorio\\EvaluaPro\\evaluaPro\\app\\Http\\Middleware\\RolMiddleware.php(21): Illuminate\\Pipeline\\Pipeline->Illuminate\\Pipeline\\{closure}(Object(Illuminate\\Http\\Request))
#9 C:\\Users\\evaa2\\OneDrive\\Escritorio\\EvaluaPro\\evaluaPro\\vendor\\laravel\\framework\\src\\Illuminate\\Pipeline\\Pipeline.php(183): App\\Http\\Middleware\\RolMiddleware->handle(Object(Illuminate\\Http\\Request), Object(Closure), 'admin', 'capacitador', 'usuario')
#10 C:\\Users\\evaa2\\OneDrive\\Escritorio\\EvaluaPro\\evaluaPro\\vendor\\laravel\\framework\\src\\Illuminate\\Routing\\Middleware\\SubstituteBindings.php(50): Illuminate\\Pipeline\\Pipeline->Illuminate\\Pipeline\\{closure}(Object(Illuminate\\Http\\Request))
#11 C:\\Users\\evaa2\\OneDrive\\Escritorio\\EvaluaPro\\evaluaPro\\vendor\\laravel\\framework\\src\\Illuminate\\Pipeline\\Pipeline.php(183): Illuminate\\Routing\\Middleware\\SubstituteBindings->handle(Object(Illuminate\\Http\\Request), Object(Closure))
#12 C:\\Users\\evaa2\\OneDrive\\Escritorio\\EvaluaPro\\evaluaPro\\vendor\\laravel\\framework\\src\\Illuminate\\Auth\\Middleware\\Authenticate.php(57): Illuminate\\Pipeline\\Pipeline->Illuminate\\Pipeline\\{closure}(Object(Illuminate\\Http\\Request))
#13 C:\\Users\\evaa2\\OneDrive\\Escritorio\\EvaluaPro\\evaluaPro\\vendor\\laravel\\framework\\src\\Illuminate\\Pipeline\\Pipeline.php(183): Illuminate\\Auth\\Middleware\\Authenticate->handle(Object(Illuminate\\Http\\Request), Object(Closure))
#14 C:\\Users\\evaa2\\OneDrive\\Escritorio\\EvaluaPro\\evaluaPro\\vendor\\laravel\\framework\\src\\Illuminate\\Foundation\\Http\\Middleware\\VerifyCsrfToken.php(78): Illuminate\\Pipeline\\Pipeline->Illuminate\\Pipeline\\{closure}(Object(Illuminate\\Http\\Request))
#15 C:\\Users\\evaa2\\OneDrive\\Escritorio\\EvaluaPro\\evaluaPro\\vendor\\laravel\\framework\\src\\Illuminate\\Pipeline\\Pipeline.php(183): Illuminate\\Foundation\\Http\\Middleware\\VerifyCsrfToken->handle(Object(Illuminate\\Http\\Request), Object(Closure))
#16 C:\\Users\\evaa2\\OneDrive\\Escritorio\\EvaluaPro\\evaluaPro\\vendor\\laravel\\framework\\src\\Illuminate\\View\\Middleware\\ShareErrorsFromSession.php(49): Illuminate\\Pipeline\\Pipeline->Illuminate\\Pipeline\\{closure}(Object(Illuminate\\Http\\Request))
#17 C:\\Users\\evaa2\\OneDrive\\Escritorio\\EvaluaPro\\evaluaPro\\vendor\\laravel\\framework\\src\\Illuminate\\Pipeline\\Pipeline.php(183): Illuminate\\View\\Middleware\\ShareErrorsFromSession->handle(Object(Illuminate\\Http\\Request), Object(Closure))
#18 C:\\Users\\evaa2\\OneDrive\\Escritorio\\EvaluaPro\\evaluaPro\\vendor\\laravel\\framework\\src\\Illuminate\\Session\\Middleware\\StartSession.php(121): Illuminate\\Pipeline\\Pipeline->Illuminate\\Pipeline\\{closure}(Object(Illuminate\\Http\\Request))
#19 C:\\Users\\evaa2\\OneDrive\\Escritorio\\EvaluaPro\\evaluaPro\\vendor\\laravel\\framework\\src\\Illuminate\\Session\\Middleware\\StartSession.php(64): Illuminate\\Session\\Middleware\\StartSession->handleStatefulRequest(Object(Illuminate\\Http\\Request), Object(Illuminate\\Session\\Store), Object(Closure))
#20 C:\\Users\\evaa2\\OneDrive\\Escritorio\\EvaluaPro\\evaluaPro\\vendor\\laravel\\framework\\src\\Illuminate\\Pipeline\\Pipeline.php(183): Illuminate\\Session\\Middleware\\StartSession->handle(Object(Illuminate\\Http\\Request), Object(Closure))
#21 C:\\Users\\evaa2\\OneDrive\\Escritorio\\EvaluaPro\\evaluaPro\\vendor\\laravel\\framework\\src\\Illuminate\\Cookie\\Middleware\\AddQueuedCookiesToResponse.php(37): Illuminate\\Pipeline\\Pipeline->Illuminate\\Pipeline\\{closure}(Object(Illuminate\\Http\\Request))
#22 C:\\Users\\evaa2\\OneDrive\\Escritorio\\EvaluaPro\\evaluaPro\\vendor\\laravel\\framework\\src\\Illuminate\\Pipeline\\Pipeline.php(183): Illuminate\\Cookie\\Middleware\\AddQueuedCookiesToResponse->handle(Object(Illuminate\\Http\\Request), Object(Closure))
#23 C:\\Users\\evaa2\\OneDrive\\Escritorio\\EvaluaPro\\evaluaPro\\vendor\\laravel\\framework\\src\\Illuminate\\Cookie\\Middleware\\EncryptCookies.php(67): Illuminate\\Pipeline\\Pipeline->Illuminate\\Pipeline\\{closure}(Object(Illuminate\\Http\\Request))
#24 C:\\Users\\evaa2\\OneDrive\\Escritorio\\EvaluaPro\\evaluaPro\\vendor\\laravel\\framework\\src\\Illuminate\\Pipeline\\Pipeline.php(183): Illuminate\\Cookie\\Middleware\\EncryptCookies->handle(Object(Illuminate\\Http\\Request), Object(Closure))
#25 C:\\Users\\evaa2\\OneDrive\\Escritorio\\EvaluaPro\\evaluaPro\\vendor\\laravel\\framework\\src\\Illuminate\\Pipeline\\Pipeline.php(119): Illuminate\\Pipeline\\Pipeline->Illuminate\\Pipeline\\{closure}(Object(Illuminate\\Http\\Request))
#26 C:\\Users\\evaa2\\OneDrive\\Escritorio\\EvaluaPro\\evaluaPro\\vendor\\laravel\\framework\\src\\Illuminate\\Routing\\Router.php(805): Illuminate\\Pipeline\\Pipeline->then(Object(Closure))
#27 C:\\Users\\evaa2\\OneDrive\\Escritorio\\EvaluaPro\\evaluaPro\\vendor\\laravel\\framework\\src\\Illuminate\\Routing\\Router.php(784): Illuminate\\Routing\\Router->runRouteWithinStack(Object(Illuminate\\Routing\\Route), Object(Illuminate\\Http\\Request))
#28 C:\\Users\\evaa2\\OneDrive\\Escritorio\\EvaluaPro\\evaluaPro\\vendor\\laravel\\framework\\src\\Illuminate\\Routing\\Router.php(748): Illuminate\\Routing\\Router->runRoute(Object(Illuminate\\Http\\Request), Object(Illuminate\\Routing\\Route))
#29 C:\\Users\\evaa2\\OneDrive\\Escritorio\\EvaluaPro\\evaluaPro\\vendor\\laravel\\framework\\src\\Illuminate\\Routing\\Router.php(737): Illuminate\\Routing\\Router->dispatchToRoute(Object(Illuminate\\Http\\Request))
#30 C:\\Users\\evaa2\\OneDrive\\Escritorio\\EvaluaPro\\evaluaPro\\vendor\\laravel\\framework\\src\\Illuminate\\Foundation\\Http\\Kernel.php(200): Illuminate\\Routing\\Router->dispatch(Object(Illuminate\\Http\\Request))
#31 C:\\Users\\evaa2\\OneDrive\\Escritorio\\EvaluaPro\\evaluaPro\\vendor\\laravel\\framework\\src\\Illuminate\\Pipeline\\Pipeline.php(144): Illuminate\\Foundation\\Http\\Kernel->Illuminate\\Foundation\\Http\\{closure}(Object(Illuminate\\Http\\Request))
#32 C:\\Users\\evaa2\\OneDrive\\Escritorio\\EvaluaPro\\evaluaPro\\vendor\\laravel\\framework\\src\\Illuminate\\Foundation\\Http\\Middleware\\TransformsRequest.php(21): Illuminate\\Pipeline\\Pipeline->Illuminate\\Pipeline\\{closure}(Object(Illuminate\\Http\\Request))
#33 C:\\Users\\evaa2\\OneDrive\\Escritorio\\EvaluaPro\\evaluaPro\\vendor\\laravel\\framework\\src\\Illuminate\\Foundation\\Http\\Middleware\\ConvertEmptyStringsToNull.php(31): Illuminate\\Foundation\\Http\\Middleware\\TransformsRequest->handle(Object(Illuminate\\Http\\Request), Object(Closure))
#34 C:\\Users\\evaa2\\OneDrive\\Escritorio\\EvaluaPro\\evaluaPro\\vendor\\laravel\\framework\\src\\Illuminate\\Pipeline\\Pipeline.php(183): Illuminate\\Foundation\\Http\\Middleware\\ConvertEmptyStringsToNull->handle(Object(Illuminate\\Http\\Request), Object(Closure))
#35 C:\\Users\\evaa2\\OneDrive\\Escritorio\\EvaluaPro\\evaluaPro\\vendor\\laravel\\framework\\src\\Illuminate\\Foundation\\Http\\Middleware\\TransformsRequest.php(21): Illuminate\\Pipeline\\Pipeline->Illuminate\\Pipeline\\{closure}(Object(Illuminate\\Http\\Request))
#36 C:\\Users\\evaa2\\OneDrive\\Escritorio\\EvaluaPro\\evaluaPro\\vendor\\laravel\\framework\\src\\Illuminate\\Foundation\\Http\\Middleware\\TrimStrings.php(40): Illuminate\\Foundation\\Http\\Middleware\\TransformsRequest->handle(Object(Illuminate\\Http\\Request), Object(Closure))
#37 C:\\Users\\evaa2\\OneDrive\\Escritorio\\EvaluaPro\\evaluaPro\\vendor\\laravel\\framework\\src\\Illuminate\\Pipeline\\Pipeline.php(183): Illuminate\\Foundation\\Http\\Middleware\\TrimStrings->handle(Object(Illuminate\\Http\\Request), Object(Closure))
#38 C:\\Users\\evaa2\\OneDrive\\Escritorio\\EvaluaPro\\evaluaPro\\vendor\\laravel\\framework\\src\\Illuminate\\Foundation\\Http\\Middleware\\ValidatePostSize.php(27): Illuminate\\Pipeline\\Pipeline->Illuminate\\Pipeline\\{closure}(Object(Illuminate\\Http\\Request))
#39 C:\\Users\\evaa2\\OneDrive\\Escritorio\\EvaluaPro\\evaluaPro\\vendor\\laravel\\framework\\src\\Illuminate\\Pipeline\\Pipeline.php(183): Illuminate\\Foundation\\Http\\Middleware\\ValidatePostSize->handle(Object(Illuminate\\Http\\Request), Object(Closure))
#40 C:\\Users\\evaa2\\OneDrive\\Escritorio\\EvaluaPro\\evaluaPro\\vendor\\laravel\\framework\\src\\Illuminate\\Foundation\\Http\\Middleware\\PreventRequestsDuringMaintenance.php(99): Illuminate\\Pipeline\\Pipeline->Illuminate\\Pipeline\\{closure}(Object(Illuminate\\Http\\Request))
#41 C:\\Users\\evaa2\\OneDrive\\Escritorio\\EvaluaPro\\evaluaPro\\vendor\\laravel\\framework\\src\\Illuminate\\Pipeline\\Pipeline.php(183): Illuminate\\Foundation\\Http\\Middleware\\PreventRequestsDuringMaintenance->handle(Object(Illuminate\\Http\\Request), Object(Closure))
#42 C:\\Users\\evaa2\\OneDrive\\Escritorio\\EvaluaPro\\evaluaPro\\vendor\\laravel\\framework\\src\\Illuminate\\Http\\Middleware\\HandleCors.php(49): Illuminate\\Pipeline\\Pipeline->Illuminate\\Pipeline\\{closure}(Object(Illuminate\\Http\\Request))
#43 C:\\Users\\evaa2\\OneDrive\\Escritorio\\EvaluaPro\\evaluaPro\\vendor\\laravel\\framework\\src\\Illuminate\\Pipeline\\Pipeline.php(183): Illuminate\\Http\\Middleware\\HandleCors->handle(Object(Illuminate\\Http\\Request), Object(Closure))
#44 C:\\Users\\evaa2\\OneDrive\\Escritorio\\EvaluaPro\\evaluaPro\\vendor\\laravel\\framework\\src\\Illuminate\\Http\\Middleware\\TrustProxies.php(39): Illuminate\\Pipeline\\Pipeline->Illuminate\\Pipeline\\{closure}(Object(Illuminate\\Http\\Request))
#45 C:\\Users\\evaa2\\OneDrive\\Escritorio\\EvaluaPro\\evaluaPro\\vendor\\laravel\\framework\\src\\Illuminate\\Pipeline\\Pipeline.php(183): Illuminate\\Http\\Middleware\\TrustProxies->handle(Object(Illuminate\\Http\\Request), Object(Closure))
#46 C:\\Users\\evaa2\\OneDrive\\Escritorio\\EvaluaPro\\evaluaPro\\vendor\\laravel\\framework\\src\\Illuminate\\Pipeline\\Pipeline.php(119): Illuminate\\Pipeline\\Pipeline->Illuminate\\Pipeline\\{closure}(Object(Illuminate\\Http\\Request))
#47 C:\\Users\\evaa2\\OneDrive\\Escritorio\\EvaluaPro\\evaluaPro\\vendor\\laravel\\framework\\src\\Illuminate\\Foundation\\Http\\Kernel.php(175): Illuminate\\Pipeline\\Pipeline->then(Object(Closure))
#48 C:\\Users\\evaa2\\OneDrive\\Escritorio\\EvaluaPro\\evaluaPro\\vendor\\laravel\\framework\\src\\Illuminate\\Foundation\\Http\\Kernel.php(144): Illuminate\\Foundation\\Http\\Kernel->sendRequestThroughRouter(Object(Illuminate\\Http\\Request))
#49 C:\\Users\\evaa2\\OneDrive\\Escritorio\\EvaluaPro\\evaluaPro\\public\\index.php(51): Illuminate\\Foundation\\Http\\Kernel->handle(Object(Illuminate\\Http\\Request))
#50 C:\\Users\\evaa2\\OneDrive\\Escritorio\\EvaluaPro\\evaluaPro\\vendor\\laravel\\framework\\src\\Illuminate\\Foundation\\resources\\server.php(16): require_once('C:\\\\Users\\\\evaa2\\\\...')
#51 {main}
"} 
[2025-08-14 22:06:55] local.ERROR: Attempt to read property "idReticula" on null {"userId":"Damaris","exception":"[object] (ErrorException(code: 0): Attempt to read property \"idReticula\" on null at C:\\Users\\evaa2\\OneDrive\\Escritorio\\EvaluaPro\\evaluaPro\\app\\Http\\Controllers\\UsuarioController.php:92)
[stacktrace]
#0 C:\\Users\\evaa2\\OneDrive\\Escritorio\\EvaluaPro\\evaluaPro\\vendor\\laravel\\framework\\src\\Illuminate\\Foundation\\Bootstrap\\HandleExceptions.php(255): Illuminate\\Foundation\\Bootstrap\\HandleExceptions->handleError(2, 'Attempt to read...', 'C:\\\\Users\\\\evaa2\\\\...', 92)
#1 C:\\Users\\evaa2\\OneDrive\\Escritorio\\EvaluaPro\\evaluaPro\\app\\Http\\Controllers\\UsuarioController.php(92): Illuminate\\Foundation\\Bootstrap\\HandleExceptions->Illuminate\\Foundation\\Bootstrap\\{closure}(2, 'Attempt to read...', 'C:\\\\Users\\\\evaa2\\\\...', 92)
#2 C:\\Users\\evaa2\\OneDrive\\Escritorio\\EvaluaPro\\evaluaPro\\vendor\\laravel\\framework\\src\\Illuminate\\Routing\\Controller.php(54): App\\Http\\Controllers\\UsuarioController->index()
#3 C:\\Users\\evaa2\\OneDrive\\Escritorio\\EvaluaPro\\evaluaPro\\vendor\\laravel\\framework\\src\\Illuminate\\Routing\\ControllerDispatcher.php(43): Illuminate\\Routing\\Controller->callAction('index', Array)
#4 C:\\Users\\evaa2\\OneDrive\\Escritorio\\EvaluaPro\\evaluaPro\\vendor\\laravel\\framework\\src\\Illuminate\\Routing\\Route.php(259): Illuminate\\Routing\\ControllerDispatcher->dispatch(Object(Illuminate\\Routing\\Route), Object(App\\Http\\Controllers\\UsuarioController), 'index')
#5 C:\\Users\\evaa2\\OneDrive\\Escritorio\\EvaluaPro\\evaluaPro\\vendor\\laravel\\framework\\src\\Illuminate\\Routing\\Route.php(205): Illuminate\\Routing\\Route->runController()
#6 C:\\Users\\evaa2\\OneDrive\\Escritorio\\EvaluaPro\\evaluaPro\\vendor\\laravel\\framework\\src\\Illuminate\\Routing\\Router.php(806): Illuminate\\Routing\\Route->run()
#7 C:\\Users\\evaa2\\OneDrive\\Escritorio\\EvaluaPro\\evaluaPro\\vendor\\laravel\\framework\\src\\Illuminate\\Pipeline\\Pipeline.php(144): Illuminate\\Routing\\Router->Illuminate\\Routing\\{closure}(Object(Illuminate\\Http\\Request))
#8 C:\\Users\\evaa2\\OneDrive\\Escritorio\\EvaluaPro\\evaluaPro\\app\\Http\\Middleware\\RolMiddleware.php(21): Illuminate\\Pipeline\\Pipeline->Illuminate\\Pipeline\\{closure}(Object(Illuminate\\Http\\Request))
#9 C:\\Users\\evaa2\\OneDrive\\Escritorio\\EvaluaPro\\evaluaPro\\vendor\\laravel\\framework\\src\\Illuminate\\Pipeline\\Pipeline.php(183): App\\Http\\Middleware\\RolMiddleware->handle(Object(Illuminate\\Http\\Request), Object(Closure), 'admin', 'capacitador', 'usuario')
#10 C:\\Users\\evaa2\\OneDrive\\Escritorio\\EvaluaPro\\evaluaPro\\vendor\\laravel\\framework\\src\\Illuminate\\Routing\\Middleware\\SubstituteBindings.php(50): Illuminate\\Pipeline\\Pipeline->Illuminate\\Pipeline\\{closure}(Object(Illuminate\\Http\\Request))
#11 C:\\Users\\evaa2\\OneDrive\\Escritorio\\EvaluaPro\\evaluaPro\\vendor\\laravel\\framework\\src\\Illuminate\\Pipeline\\Pipeline.php(183): Illuminate\\Routing\\Middleware\\SubstituteBindings->handle(Object(Illuminate\\Http\\Request), Object(Closure))
#12 C:\\Users\\evaa2\\OneDrive\\Escritorio\\EvaluaPro\\evaluaPro\\vendor\\laravel\\framework\\src\\Illuminate\\Auth\\Middleware\\Authenticate.php(57): Illuminate\\Pipeline\\Pipeline->Illuminate\\Pipeline\\{closure}(Object(Illuminate\\Http\\Request))
#13 C:\\Users\\evaa2\\OneDrive\\Escritorio\\EvaluaPro\\evaluaPro\\vendor\\laravel\\framework\\src\\Illuminate\\Pipeline\\Pipeline.php(183): Illuminate\\Auth\\Middleware\\Authenticate->handle(Object(Illuminate\\Http\\Request), Object(Closure))
#14 C:\\Users\\evaa2\\OneDrive\\Escritorio\\EvaluaPro\\evaluaPro\\vendor\\laravel\\framework\\src\\Illuminate\\Foundation\\Http\\Middleware\\VerifyCsrfToken.php(78): Illuminate\\Pipeline\\Pipeline->Illuminate\\Pipeline\\{closure}(Object(Illuminate\\Http\\Request))
#15 C:\\Users\\evaa2\\OneDrive\\Escritorio\\EvaluaPro\\evaluaPro\\vendor\\laravel\\framework\\src\\Illuminate\\Pipeline\\Pipeline.php(183): Illuminate\\Foundation\\Http\\Middleware\\VerifyCsrfToken->handle(Object(Illuminate\\Http\\Request), Object(Closure))
#16 C:\\Users\\evaa2\\OneDrive\\Escritorio\\EvaluaPro\\evaluaPro\\vendor\\laravel\\framework\\src\\Illuminate\\View\\Middleware\\ShareErrorsFromSession.php(49): Illuminate\\Pipeline\\Pipeline->Illuminate\\Pipeline\\{closure}(Object(Illuminate\\Http\\Request))
#17 C:\\Users\\evaa2\\OneDrive\\Escritorio\\EvaluaPro\\evaluaPro\\vendor\\laravel\\framework\\src\\Illuminate\\Pipeline\\Pipeline.php(183): Illuminate\\View\\Middleware\\ShareErrorsFromSession->handle(Object(Illuminate\\Http\\Request), Object(Closure))
#18 C:\\Users\\evaa2\\OneDrive\\Escritorio\\EvaluaPro\\evaluaPro\\vendor\\laravel\\framework\\src\\Illuminate\\Session\\Middleware\\StartSession.php(121): Illuminate\\Pipeline\\Pipeline->Illuminate\\Pipeline\\{closure}(Object(Illuminate\\Http\\Request))
#19 C:\\Users\\evaa2\\OneDrive\\Escritorio\\EvaluaPro\\evaluaPro\\vendor\\laravel\\framework\\src\\Illuminate\\Session\\Middleware\\StartSession.php(64): Illuminate\\Session\\Middleware\\StartSession->handleStatefulRequest(Object(Illuminate\\Http\\Request), Object(Illuminate\\Session\\Store), Object(Closure))
#20 C:\\Users\\evaa2\\OneDrive\\Escritorio\\EvaluaPro\\evaluaPro\\vendor\\laravel\\framework\\src\\Illuminate\\Pipeline\\Pipeline.php(183): Illuminate\\Session\\Middleware\\StartSession->handle(Object(Illuminate\\Http\\Request), Object(Closure))
#21 C:\\Users\\evaa2\\OneDrive\\Escritorio\\EvaluaPro\\evaluaPro\\vendor\\laravel\\framework\\src\\Illuminate\\Cookie\\Middleware\\AddQueuedCookiesToResponse.php(37): Illuminate\\Pipeline\\Pipeline->Illuminate\\Pipeline\\{closure}(Object(Illuminate\\Http\\Request))
#22 C:\\Users\\evaa2\\OneDrive\\Escritorio\\EvaluaPro\\evaluaPro\\vendor\\laravel\\framework\\src\\Illuminate\\Pipeline\\Pipeline.php(183): Illuminate\\Cookie\\Middleware\\AddQueuedCookiesToResponse->handle(Object(Illuminate\\Http\\Request), Object(Closure))
#23 C:\\Users\\evaa2\\OneDrive\\Escritorio\\EvaluaPro\\evaluaPro\\vendor\\laravel\\framework\\src\\Illuminate\\Cookie\\Middleware\\EncryptCookies.php(67): Illuminate\\Pipeline\\Pipeline->Illuminate\\Pipeline\\{closure}(Object(Illuminate\\Http\\Request))
#24 C:\\Users\\evaa2\\OneDrive\\Escritorio\\EvaluaPro\\evaluaPro\\vendor\\laravel\\framework\\src\\Illuminate\\Pipeline\\Pipeline.php(183): Illuminate\\Cookie\\Middleware\\EncryptCookies->handle(Object(Illuminate\\Http\\Request), Object(Closure))
#25 C:\\Users\\evaa2\\OneDrive\\Escritorio\\EvaluaPro\\evaluaPro\\vendor\\laravel\\framework\\src\\Illuminate\\Pipeline\\Pipeline.php(119): Illuminate\\Pipeline\\Pipeline->Illuminate\\Pipeline\\{closure}(Object(Illuminate\\Http\\Request))
#26 C:\\Users\\evaa2\\OneDrive\\Escritorio\\EvaluaPro\\evaluaPro\\vendor\\laravel\\framework\\src\\Illuminate\\Routing\\Router.php(805): Illuminate\\Pipeline\\Pipeline->then(Object(Closure))
#27 C:\\Users\\evaa2\\OneDrive\\Escritorio\\EvaluaPro\\evaluaPro\\vendor\\laravel\\framework\\src\\Illuminate\\Routing\\Router.php(784): Illuminate\\Routing\\Router->runRouteWithinStack(Object(Illuminate\\Routing\\Route), Object(Illuminate\\Http\\Request))
#28 C:\\Users\\evaa2\\OneDrive\\Escritorio\\EvaluaPro\\evaluaPro\\vendor\\laravel\\framework\\src\\Illuminate\\Routing\\Router.php(748): Illuminate\\Routing\\Router->runRoute(Object(Illuminate\\Http\\Request), Object(Illuminate\\Routing\\Route))
#29 C:\\Users\\evaa2\\OneDrive\\Escritorio\\EvaluaPro\\evaluaPro\\vendor\\laravel\\framework\\src\\Illuminate\\Routing\\Router.php(737): Illuminate\\Routing\\Router->dispatchToRoute(Object(Illuminate\\Http\\Request))
#30 C:\\Users\\evaa2\\OneDrive\\Escritorio\\EvaluaPro\\evaluaPro\\vendor\\laravel\\framework\\src\\Illuminate\\Foundation\\Http\\Kernel.php(200): Illuminate\\Routing\\Router->dispatch(Object(Illuminate\\Http\\Request))
#31 C:\\Users\\evaa2\\OneDrive\\Escritorio\\EvaluaPro\\evaluaPro\\vendor\\laravel\\framework\\src\\Illuminate\\Pipeline\\Pipeline.php(144): Illuminate\\Foundation\\Http\\Kernel->Illuminate\\Foundation\\Http\\{closure}(Object(Illuminate\\Http\\Request))
#32 C:\\Users\\evaa2\\OneDrive\\Escritorio\\EvaluaPro\\evaluaPro\\vendor\\laravel\\framework\\src\\Illuminate\\Foundation\\Http\\Middleware\\TransformsRequest.php(21): Illuminate\\Pipeline\\Pipeline->Illuminate\\Pipeline\\{closure}(Object(Illuminate\\Http\\Request))
#33 C:\\Users\\evaa2\\OneDrive\\Escritorio\\EvaluaPro\\evaluaPro\\vendor\\laravel\\framework\\src\\Illuminate\\Foundation\\Http\\Middleware\\ConvertEmptyStringsToNull.php(31): Illuminate\\Foundation\\Http\\Middleware\\TransformsRequest->handle(Object(Illuminate\\Http\\Request), Object(Closure))
#34 C:\\Users\\evaa2\\OneDrive\\Escritorio\\EvaluaPro\\evaluaPro\\vendor\\laravel\\framework\\src\\Illuminate\\Pipeline\\Pipeline.php(183): Illuminate\\Foundation\\Http\\Middleware\\ConvertEmptyStringsToNull->handle(Object(Illuminate\\Http\\Request), Object(Closure))
#35 C:\\Users\\evaa2\\OneDrive\\Escritorio\\EvaluaPro\\evaluaPro\\vendor\\laravel\\framework\\src\\Illuminate\\Foundation\\Http\\Middleware\\TransformsRequest.php(21): Illuminate\\Pipeline\\Pipeline->Illuminate\\Pipeline\\{closure}(Object(Illuminate\\Http\\Request))
#36 C:\\Users\\evaa2\\OneDrive\\Escritorio\\EvaluaPro\\evaluaPro\\vendor\\laravel\\framework\\src\\Illuminate\\Foundation\\Http\\Middleware\\TrimStrings.php(40): Illuminate\\Foundation\\Http\\Middleware\\TransformsRequest->handle(Object(Illuminate\\Http\\Request), Object(Closure))
#37 C:\\Users\\evaa2\\OneDrive\\Escritorio\\EvaluaPro\\evaluaPro\\vendor\\laravel\\framework\\src\\Illuminate\\Pipeline\\Pipeline.php(183): Illuminate\\Foundation\\Http\\Middleware\\TrimStrings->handle(Object(Illuminate\\Http\\Request), Object(Closure))
#38 C:\\Users\\evaa2\\OneDrive\\Escritorio\\EvaluaPro\\evaluaPro\\vendor\\laravel\\framework\\src\\Illuminate\\Foundation\\Http\\Middleware\\ValidatePostSize.php(27): Illuminate\\Pipeline\\Pipeline->Illuminate\\Pipeline\\{closure}(Object(Illuminate\\Http\\Request))
#39 C:\\Users\\evaa2\\OneDrive\\Escritorio\\EvaluaPro\\evaluaPro\\vendor\\laravel\\framework\\src\\Illuminate\\Pipeline\\Pipeline.php(183): Illuminate\\Foundation\\Http\\Middleware\\ValidatePostSize->handle(Object(Illuminate\\Http\\Request), Object(Closure))
#40 C:\\Users\\evaa2\\OneDrive\\Escritorio\\EvaluaPro\\evaluaPro\\vendor\\laravel\\framework\\src\\Illuminate\\Foundation\\Http\\Middleware\\PreventRequestsDuringMaintenance.php(99): Illuminate\\Pipeline\\Pipeline->Illuminate\\Pipeline\\{closure}(Object(Illuminate\\Http\\Request))
#41 C:\\Users\\evaa2\\OneDrive\\Escritorio\\EvaluaPro\\evaluaPro\\vendor\\laravel\\framework\\src\\Illuminate\\Pipeline\\Pipeline.php(183): Illuminate\\Foundation\\Http\\Middleware\\PreventRequestsDuringMaintenance->handle(Object(Illuminate\\Http\\Request), Object(Closure))
#42 C:\\Users\\evaa2\\OneDrive\\Escritorio\\EvaluaPro\\evaluaPro\\vendor\\laravel\\framework\\src\\Illuminate\\Http\\Middleware\\HandleCors.php(49): Illuminate\\Pipeline\\Pipeline->Illuminate\\Pipeline\\{closure}(Object(Illuminate\\Http\\Request))
#43 C:\\Users\\evaa2\\OneDrive\\Escritorio\\EvaluaPro\\evaluaPro\\vendor\\laravel\\framework\\src\\Illuminate\\Pipeline\\Pipeline.php(183): Illuminate\\Http\\Middleware\\HandleCors->handle(Object(Illuminate\\Http\\Request), Object(Closure))
#44 C:\\Users\\evaa2\\OneDrive\\Escritorio\\EvaluaPro\\evaluaPro\\vendor\\laravel\\framework\\src\\Illuminate\\Http\\Middleware\\TrustProxies.php(39): Illuminate\\Pipeline\\Pipeline->Illuminate\\Pipeline\\{closure}(Object(Illuminate\\Http\\Request))
#45 C:\\Users\\evaa2\\OneDrive\\Escritorio\\EvaluaPro\\evaluaPro\\vendor\\laravel\\framework\\src\\Illuminate\\Pipeline\\Pipeline.php(183): Illuminate\\Http\\Middleware\\TrustProxies->handle(Object(Illuminate\\Http\\Request), Object(Closure))
#46 C:\\Users\\evaa2\\OneDrive\\Escritorio\\EvaluaPro\\evaluaPro\\vendor\\laravel\\framework\\src\\Illuminate\\Pipeline\\Pipeline.php(119): Illuminate\\Pipeline\\Pipeline->Illuminate\\Pipeline\\{closure}(Object(Illuminate\\Http\\Request))
#47 C:\\Users\\evaa2\\OneDrive\\Escritorio\\EvaluaPro\\evaluaPro\\vendor\\laravel\\framework\\src\\Illuminate\\Foundation\\Http\\Kernel.php(175): Illuminate\\Pipeline\\Pipeline->then(Object(Closure))
#48 C:\\Users\\evaa2\\OneDrive\\Escritorio\\EvaluaPro\\evaluaPro\\vendor\\laravel\\framework\\src\\Illuminate\\Foundation\\Http\\Kernel.php(144): Illuminate\\Foundation\\Http\\Kernel->sendRequestThroughRouter(Object(Illuminate\\Http\\Request))
#49 C:\\Users\\evaa2\\OneDrive\\Escritorio\\EvaluaPro\\evaluaPro\\public\\index.php(51): Illuminate\\Foundation\\Http\\Kernel->handle(Object(Illuminate\\Http\\Request))
#50 C:\\Users\\evaa2\\OneDrive\\Escritorio\\EvaluaPro\\evaluaPro\\vendor\\laravel\\framework\\src\\Illuminate\\Foundation\\resources\\server.php(16): require_once('C:\\\\Users\\\\evaa2\\\\...')
#51 {main}
"} 
[2025-08-14 22:19:23] local.ERROR: Attempt to read property "idReticula" on null {"userId":"Damaris","exception":"[object] (ErrorException(code: 0): Attempt to read property \"idReticula\" on null at C:\\Users\\evaa2\\OneDrive\\Escritorio\\EvaluaPro\\evaluaPro\\app\\Http\\Controllers\\UsuarioController.php:92)
[stacktrace]
#0 C:\\Users\\evaa2\\OneDrive\\Escritorio\\EvaluaPro\\evaluaPro\\vendor\\laravel\\framework\\src\\Illuminate\\Foundation\\Bootstrap\\HandleExceptions.php(255): Illuminate\\Foundation\\Bootstrap\\HandleExceptions->handleError(2, 'Attempt to read...', 'C:\\\\Users\\\\evaa2\\\\...', 92)
#1 C:\\Users\\evaa2\\OneDrive\\Escritorio\\EvaluaPro\\evaluaPro\\app\\Http\\Controllers\\UsuarioController.php(92): Illuminate\\Foundation\\Bootstrap\\HandleExceptions->Illuminate\\Foundation\\Bootstrap\\{closure}(2, 'Attempt to read...', 'C:\\\\Users\\\\evaa2\\\\...', 92)
#2 C:\\Users\\evaa2\\OneDrive\\Escritorio\\EvaluaPro\\evaluaPro\\vendor\\laravel\\framework\\src\\Illuminate\\Routing\\Controller.php(54): App\\Http\\Controllers\\UsuarioController->index()
#3 C:\\Users\\evaa2\\OneDrive\\Escritorio\\EvaluaPro\\evaluaPro\\vendor\\laravel\\framework\\src\\Illuminate\\Routing\\ControllerDispatcher.php(43): Illuminate\\Routing\\Controller->callAction('index', Array)
#4 C:\\Users\\evaa2\\OneDrive\\Escritorio\\EvaluaPro\\evaluaPro\\vendor\\laravel\\framework\\src\\Illuminate\\Routing\\Route.php(259): Illuminate\\Routing\\ControllerDispatcher->dispatch(Object(Illuminate\\Routing\\Route), Object(App\\Http\\Controllers\\UsuarioController), 'index')
#5 C:\\Users\\evaa2\\OneDrive\\Escritorio\\EvaluaPro\\evaluaPro\\vendor\\laravel\\framework\\src\\Illuminate\\Routing\\Route.php(205): Illuminate\\Routing\\Route->runController()
#6 C:\\Users\\evaa2\\OneDrive\\Escritorio\\EvaluaPro\\evaluaPro\\vendor\\laravel\\framework\\src\\Illuminate\\Routing\\Router.php(806): Illuminate\\Routing\\Route->run()
#7 C:\\Users\\evaa2\\OneDrive\\Escritorio\\EvaluaPro\\evaluaPro\\vendor\\laravel\\framework\\src\\Illuminate\\Pipeline\\Pipeline.php(144): Illuminate\\Routing\\Router->Illuminate\\Routing\\{closure}(Object(Illuminate\\Http\\Request))
#8 C:\\Users\\evaa2\\OneDrive\\Escritorio\\EvaluaPro\\evaluaPro\\app\\Http\\Middleware\\RolMiddleware.php(21): Illuminate\\Pipeline\\Pipeline->Illuminate\\Pipeline\\{closure}(Object(Illuminate\\Http\\Request))
#9 C:\\Users\\evaa2\\OneDrive\\Escritorio\\EvaluaPro\\evaluaPro\\vendor\\laravel\\framework\\src\\Illuminate\\Pipeline\\Pipeline.php(183): App\\Http\\Middleware\\RolMiddleware->handle(Object(Illuminate\\Http\\Request), Object(Closure), 'admin', 'capacitador', 'usuario')
#10 C:\\Users\\evaa2\\OneDrive\\Escritorio\\EvaluaPro\\evaluaPro\\vendor\\laravel\\framework\\src\\Illuminate\\Routing\\Middleware\\SubstituteBindings.php(50): Illuminate\\Pipeline\\Pipeline->Illuminate\\Pipeline\\{closure}(Object(Illuminate\\Http\\Request))
#11 C:\\Users\\evaa2\\OneDrive\\Escritorio\\EvaluaPro\\evaluaPro\\vendor\\laravel\\framework\\src\\Illuminate\\Pipeline\\Pipeline.php(183): Illuminate\\Routing\\Middleware\\SubstituteBindings->handle(Object(Illuminate\\Http\\Request), Object(Closure))
#12 C:\\Users\\evaa2\\OneDrive\\Escritorio\\EvaluaPro\\evaluaPro\\vendor\\laravel\\framework\\src\\Illuminate\\Auth\\Middleware\\Authenticate.php(57): Illuminate\\Pipeline\\Pipeline->Illuminate\\Pipeline\\{closure}(Object(Illuminate\\Http\\Request))
#13 C:\\Users\\evaa2\\OneDrive\\Escritorio\\EvaluaPro\\evaluaPro\\vendor\\laravel\\framework\\src\\Illuminate\\Pipeline\\Pipeline.php(183): Illuminate\\Auth\\Middleware\\Authenticate->handle(Object(Illuminate\\Http\\Request), Object(Closure))
#14 C:\\Users\\evaa2\\OneDrive\\Escritorio\\EvaluaPro\\evaluaPro\\vendor\\laravel\\framework\\src\\Illuminate\\Foundation\\Http\\Middleware\\VerifyCsrfToken.php(78): Illuminate\\Pipeline\\Pipeline->Illuminate\\Pipeline\\{closure}(Object(Illuminate\\Http\\Request))
#15 C:\\Users\\evaa2\\OneDrive\\Escritorio\\EvaluaPro\\evaluaPro\\vendor\\laravel\\framework\\src\\Illuminate\\Pipeline\\Pipeline.php(183): Illuminate\\Foundation\\Http\\Middleware\\VerifyCsrfToken->handle(Object(Illuminate\\Http\\Request), Object(Closure))
#16 C:\\Users\\evaa2\\OneDrive\\Escritorio\\EvaluaPro\\evaluaPro\\vendor\\laravel\\framework\\src\\Illuminate\\View\\Middleware\\ShareErrorsFromSession.php(49): Illuminate\\Pipeline\\Pipeline->Illuminate\\Pipeline\\{closure}(Object(Illuminate\\Http\\Request))
#17 C:\\Users\\evaa2\\OneDrive\\Escritorio\\EvaluaPro\\evaluaPro\\vendor\\laravel\\framework\\src\\Illuminate\\Pipeline\\Pipeline.php(183): Illuminate\\View\\Middleware\\ShareErrorsFromSession->handle(Object(Illuminate\\Http\\Request), Object(Closure))
#18 C:\\Users\\evaa2\\OneDrive\\Escritorio\\EvaluaPro\\evaluaPro\\vendor\\laravel\\framework\\src\\Illuminate\\Session\\Middleware\\StartSession.php(121): Illuminate\\Pipeline\\Pipeline->Illuminate\\Pipeline\\{closure}(Object(Illuminate\\Http\\Request))
#19 C:\\Users\\evaa2\\OneDrive\\Escritorio\\EvaluaPro\\evaluaPro\\vendor\\laravel\\framework\\src\\Illuminate\\Session\\Middleware\\StartSession.php(64): Illuminate\\Session\\Middleware\\StartSession->handleStatefulRequest(Object(Illuminate\\Http\\Request), Object(Illuminate\\Session\\Store), Object(Closure))
#20 C:\\Users\\evaa2\\OneDrive\\Escritorio\\EvaluaPro\\evaluaPro\\vendor\\laravel\\framework\\src\\Illuminate\\Pipeline\\Pipeline.php(183): Illuminate\\Session\\Middleware\\StartSession->handle(Object(Illuminate\\Http\\Request), Object(Closure))
#21 C:\\Users\\evaa2\\OneDrive\\Escritorio\\EvaluaPro\\evaluaPro\\vendor\\laravel\\framework\\src\\Illuminate\\Cookie\\Middleware\\AddQueuedCookiesToResponse.php(37): Illuminate\\Pipeline\\Pipeline->Illuminate\\Pipeline\\{closure}(Object(Illuminate\\Http\\Request))
#22 C:\\Users\\evaa2\\OneDrive\\Escritorio\\EvaluaPro\\evaluaPro\\vendor\\laravel\\framework\\src\\Illuminate\\Pipeline\\Pipeline.php(183): Illuminate\\Cookie\\Middleware\\AddQueuedCookiesToResponse->handle(Object(Illuminate\\Http\\Request), Object(Closure))
#23 C:\\Users\\evaa2\\OneDrive\\Escritorio\\EvaluaPro\\evaluaPro\\vendor\\laravel\\framework\\src\\Illuminate\\Cookie\\Middleware\\EncryptCookies.php(67): Illuminate\\Pipeline\\Pipeline->Illuminate\\Pipeline\\{closure}(Object(Illuminate\\Http\\Request))
#24 C:\\Users\\evaa2\\OneDrive\\Escritorio\\EvaluaPro\\evaluaPro\\vendor\\laravel\\framework\\src\\Illuminate\\Pipeline\\Pipeline.php(183): Illuminate\\Cookie\\Middleware\\EncryptCookies->handle(Object(Illuminate\\Http\\Request), Object(Closure))
#25 C:\\Users\\evaa2\\OneDrive\\Escritorio\\EvaluaPro\\evaluaPro\\vendor\\laravel\\framework\\src\\Illuminate\\Pipeline\\Pipeline.php(119): Illuminate\\Pipeline\\Pipeline->Illuminate\\Pipeline\\{closure}(Object(Illuminate\\Http\\Request))
#26 C:\\Users\\evaa2\\OneDrive\\Escritorio\\EvaluaPro\\evaluaPro\\vendor\\laravel\\framework\\src\\Illuminate\\Routing\\Router.php(805): Illuminate\\Pipeline\\Pipeline->then(Object(Closure))
#27 C:\\Users\\evaa2\\OneDrive\\Escritorio\\EvaluaPro\\evaluaPro\\vendor\\laravel\\framework\\src\\Illuminate\\Routing\\Router.php(784): Illuminate\\Routing\\Router->runRouteWithinStack(Object(Illuminate\\Routing\\Route), Object(Illuminate\\Http\\Request))
#28 C:\\Users\\evaa2\\OneDrive\\Escritorio\\EvaluaPro\\evaluaPro\\vendor\\laravel\\framework\\src\\Illuminate\\Routing\\Router.php(748): Illuminate\\Routing\\Router->runRoute(Object(Illuminate\\Http\\Request), Object(Illuminate\\Routing\\Route))
#29 C:\\Users\\evaa2\\OneDrive\\Escritorio\\EvaluaPro\\evaluaPro\\vendor\\laravel\\framework\\src\\Illuminate\\Routing\\Router.php(737): Illuminate\\Routing\\Router->dispatchToRoute(Object(Illuminate\\Http\\Request))
#30 C:\\Users\\evaa2\\OneDrive\\Escritorio\\EvaluaPro\\evaluaPro\\vendor\\laravel\\framework\\src\\Illuminate\\Foundation\\Http\\Kernel.php(200): Illuminate\\Routing\\Router->dispatch(Object(Illuminate\\Http\\Request))
#31 C:\\Users\\evaa2\\OneDrive\\Escritorio\\EvaluaPro\\evaluaPro\\vendor\\laravel\\framework\\src\\Illuminate\\Pipeline\\Pipeline.php(144): Illuminate\\Foundation\\Http\\Kernel->Illuminate\\Foundation\\Http\\{closure}(Object(Illuminate\\Http\\Request))
#32 C:\\Users\\evaa2\\OneDrive\\Escritorio\\EvaluaPro\\evaluaPro\\vendor\\laravel\\framework\\src\\Illuminate\\Foundation\\Http\\Middleware\\TransformsRequest.php(21): Illuminate\\Pipeline\\Pipeline->Illuminate\\Pipeline\\{closure}(Object(Illuminate\\Http\\Request))
#33 C:\\Users\\evaa2\\OneDrive\\Escritorio\\EvaluaPro\\evaluaPro\\vendor\\laravel\\framework\\src\\Illuminate\\Foundation\\Http\\Middleware\\ConvertEmptyStringsToNull.php(31): Illuminate\\Foundation\\Http\\Middleware\\TransformsRequest->handle(Object(Illuminate\\Http\\Request), Object(Closure))
#34 C:\\Users\\evaa2\\OneDrive\\Escritorio\\EvaluaPro\\evaluaPro\\vendor\\laravel\\framework\\src\\Illuminate\\Pipeline\\Pipeline.php(183): Illuminate\\Foundation\\Http\\Middleware\\ConvertEmptyStringsToNull->handle(Object(Illuminate\\Http\\Request), Object(Closure))
#35 C:\\Users\\evaa2\\OneDrive\\Escritorio\\EvaluaPro\\evaluaPro\\vendor\\laravel\\framework\\src\\Illuminate\\Foundation\\Http\\Middleware\\TransformsRequest.php(21): Illuminate\\Pipeline\\Pipeline->Illuminate\\Pipeline\\{closure}(Object(Illuminate\\Http\\Request))
#36 C:\\Users\\evaa2\\OneDrive\\Escritorio\\EvaluaPro\\evaluaPro\\vendor\\laravel\\framework\\src\\Illuminate\\Foundation\\Http\\Middleware\\TrimStrings.php(40): Illuminate\\Foundation\\Http\\Middleware\\TransformsRequest->handle(Object(Illuminate\\Http\\Request), Object(Closure))
#37 C:\\Users\\evaa2\\OneDrive\\Escritorio\\EvaluaPro\\evaluaPro\\vendor\\laravel\\framework\\src\\Illuminate\\Pipeline\\Pipeline.php(183): Illuminate\\Foundation\\Http\\Middleware\\TrimStrings->handle(Object(Illuminate\\Http\\Request), Object(Closure))
#38 C:\\Users\\evaa2\\OneDrive\\Escritorio\\EvaluaPro\\evaluaPro\\vendor\\laravel\\framework\\src\\Illuminate\\Foundation\\Http\\Middleware\\ValidatePostSize.php(27): Illuminate\\Pipeline\\Pipeline->Illuminate\\Pipeline\\{closure}(Object(Illuminate\\Http\\Request))
#39 C:\\Users\\evaa2\\OneDrive\\Escritorio\\EvaluaPro\\evaluaPro\\vendor\\laravel\\framework\\src\\Illuminate\\Pipeline\\Pipeline.php(183): Illuminate\\Foundation\\Http\\Middleware\\ValidatePostSize->handle(Object(Illuminate\\Http\\Request), Object(Closure))
#40 C:\\Users\\evaa2\\OneDrive\\Escritorio\\EvaluaPro\\evaluaPro\\vendor\\laravel\\framework\\src\\Illuminate\\Foundation\\Http\\Middleware\\PreventRequestsDuringMaintenance.php(99): Illuminate\\Pipeline\\Pipeline->Illuminate\\Pipeline\\{closure}(Object(Illuminate\\Http\\Request))
#41 C:\\Users\\evaa2\\OneDrive\\Escritorio\\EvaluaPro\\evaluaPro\\vendor\\laravel\\framework\\src\\Illuminate\\Pipeline\\Pipeline.php(183): Illuminate\\Foundation\\Http\\Middleware\\PreventRequestsDuringMaintenance->handle(Object(Illuminate\\Http\\Request), Object(Closure))
#42 C:\\Users\\evaa2\\OneDrive\\Escritorio\\EvaluaPro\\evaluaPro\\vendor\\laravel\\framework\\src\\Illuminate\\Http\\Middleware\\HandleCors.php(49): Illuminate\\Pipeline\\Pipeline->Illuminate\\Pipeline\\{closure}(Object(Illuminate\\Http\\Request))
#43 C:\\Users\\evaa2\\OneDrive\\Escritorio\\EvaluaPro\\evaluaPro\\vendor\\laravel\\framework\\src\\Illuminate\\Pipeline\\Pipeline.php(183): Illuminate\\Http\\Middleware\\HandleCors->handle(Object(Illuminate\\Http\\Request), Object(Closure))
#44 C:\\Users\\evaa2\\OneDrive\\Escritorio\\EvaluaPro\\evaluaPro\\vendor\\laravel\\framework\\src\\Illuminate\\Http\\Middleware\\TrustProxies.php(39): Illuminate\\Pipeline\\Pipeline->Illuminate\\Pipeline\\{closure}(Object(Illuminate\\Http\\Request))
#45 C:\\Users\\evaa2\\OneDrive\\Escritorio\\EvaluaPro\\evaluaPro\\vendor\\laravel\\framework\\src\\Illuminate\\Pipeline\\Pipeline.php(183): Illuminate\\Http\\Middleware\\TrustProxies->handle(Object(Illuminate\\Http\\Request), Object(Closure))
#46 C:\\Users\\evaa2\\OneDrive\\Escritorio\\EvaluaPro\\evaluaPro\\vendor\\laravel\\framework\\src\\Illuminate\\Pipeline\\Pipeline.php(119): Illuminate\\Pipeline\\Pipeline->Illuminate\\Pipeline\\{closure}(Object(Illuminate\\Http\\Request))
#47 C:\\Users\\evaa2\\OneDrive\\Escritorio\\EvaluaPro\\evaluaPro\\vendor\\laravel\\framework\\src\\Illuminate\\Foundation\\Http\\Kernel.php(175): Illuminate\\Pipeline\\Pipeline->then(Object(Closure))
#48 C:\\Users\\evaa2\\OneDrive\\Escritorio\\EvaluaPro\\evaluaPro\\vendor\\laravel\\framework\\src\\Illuminate\\Foundation\\Http\\Kernel.php(144): Illuminate\\Foundation\\Http\\Kernel->sendRequestThroughRouter(Object(Illuminate\\Http\\Request))
#49 C:\\Users\\evaa2\\OneDrive\\Escritorio\\EvaluaPro\\evaluaPro\\public\\index.php(51): Illuminate\\Foundation\\Http\\Kernel->handle(Object(Illuminate\\Http\\Request))
#50 C:\\Users\\evaa2\\OneDrive\\Escritorio\\EvaluaPro\\evaluaPro\\vendor\\laravel\\framework\\src\\Illuminate\\Foundation\\resources\\server.php(16): require_once('C:\\\\Users\\\\evaa2\\\\...')
#51 {main}
"} 
[2025-08-14 22:22:55] local.ERROR: Attempt to read property "idReticula" on null {"userId":"Damaris","exception":"[object] (ErrorException(code: 0): Attempt to read property \"idReticula\" on null at C:\\Users\\evaa2\\OneDrive\\Escritorio\\EvaluaPro\\evaluaPro\\app\\Http\\Controllers\\UsuarioController.php:92)
[stacktrace]
#0 C:\\Users\\evaa2\\OneDrive\\Escritorio\\EvaluaPro\\evaluaPro\\vendor\\laravel\\framework\\src\\Illuminate\\Foundation\\Bootstrap\\HandleExceptions.php(255): Illuminate\\Foundation\\Bootstrap\\HandleExceptions->handleError(2, 'Attempt to read...', 'C:\\\\Users\\\\evaa2\\\\...', 92)
#1 C:\\Users\\evaa2\\OneDrive\\Escritorio\\EvaluaPro\\evaluaPro\\app\\Http\\Controllers\\UsuarioController.php(92): Illuminate\\Foundation\\Bootstrap\\HandleExceptions->Illuminate\\Foundation\\Bootstrap\\{closure}(2, 'Attempt to read...', 'C:\\\\Users\\\\evaa2\\\\...', 92)
#2 C:\\Users\\evaa2\\OneDrive\\Escritorio\\EvaluaPro\\evaluaPro\\vendor\\laravel\\framework\\src\\Illuminate\\Routing\\Controller.php(54): App\\Http\\Controllers\\UsuarioController->index()
#3 C:\\Users\\evaa2\\OneDrive\\Escritorio\\EvaluaPro\\evaluaPro\\vendor\\laravel\\framework\\src\\Illuminate\\Routing\\ControllerDispatcher.php(43): Illuminate\\Routing\\Controller->callAction('index', Array)
#4 C:\\Users\\evaa2\\OneDrive\\Escritorio\\EvaluaPro\\evaluaPro\\vendor\\laravel\\framework\\src\\Illuminate\\Routing\\Route.php(259): Illuminate\\Routing\\ControllerDispatcher->dispatch(Object(Illuminate\\Routing\\Route), Object(App\\Http\\Controllers\\UsuarioController), 'index')
#5 C:\\Users\\evaa2\\OneDrive\\Escritorio\\EvaluaPro\\evaluaPro\\vendor\\laravel\\framework\\src\\Illuminate\\Routing\\Route.php(205): Illuminate\\Routing\\Route->runController()
#6 C:\\Users\\evaa2\\OneDrive\\Escritorio\\EvaluaPro\\evaluaPro\\vendor\\laravel\\framework\\src\\Illuminate\\Routing\\Router.php(806): Illuminate\\Routing\\Route->run()
#7 C:\\Users\\evaa2\\OneDrive\\Escritorio\\EvaluaPro\\evaluaPro\\vendor\\laravel\\framework\\src\\Illuminate\\Pipeline\\Pipeline.php(144): Illuminate\\Routing\\Router->Illuminate\\Routing\\{closure}(Object(Illuminate\\Http\\Request))
#8 C:\\Users\\evaa2\\OneDrive\\Escritorio\\EvaluaPro\\evaluaPro\\app\\Http\\Middleware\\RolMiddleware.php(21): Illuminate\\Pipeline\\Pipeline->Illuminate\\Pipeline\\{closure}(Object(Illuminate\\Http\\Request))
#9 C:\\Users\\evaa2\\OneDrive\\Escritorio\\EvaluaPro\\evaluaPro\\vendor\\laravel\\framework\\src\\Illuminate\\Pipeline\\Pipeline.php(183): App\\Http\\Middleware\\RolMiddleware->handle(Object(Illuminate\\Http\\Request), Object(Closure), 'admin', 'capacitador', 'usuario')
#10 C:\\Users\\evaa2\\OneDrive\\Escritorio\\EvaluaPro\\evaluaPro\\vendor\\laravel\\framework\\src\\Illuminate\\Routing\\Middleware\\SubstituteBindings.php(50): Illuminate\\Pipeline\\Pipeline->Illuminate\\Pipeline\\{closure}(Object(Illuminate\\Http\\Request))
#11 C:\\Users\\evaa2\\OneDrive\\Escritorio\\EvaluaPro\\evaluaPro\\vendor\\laravel\\framework\\src\\Illuminate\\Pipeline\\Pipeline.php(183): Illuminate\\Routing\\Middleware\\SubstituteBindings->handle(Object(Illuminate\\Http\\Request), Object(Closure))
#12 C:\\Users\\evaa2\\OneDrive\\Escritorio\\EvaluaPro\\evaluaPro\\vendor\\laravel\\framework\\src\\Illuminate\\Auth\\Middleware\\Authenticate.php(57): Illuminate\\Pipeline\\Pipeline->Illuminate\\Pipeline\\{closure}(Object(Illuminate\\Http\\Request))
#13 C:\\Users\\evaa2\\OneDrive\\Escritorio\\EvaluaPro\\evaluaPro\\vendor\\laravel\\framework\\src\\Illuminate\\Pipeline\\Pipeline.php(183): Illuminate\\Auth\\Middleware\\Authenticate->handle(Object(Illuminate\\Http\\Request), Object(Closure))
#14 C:\\Users\\evaa2\\OneDrive\\Escritorio\\EvaluaPro\\evaluaPro\\vendor\\laravel\\framework\\src\\Illuminate\\Foundation\\Http\\Middleware\\VerifyCsrfToken.php(78): Illuminate\\Pipeline\\Pipeline->Illuminate\\Pipeline\\{closure}(Object(Illuminate\\Http\\Request))
#15 C:\\Users\\evaa2\\OneDrive\\Escritorio\\EvaluaPro\\evaluaPro\\vendor\\laravel\\framework\\src\\Illuminate\\Pipeline\\Pipeline.php(183): Illuminate\\Foundation\\Http\\Middleware\\VerifyCsrfToken->handle(Object(Illuminate\\Http\\Request), Object(Closure))
#16 C:\\Users\\evaa2\\OneDrive\\Escritorio\\EvaluaPro\\evaluaPro\\vendor\\laravel\\framework\\src\\Illuminate\\View\\Middleware\\ShareErrorsFromSession.php(49): Illuminate\\Pipeline\\Pipeline->Illuminate\\Pipeline\\{closure}(Object(Illuminate\\Http\\Request))
#17 C:\\Users\\evaa2\\OneDrive\\Escritorio\\EvaluaPro\\evaluaPro\\vendor\\laravel\\framework\\src\\Illuminate\\Pipeline\\Pipeline.php(183): Illuminate\\View\\Middleware\\ShareErrorsFromSession->handle(Object(Illuminate\\Http\\Request), Object(Closure))
#18 C:\\Users\\evaa2\\OneDrive\\Escritorio\\EvaluaPro\\evaluaPro\\vendor\\laravel\\framework\\src\\Illuminate\\Session\\Middleware\\StartSession.php(121): Illuminate\\Pipeline\\Pipeline->Illuminate\\Pipeline\\{closure}(Object(Illuminate\\Http\\Request))
#19 C:\\Users\\evaa2\\OneDrive\\Escritorio\\EvaluaPro\\evaluaPro\\vendor\\laravel\\framework\\src\\Illuminate\\Session\\Middleware\\StartSession.php(64): Illuminate\\Session\\Middleware\\StartSession->handleStatefulRequest(Object(Illuminate\\Http\\Request), Object(Illuminate\\Session\\Store), Object(Closure))
#20 C:\\Users\\evaa2\\OneDrive\\Escritorio\\EvaluaPro\\evaluaPro\\vendor\\laravel\\framework\\src\\Illuminate\\Pipeline\\Pipeline.php(183): Illuminate\\Session\\Middleware\\StartSession->handle(Object(Illuminate\\Http\\Request), Object(Closure))
#21 C:\\Users\\evaa2\\OneDrive\\Escritorio\\EvaluaPro\\evaluaPro\\vendor\\laravel\\framework\\src\\Illuminate\\Cookie\\Middleware\\AddQueuedCookiesToResponse.php(37): Illuminate\\Pipeline\\Pipeline->Illuminate\\Pipeline\\{closure}(Object(Illuminate\\Http\\Request))
#22 C:\\Users\\evaa2\\OneDrive\\Escritorio\\EvaluaPro\\evaluaPro\\vendor\\laravel\\framework\\src\\Illuminate\\Pipeline\\Pipeline.php(183): Illuminate\\Cookie\\Middleware\\AddQueuedCookiesToResponse->handle(Object(Illuminate\\Http\\Request), Object(Closure))
#23 C:\\Users\\evaa2\\OneDrive\\Escritorio\\EvaluaPro\\evaluaPro\\vendor\\laravel\\framework\\src\\Illuminate\\Cookie\\Middleware\\EncryptCookies.php(67): Illuminate\\Pipeline\\Pipeline->Illuminate\\Pipeline\\{closure}(Object(Illuminate\\Http\\Request))
#24 C:\\Users\\evaa2\\OneDrive\\Escritorio\\EvaluaPro\\evaluaPro\\vendor\\laravel\\framework\\src\\Illuminate\\Pipeline\\Pipeline.php(183): Illuminate\\Cookie\\Middleware\\EncryptCookies->handle(Object(Illuminate\\Http\\Request), Object(Closure))
#25 C:\\Users\\evaa2\\OneDrive\\Escritorio\\EvaluaPro\\evaluaPro\\vendor\\laravel\\framework\\src\\Illuminate\\Pipeline\\Pipeline.php(119): Illuminate\\Pipeline\\Pipeline->Illuminate\\Pipeline\\{closure}(Object(Illuminate\\Http\\Request))
#26 C:\\Users\\evaa2\\OneDrive\\Escritorio\\EvaluaPro\\evaluaPro\\vendor\\laravel\\framework\\src\\Illuminate\\Routing\\Router.php(805): Illuminate\\Pipeline\\Pipeline->then(Object(Closure))
#27 C:\\Users\\evaa2\\OneDrive\\Escritorio\\EvaluaPro\\evaluaPro\\vendor\\laravel\\framework\\src\\Illuminate\\Routing\\Router.php(784): Illuminate\\Routing\\Router->runRouteWithinStack(Object(Illuminate\\Routing\\Route), Object(Illuminate\\Http\\Request))
#28 C:\\Users\\evaa2\\OneDrive\\Escritorio\\EvaluaPro\\evaluaPro\\vendor\\laravel\\framework\\src\\Illuminate\\Routing\\Router.php(748): Illuminate\\Routing\\Router->runRoute(Object(Illuminate\\Http\\Request), Object(Illuminate\\Routing\\Route))
#29 C:\\Users\\evaa2\\OneDrive\\Escritorio\\EvaluaPro\\evaluaPro\\vendor\\laravel\\framework\\src\\Illuminate\\Routing\\Router.php(737): Illuminate\\Routing\\Router->dispatchToRoute(Object(Illuminate\\Http\\Request))
#30 C:\\Users\\evaa2\\OneDrive\\Escritorio\\EvaluaPro\\evaluaPro\\vendor\\laravel\\framework\\src\\Illuminate\\Foundation\\Http\\Kernel.php(200): Illuminate\\Routing\\Router->dispatch(Object(Illuminate\\Http\\Request))
#31 C:\\Users\\evaa2\\OneDrive\\Escritorio\\EvaluaPro\\evaluaPro\\vendor\\laravel\\framework\\src\\Illuminate\\Pipeline\\Pipeline.php(144): Illuminate\\Foundation\\Http\\Kernel->Illuminate\\Foundation\\Http\\{closure}(Object(Illuminate\\Http\\Request))
#32 C:\\Users\\evaa2\\OneDrive\\Escritorio\\EvaluaPro\\evaluaPro\\vendor\\laravel\\framework\\src\\Illuminate\\Foundation\\Http\\Middleware\\TransformsRequest.php(21): Illuminate\\Pipeline\\Pipeline->Illuminate\\Pipeline\\{closure}(Object(Illuminate\\Http\\Request))
#33 C:\\Users\\evaa2\\OneDrive\\Escritorio\\EvaluaPro\\evaluaPro\\vendor\\laravel\\framework\\src\\Illuminate\\Foundation\\Http\\Middleware\\ConvertEmptyStringsToNull.php(31): Illuminate\\Foundation\\Http\\Middleware\\TransformsRequest->handle(Object(Illuminate\\Http\\Request), Object(Closure))
#34 C:\\Users\\evaa2\\OneDrive\\Escritorio\\EvaluaPro\\evaluaPro\\vendor\\laravel\\framework\\src\\Illuminate\\Pipeline\\Pipeline.php(183): Illuminate\\Foundation\\Http\\Middleware\\ConvertEmptyStringsToNull->handle(Object(Illuminate\\Http\\Request), Object(Closure))
#35 C:\\Users\\evaa2\\OneDrive\\Escritorio\\EvaluaPro\\evaluaPro\\vendor\\laravel\\framework\\src\\Illuminate\\Foundation\\Http\\Middleware\\TransformsRequest.php(21): Illuminate\\Pipeline\\Pipeline->Illuminate\\Pipeline\\{closure}(Object(Illuminate\\Http\\Request))
#36 C:\\Users\\evaa2\\OneDrive\\Escritorio\\EvaluaPro\\evaluaPro\\vendor\\laravel\\framework\\src\\Illuminate\\Foundation\\Http\\Middleware\\TrimStrings.php(40): Illuminate\\Foundation\\Http\\Middleware\\TransformsRequest->handle(Object(Illuminate\\Http\\Request), Object(Closure))
#37 C:\\Users\\evaa2\\OneDrive\\Escritorio\\EvaluaPro\\evaluaPro\\vendor\\laravel\\framework\\src\\Illuminate\\Pipeline\\Pipeline.php(183): Illuminate\\Foundation\\Http\\Middleware\\TrimStrings->handle(Object(Illuminate\\Http\\Request), Object(Closure))
#38 C:\\Users\\evaa2\\OneDrive\\Escritorio\\EvaluaPro\\evaluaPro\\vendor\\laravel\\framework\\src\\Illuminate\\Foundation\\Http\\Middleware\\ValidatePostSize.php(27): Illuminate\\Pipeline\\Pipeline->Illuminate\\Pipeline\\{closure}(Object(Illuminate\\Http\\Request))
#39 C:\\Users\\evaa2\\OneDrive\\Escritorio\\EvaluaPro\\evaluaPro\\vendor\\laravel\\framework\\src\\Illuminate\\Pipeline\\Pipeline.php(183): Illuminate\\Foundation\\Http\\Middleware\\ValidatePostSize->handle(Object(Illuminate\\Http\\Request), Object(Closure))
#40 C:\\Users\\evaa2\\OneDrive\\Escritorio\\EvaluaPro\\evaluaPro\\vendor\\laravel\\framework\\src\\Illuminate\\Foundation\\Http\\Middleware\\PreventRequestsDuringMaintenance.php(99): Illuminate\\Pipeline\\Pipeline->Illuminate\\Pipeline\\{closure}(Object(Illuminate\\Http\\Request))
#41 C:\\Users\\evaa2\\OneDrive\\Escritorio\\EvaluaPro\\evaluaPro\\vendor\\laravel\\framework\\src\\Illuminate\\Pipeline\\Pipeline.php(183): Illuminate\\Foundation\\Http\\Middleware\\PreventRequestsDuringMaintenance->handle(Object(Illuminate\\Http\\Request), Object(Closure))
#42 C:\\Users\\evaa2\\OneDrive\\Escritorio\\EvaluaPro\\evaluaPro\\vendor\\laravel\\framework\\src\\Illuminate\\Http\\Middleware\\HandleCors.php(49): Illuminate\\Pipeline\\Pipeline->Illuminate\\Pipeline\\{closure}(Object(Illuminate\\Http\\Request))
#43 C:\\Users\\evaa2\\OneDrive\\Escritorio\\EvaluaPro\\evaluaPro\\vendor\\laravel\\framework\\src\\Illuminate\\Pipeline\\Pipeline.php(183): Illuminate\\Http\\Middleware\\HandleCors->handle(Object(Illuminate\\Http\\Request), Object(Closure))
#44 C:\\Users\\evaa2\\OneDrive\\Escritorio\\EvaluaPro\\evaluaPro\\vendor\\laravel\\framework\\src\\Illuminate\\Http\\Middleware\\TrustProxies.php(39): Illuminate\\Pipeline\\Pipeline->Illuminate\\Pipeline\\{closure}(Object(Illuminate\\Http\\Request))
#45 C:\\Users\\evaa2\\OneDrive\\Escritorio\\EvaluaPro\\evaluaPro\\vendor\\laravel\\framework\\src\\Illuminate\\Pipeline\\Pipeline.php(183): Illuminate\\Http\\Middleware\\TrustProxies->handle(Object(Illuminate\\Http\\Request), Object(Closure))
#46 C:\\Users\\evaa2\\OneDrive\\Escritorio\\EvaluaPro\\evaluaPro\\vendor\\laravel\\framework\\src\\Illuminate\\Pipeline\\Pipeline.php(119): Illuminate\\Pipeline\\Pipeline->Illuminate\\Pipeline\\{closure}(Object(Illuminate\\Http\\Request))
#47 C:\\Users\\evaa2\\OneDrive\\Escritorio\\EvaluaPro\\evaluaPro\\vendor\\laravel\\framework\\src\\Illuminate\\Foundation\\Http\\Kernel.php(175): Illuminate\\Pipeline\\Pipeline->then(Object(Closure))
#48 C:\\Users\\evaa2\\OneDrive\\Escritorio\\EvaluaPro\\evaluaPro\\vendor\\laravel\\framework\\src\\Illuminate\\Foundation\\Http\\Kernel.php(144): Illuminate\\Foundation\\Http\\Kernel->sendRequestThroughRouter(Object(Illuminate\\Http\\Request))
#49 C:\\Users\\evaa2\\OneDrive\\Escritorio\\EvaluaPro\\evaluaPro\\public\\index.php(51): Illuminate\\Foundation\\Http\\Kernel->handle(Object(Illuminate\\Http\\Request))
#50 C:\\Users\\evaa2\\OneDrive\\Escritorio\\EvaluaPro\\evaluaPro\\vendor\\laravel\\framework\\src\\Illuminate\\Foundation\\resources\\server.php(16): require_once('C:\\\\Users\\\\evaa2\\\\...')
#51 {main}
"} 
[2025-08-14 22:46:25] local.ERROR: Attempt to read property "idReticula" on null {"userId":"Damaris","exception":"[object] (ErrorException(code: 0): Attempt to read property \"idReticula\" on null at C:\\Users\\evaa2\\OneDrive\\Escritorio\\EvaluaPro\\evaluaPro\\app\\Http\\Controllers\\UsuarioController.php:92)
[stacktrace]
#0 C:\\Users\\evaa2\\OneDrive\\Escritorio\\EvaluaPro\\evaluaPro\\vendor\\laravel\\framework\\src\\Illuminate\\Foundation\\Bootstrap\\HandleExceptions.php(255): Illuminate\\Foundation\\Bootstrap\\HandleExceptions->handleError(2, 'Attempt to read...', 'C:\\\\Users\\\\evaa2\\\\...', 92)
#1 C:\\Users\\evaa2\\OneDrive\\Escritorio\\EvaluaPro\\evaluaPro\\app\\Http\\Controllers\\UsuarioController.php(92): Illuminate\\Foundation\\Bootstrap\\HandleExceptions->Illuminate\\Foundation\\Bootstrap\\{closure}(2, 'Attempt to read...', 'C:\\\\Users\\\\evaa2\\\\...', 92)
#2 C:\\Users\\evaa2\\OneDrive\\Escritorio\\EvaluaPro\\evaluaPro\\vendor\\laravel\\framework\\src\\Illuminate\\Routing\\Controller.php(54): App\\Http\\Controllers\\UsuarioController->index()
#3 C:\\Users\\evaa2\\OneDrive\\Escritorio\\EvaluaPro\\evaluaPro\\vendor\\laravel\\framework\\src\\Illuminate\\Routing\\ControllerDispatcher.php(43): Illuminate\\Routing\\Controller->callAction('index', Array)
#4 C:\\Users\\evaa2\\OneDrive\\Escritorio\\EvaluaPro\\evaluaPro\\vendor\\laravel\\framework\\src\\Illuminate\\Routing\\Route.php(259): Illuminate\\Routing\\ControllerDispatcher->dispatch(Object(Illuminate\\Routing\\Route), Object(App\\Http\\Controllers\\UsuarioController), 'index')
#5 C:\\Users\\evaa2\\OneDrive\\Escritorio\\EvaluaPro\\evaluaPro\\vendor\\laravel\\framework\\src\\Illuminate\\Routing\\Route.php(205): Illuminate\\Routing\\Route->runController()
#6 C:\\Users\\evaa2\\OneDrive\\Escritorio\\EvaluaPro\\evaluaPro\\vendor\\laravel\\framework\\src\\Illuminate\\Routing\\Router.php(806): Illuminate\\Routing\\Route->run()
#7 C:\\Users\\evaa2\\OneDrive\\Escritorio\\EvaluaPro\\evaluaPro\\vendor\\laravel\\framework\\src\\Illuminate\\Pipeline\\Pipeline.php(144): Illuminate\\Routing\\Router->Illuminate\\Routing\\{closure}(Object(Illuminate\\Http\\Request))
#8 C:\\Users\\evaa2\\OneDrive\\Escritorio\\EvaluaPro\\evaluaPro\\app\\Http\\Middleware\\RolMiddleware.php(21): Illuminate\\Pipeline\\Pipeline->Illuminate\\Pipeline\\{closure}(Object(Illuminate\\Http\\Request))
#9 C:\\Users\\evaa2\\OneDrive\\Escritorio\\EvaluaPro\\evaluaPro\\vendor\\laravel\\framework\\src\\Illuminate\\Pipeline\\Pipeline.php(183): App\\Http\\Middleware\\RolMiddleware->handle(Object(Illuminate\\Http\\Request), Object(Closure), 'admin', 'capacitador', 'usuario')
#10 C:\\Users\\evaa2\\OneDrive\\Escritorio\\EvaluaPro\\evaluaPro\\vendor\\laravel\\framework\\src\\Illuminate\\Routing\\Middleware\\SubstituteBindings.php(50): Illuminate\\Pipeline\\Pipeline->Illuminate\\Pipeline\\{closure}(Object(Illuminate\\Http\\Request))
#11 C:\\Users\\evaa2\\OneDrive\\Escritorio\\EvaluaPro\\evaluaPro\\vendor\\laravel\\framework\\src\\Illuminate\\Pipeline\\Pipeline.php(183): Illuminate\\Routing\\Middleware\\SubstituteBindings->handle(Object(Illuminate\\Http\\Request), Object(Closure))
#12 C:\\Users\\evaa2\\OneDrive\\Escritorio\\EvaluaPro\\evaluaPro\\vendor\\laravel\\framework\\src\\Illuminate\\Auth\\Middleware\\Authenticate.php(57): Illuminate\\Pipeline\\Pipeline->Illuminate\\Pipeline\\{closure}(Object(Illuminate\\Http\\Request))
#13 C:\\Users\\evaa2\\OneDrive\\Escritorio\\EvaluaPro\\evaluaPro\\vendor\\laravel\\framework\\src\\Illuminate\\Pipeline\\Pipeline.php(183): Illuminate\\Auth\\Middleware\\Authenticate->handle(Object(Illuminate\\Http\\Request), Object(Closure))
#14 C:\\Users\\evaa2\\OneDrive\\Escritorio\\EvaluaPro\\evaluaPro\\vendor\\laravel\\framework\\src\\Illuminate\\Foundation\\Http\\Middleware\\VerifyCsrfToken.php(78): Illuminate\\Pipeline\\Pipeline->Illuminate\\Pipeline\\{closure}(Object(Illuminate\\Http\\Request))
#15 C:\\Users\\evaa2\\OneDrive\\Escritorio\\EvaluaPro\\evaluaPro\\vendor\\laravel\\framework\\src\\Illuminate\\Pipeline\\Pipeline.php(183): Illuminate\\Foundation\\Http\\Middleware\\VerifyCsrfToken->handle(Object(Illuminate\\Http\\Request), Object(Closure))
#16 C:\\Users\\evaa2\\OneDrive\\Escritorio\\EvaluaPro\\evaluaPro\\vendor\\laravel\\framework\\src\\Illuminate\\View\\Middleware\\ShareErrorsFromSession.php(49): Illuminate\\Pipeline\\Pipeline->Illuminate\\Pipeline\\{closure}(Object(Illuminate\\Http\\Request))
#17 C:\\Users\\evaa2\\OneDrive\\Escritorio\\EvaluaPro\\evaluaPro\\vendor\\laravel\\framework\\src\\Illuminate\\Pipeline\\Pipeline.php(183): Illuminate\\View\\Middleware\\ShareErrorsFromSession->handle(Object(Illuminate\\Http\\Request), Object(Closure))
#18 C:\\Users\\evaa2\\OneDrive\\Escritorio\\EvaluaPro\\evaluaPro\\vendor\\laravel\\framework\\src\\Illuminate\\Session\\Middleware\\StartSession.php(121): Illuminate\\Pipeline\\Pipeline->Illuminate\\Pipeline\\{closure}(Object(Illuminate\\Http\\Request))
#19 C:\\Users\\evaa2\\OneDrive\\Escritorio\\EvaluaPro\\evaluaPro\\vendor\\laravel\\framework\\src\\Illuminate\\Session\\Middleware\\StartSession.php(64): Illuminate\\Session\\Middleware\\StartSession->handleStatefulRequest(Object(Illuminate\\Http\\Request), Object(Illuminate\\Session\\Store), Object(Closure))
#20 C:\\Users\\evaa2\\OneDrive\\Escritorio\\EvaluaPro\\evaluaPro\\vendor\\laravel\\framework\\src\\Illuminate\\Pipeline\\Pipeline.php(183): Illuminate\\Session\\Middleware\\StartSession->handle(Object(Illuminate\\Http\\Request), Object(Closure))
#21 C:\\Users\\evaa2\\OneDrive\\Escritorio\\EvaluaPro\\evaluaPro\\vendor\\laravel\\framework\\src\\Illuminate\\Cookie\\Middleware\\AddQueuedCookiesToResponse.php(37): Illuminate\\Pipeline\\Pipeline->Illuminate\\Pipeline\\{closure}(Object(Illuminate\\Http\\Request))
#22 C:\\Users\\evaa2\\OneDrive\\Escritorio\\EvaluaPro\\evaluaPro\\vendor\\laravel\\framework\\src\\Illuminate\\Pipeline\\Pipeline.php(183): Illuminate\\Cookie\\Middleware\\AddQueuedCookiesToResponse->handle(Object(Illuminate\\Http\\Request), Object(Closure))
#23 C:\\Users\\evaa2\\OneDrive\\Escritorio\\EvaluaPro\\evaluaPro\\vendor\\laravel\\framework\\src\\Illuminate\\Cookie\\Middleware\\EncryptCookies.php(67): Illuminate\\Pipeline\\Pipeline->Illuminate\\Pipeline\\{closure}(Object(Illuminate\\Http\\Request))
#24 C:\\Users\\evaa2\\OneDrive\\Escritorio\\EvaluaPro\\evaluaPro\\vendor\\laravel\\framework\\src\\Illuminate\\Pipeline\\Pipeline.php(183): Illuminate\\Cookie\\Middleware\\EncryptCookies->handle(Object(Illuminate\\Http\\Request), Object(Closure))
#25 C:\\Users\\evaa2\\OneDrive\\Escritorio\\EvaluaPro\\evaluaPro\\vendor\\laravel\\framework\\src\\Illuminate\\Pipeline\\Pipeline.php(119): Illuminate\\Pipeline\\Pipeline->Illuminate\\Pipeline\\{closure}(Object(Illuminate\\Http\\Request))
#26 C:\\Users\\evaa2\\OneDrive\\Escritorio\\EvaluaPro\\evaluaPro\\vendor\\laravel\\framework\\src\\Illuminate\\Routing\\Router.php(805): Illuminate\\Pipeline\\Pipeline->then(Object(Closure))
#27 C:\\Users\\evaa2\\OneDrive\\Escritorio\\EvaluaPro\\evaluaPro\\vendor\\laravel\\framework\\src\\Illuminate\\Routing\\Router.php(784): Illuminate\\Routing\\Router->runRouteWithinStack(Object(Illuminate\\Routing\\Route), Object(Illuminate\\Http\\Request))
#28 C:\\Users\\evaa2\\OneDrive\\Escritorio\\EvaluaPro\\evaluaPro\\vendor\\laravel\\framework\\src\\Illuminate\\Routing\\Router.php(748): Illuminate\\Routing\\Router->runRoute(Object(Illuminate\\Http\\Request), Object(Illuminate\\Routing\\Route))
#29 C:\\Users\\evaa2\\OneDrive\\Escritorio\\EvaluaPro\\evaluaPro\\vendor\\laravel\\framework\\src\\Illuminate\\Routing\\Router.php(737): Illuminate\\Routing\\Router->dispatchToRoute(Object(Illuminate\\Http\\Request))
#30 C:\\Users\\evaa2\\OneDrive\\Escritorio\\EvaluaPro\\evaluaPro\\vendor\\laravel\\framework\\src\\Illuminate\\Foundation\\Http\\Kernel.php(200): Illuminate\\Routing\\Router->dispatch(Object(Illuminate\\Http\\Request))
#31 C:\\Users\\evaa2\\OneDrive\\Escritorio\\EvaluaPro\\evaluaPro\\vendor\\laravel\\framework\\src\\Illuminate\\Pipeline\\Pipeline.php(144): Illuminate\\Foundation\\Http\\Kernel->Illuminate\\Foundation\\Http\\{closure}(Object(Illuminate\\Http\\Request))
#32 C:\\Users\\evaa2\\OneDrive\\Escritorio\\EvaluaPro\\evaluaPro\\vendor\\laravel\\framework\\src\\Illuminate\\Foundation\\Http\\Middleware\\TransformsRequest.php(21): Illuminate\\Pipeline\\Pipeline->Illuminate\\Pipeline\\{closure}(Object(Illuminate\\Http\\Request))
#33 C:\\Users\\evaa2\\OneDrive\\Escritorio\\EvaluaPro\\evaluaPro\\vendor\\laravel\\framework\\src\\Illuminate\\Foundation\\Http\\Middleware\\ConvertEmptyStringsToNull.php(31): Illuminate\\Foundation\\Http\\Middleware\\TransformsRequest->handle(Object(Illuminate\\Http\\Request), Object(Closure))
#34 C:\\Users\\evaa2\\OneDrive\\Escritorio\\EvaluaPro\\evaluaPro\\vendor\\laravel\\framework\\src\\Illuminate\\Pipeline\\Pipeline.php(183): Illuminate\\Foundation\\Http\\Middleware\\ConvertEmptyStringsToNull->handle(Object(Illuminate\\Http\\Request), Object(Closure))
#35 C:\\Users\\evaa2\\OneDrive\\Escritorio\\EvaluaPro\\evaluaPro\\vendor\\laravel\\framework\\src\\Illuminate\\Foundation\\Http\\Middleware\\TransformsRequest.php(21): Illuminate\\Pipeline\\Pipeline->Illuminate\\Pipeline\\{closure}(Object(Illuminate\\Http\\Request))
#36 C:\\Users\\evaa2\\OneDrive\\Escritorio\\EvaluaPro\\evaluaPro\\vendor\\laravel\\framework\\src\\Illuminate\\Foundation\\Http\\Middleware\\TrimStrings.php(40): Illuminate\\Foundation\\Http\\Middleware\\TransformsRequest->handle(Object(Illuminate\\Http\\Request), Object(Closure))
#37 C:\\Users\\evaa2\\OneDrive\\Escritorio\\EvaluaPro\\evaluaPro\\vendor\\laravel\\framework\\src\\Illuminate\\Pipeline\\Pipeline.php(183): Illuminate\\Foundation\\Http\\Middleware\\TrimStrings->handle(Object(Illuminate\\Http\\Request), Object(Closure))
#38 C:\\Users\\evaa2\\OneDrive\\Escritorio\\EvaluaPro\\evaluaPro\\vendor\\laravel\\framework\\src\\Illuminate\\Foundation\\Http\\Middleware\\ValidatePostSize.php(27): Illuminate\\Pipeline\\Pipeline->Illuminate\\Pipeline\\{closure}(Object(Illuminate\\Http\\Request))
#39 C:\\Users\\evaa2\\OneDrive\\Escritorio\\EvaluaPro\\evaluaPro\\vendor\\laravel\\framework\\src\\Illuminate\\Pipeline\\Pipeline.php(183): Illuminate\\Foundation\\Http\\Middleware\\ValidatePostSize->handle(Object(Illuminate\\Http\\Request), Object(Closure))
#40 C:\\Users\\evaa2\\OneDrive\\Escritorio\\EvaluaPro\\evaluaPro\\vendor\\laravel\\framework\\src\\Illuminate\\Foundation\\Http\\Middleware\\PreventRequestsDuringMaintenance.php(99): Illuminate\\Pipeline\\Pipeline->Illuminate\\Pipeline\\{closure}(Object(Illuminate\\Http\\Request))
#41 C:\\Users\\evaa2\\OneDrive\\Escritorio\\EvaluaPro\\evaluaPro\\vendor\\laravel\\framework\\src\\Illuminate\\Pipeline\\Pipeline.php(183): Illuminate\\Foundation\\Http\\Middleware\\PreventRequestsDuringMaintenance->handle(Object(Illuminate\\Http\\Request), Object(Closure))
#42 C:\\Users\\evaa2\\OneDrive\\Escritorio\\EvaluaPro\\evaluaPro\\vendor\\laravel\\framework\\src\\Illuminate\\Http\\Middleware\\HandleCors.php(49): Illuminate\\Pipeline\\Pipeline->Illuminate\\Pipeline\\{closure}(Object(Illuminate\\Http\\Request))
#43 C:\\Users\\evaa2\\OneDrive\\Escritorio\\EvaluaPro\\evaluaPro\\vendor\\laravel\\framework\\src\\Illuminate\\Pipeline\\Pipeline.php(183): Illuminate\\Http\\Middleware\\HandleCors->handle(Object(Illuminate\\Http\\Request), Object(Closure))
#44 C:\\Users\\evaa2\\OneDrive\\Escritorio\\EvaluaPro\\evaluaPro\\vendor\\laravel\\framework\\src\\Illuminate\\Http\\Middleware\\TrustProxies.php(39): Illuminate\\Pipeline\\Pipeline->Illuminate\\Pipeline\\{closure}(Object(Illuminate\\Http\\Request))
#45 C:\\Users\\evaa2\\OneDrive\\Escritorio\\EvaluaPro\\evaluaPro\\vendor\\laravel\\framework\\src\\Illuminate\\Pipeline\\Pipeline.php(183): Illuminate\\Http\\Middleware\\TrustProxies->handle(Object(Illuminate\\Http\\Request), Object(Closure))
#46 C:\\Users\\evaa2\\OneDrive\\Escritorio\\EvaluaPro\\evaluaPro\\vendor\\laravel\\framework\\src\\Illuminate\\Pipeline\\Pipeline.php(119): Illuminate\\Pipeline\\Pipeline->Illuminate\\Pipeline\\{closure}(Object(Illuminate\\Http\\Request))
#47 C:\\Users\\evaa2\\OneDrive\\Escritorio\\EvaluaPro\\evaluaPro\\vendor\\laravel\\framework\\src\\Illuminate\\Foundation\\Http\\Kernel.php(175): Illuminate\\Pipeline\\Pipeline->then(Object(Closure))
#48 C:\\Users\\evaa2\\OneDrive\\Escritorio\\EvaluaPro\\evaluaPro\\vendor\\laravel\\framework\\src\\Illuminate\\Foundation\\Http\\Kernel.php(144): Illuminate\\Foundation\\Http\\Kernel->sendRequestThroughRouter(Object(Illuminate\\Http\\Request))
#49 C:\\Users\\evaa2\\OneDrive\\Escritorio\\EvaluaPro\\evaluaPro\\public\\index.php(51): Illuminate\\Foundation\\Http\\Kernel->handle(Object(Illuminate\\Http\\Request))
#50 C:\\Users\\evaa2\\OneDrive\\Escritorio\\EvaluaPro\\evaluaPro\\vendor\\laravel\\framework\\src\\Illuminate\\Foundation\\resources\\server.php(16): require_once('C:\\\\Users\\\\evaa2\\\\...')
#51 {main}
"} 
[2025-08-15 00:21:08] local.ERROR: Attempt to read property "examenes" on null {"userId":"Damaris","exception":"[object] (ErrorException(code: 0): Attempt to read property \"examenes\" on null at C:\\Users\\evaa2\\OneDrive\\Escritorio\\EvaluaPro\\evaluaPro\\app\\Http\\Controllers\\UsuarioController.php:35)
[stacktrace]
#0 C:\\Users\\evaa2\\OneDrive\\Escritorio\\EvaluaPro\\evaluaPro\\vendor\\laravel\\framework\\src\\Illuminate\\Foundation\\Bootstrap\\HandleExceptions.php(255): Illuminate\\Foundation\\Bootstrap\\HandleExceptions->handleError(2, 'Attempt to read...', 'C:\\\\Users\\\\evaa2\\\\...', 35)
#1 C:\\Users\\evaa2\\OneDrive\\Escritorio\\EvaluaPro\\evaluaPro\\app\\Http\\Controllers\\UsuarioController.php(35): Illuminate\\Foundation\\Bootstrap\\HandleExceptions->Illuminate\\Foundation\\Bootstrap\\{closure}(2, 'Attempt to read...', 'C:\\\\Users\\\\evaa2\\\\...', 35)
#2 C:\\Users\\evaa2\\OneDrive\\Escritorio\\EvaluaPro\\evaluaPro\\app\\Http\\Controllers\\UsuarioController.php(120): App\\Http\\Controllers\\UsuarioController->getReticulaData(Object(App\\Models\\Usuario))
#3 C:\\Users\\evaa2\\OneDrive\\Escritorio\\EvaluaPro\\evaluaPro\\vendor\\laravel\\framework\\src\\Illuminate\\Routing\\Controller.php(54): App\\Http\\Controllers\\UsuarioController->reticula()
#4 C:\\Users\\evaa2\\OneDrive\\Escritorio\\EvaluaPro\\evaluaPro\\vendor\\laravel\\framework\\src\\Illuminate\\Routing\\ControllerDispatcher.php(43): Illuminate\\Routing\\Controller->callAction('reticula', Array)
#5 C:\\Users\\evaa2\\OneDrive\\Escritorio\\EvaluaPro\\evaluaPro\\vendor\\laravel\\framework\\src\\Illuminate\\Routing\\Route.php(259): Illuminate\\Routing\\ControllerDispatcher->dispatch(Object(Illuminate\\Routing\\Route), Object(App\\Http\\Controllers\\UsuarioController), 'reticula')
#6 C:\\Users\\evaa2\\OneDrive\\Escritorio\\EvaluaPro\\evaluaPro\\vendor\\laravel\\framework\\src\\Illuminate\\Routing\\Route.php(205): Illuminate\\Routing\\Route->runController()
#7 C:\\Users\\evaa2\\OneDrive\\Escritorio\\EvaluaPro\\evaluaPro\\vendor\\laravel\\framework\\src\\Illuminate\\Routing\\Router.php(806): Illuminate\\Routing\\Route->run()
#8 C:\\Users\\evaa2\\OneDrive\\Escritorio\\EvaluaPro\\evaluaPro\\vendor\\laravel\\framework\\src\\Illuminate\\Pipeline\\Pipeline.php(144): Illuminate\\Routing\\Router->Illuminate\\Routing\\{closure}(Object(Illuminate\\Http\\Request))
#9 C:\\Users\\evaa2\\OneDrive\\Escritorio\\EvaluaPro\\evaluaPro\\app\\Http\\Middleware\\RolMiddleware.php(21): Illuminate\\Pipeline\\Pipeline->Illuminate\\Pipeline\\{closure}(Object(Illuminate\\Http\\Request))
#10 C:\\Users\\evaa2\\OneDrive\\Escritorio\\EvaluaPro\\evaluaPro\\vendor\\laravel\\framework\\src\\Illuminate\\Pipeline\\Pipeline.php(183): App\\Http\\Middleware\\RolMiddleware->handle(Object(Illuminate\\Http\\Request), Object(Closure), 'admin', 'capacitador', 'usuario')
#11 C:\\Users\\evaa2\\OneDrive\\Escritorio\\EvaluaPro\\evaluaPro\\vendor\\laravel\\framework\\src\\Illuminate\\Routing\\Middleware\\SubstituteBindings.php(50): Illuminate\\Pipeline\\Pipeline->Illuminate\\Pipeline\\{closure}(Object(Illuminate\\Http\\Request))
#12 C:\\Users\\evaa2\\OneDrive\\Escritorio\\EvaluaPro\\evaluaPro\\vendor\\laravel\\framework\\src\\Illuminate\\Pipeline\\Pipeline.php(183): Illuminate\\Routing\\Middleware\\SubstituteBindings->handle(Object(Illuminate\\Http\\Request), Object(Closure))
#13 C:\\Users\\evaa2\\OneDrive\\Escritorio\\EvaluaPro\\evaluaPro\\vendor\\laravel\\framework\\src\\Illuminate\\Auth\\Middleware\\Authenticate.php(57): Illuminate\\Pipeline\\Pipeline->Illuminate\\Pipeline\\{closure}(Object(Illuminate\\Http\\Request))
#14 C:\\Users\\evaa2\\OneDrive\\Escritorio\\EvaluaPro\\evaluaPro\\vendor\\laravel\\framework\\src\\Illuminate\\Pipeline\\Pipeline.php(183): Illuminate\\Auth\\Middleware\\Authenticate->handle(Object(Illuminate\\Http\\Request), Object(Closure))
#15 C:\\Users\\evaa2\\OneDrive\\Escritorio\\EvaluaPro\\evaluaPro\\vendor\\laravel\\framework\\src\\Illuminate\\Foundation\\Http\\Middleware\\VerifyCsrfToken.php(78): Illuminate\\Pipeline\\Pipeline->Illuminate\\Pipeline\\{closure}(Object(Illuminate\\Http\\Request))
#16 C:\\Users\\evaa2\\OneDrive\\Escritorio\\EvaluaPro\\evaluaPro\\vendor\\laravel\\framework\\src\\Illuminate\\Pipeline\\Pipeline.php(183): Illuminate\\Foundation\\Http\\Middleware\\VerifyCsrfToken->handle(Object(Illuminate\\Http\\Request), Object(Closure))
#17 C:\\Users\\evaa2\\OneDrive\\Escritorio\\EvaluaPro\\evaluaPro\\vendor\\laravel\\framework\\src\\Illuminate\\View\\Middleware\\ShareErrorsFromSession.php(49): Illuminate\\Pipeline\\Pipeline->Illuminate\\Pipeline\\{closure}(Object(Illuminate\\Http\\Request))
#18 C:\\Users\\evaa2\\OneDrive\\Escritorio\\EvaluaPro\\evaluaPro\\vendor\\laravel\\framework\\src\\Illuminate\\Pipeline\\Pipeline.php(183): Illuminate\\View\\Middleware\\ShareErrorsFromSession->handle(Object(Illuminate\\Http\\Request), Object(Closure))
#19 C:\\Users\\evaa2\\OneDrive\\Escritorio\\EvaluaPro\\evaluaPro\\vendor\\laravel\\framework\\src\\Illuminate\\Session\\Middleware\\StartSession.php(121): Illuminate\\Pipeline\\Pipeline->Illuminate\\Pipeline\\{closure}(Object(Illuminate\\Http\\Request))
#20 C:\\Users\\evaa2\\OneDrive\\Escritorio\\EvaluaPro\\evaluaPro\\vendor\\laravel\\framework\\src\\Illuminate\\Session\\Middleware\\StartSession.php(64): Illuminate\\Session\\Middleware\\StartSession->handleStatefulRequest(Object(Illuminate\\Http\\Request), Object(Illuminate\\Session\\Store), Object(Closure))
#21 C:\\Users\\evaa2\\OneDrive\\Escritorio\\EvaluaPro\\evaluaPro\\vendor\\laravel\\framework\\src\\Illuminate\\Pipeline\\Pipeline.php(183): Illuminate\\Session\\Middleware\\StartSession->handle(Object(Illuminate\\Http\\Request), Object(Closure))
#22 C:\\Users\\evaa2\\OneDrive\\Escritorio\\EvaluaPro\\evaluaPro\\vendor\\laravel\\framework\\src\\Illuminate\\Cookie\\Middleware\\AddQueuedCookiesToResponse.php(37): Illuminate\\Pipeline\\Pipeline->Illuminate\\Pipeline\\{closure}(Object(Illuminate\\Http\\Request))
#23 C:\\Users\\evaa2\\OneDrive\\Escritorio\\EvaluaPro\\evaluaPro\\vendor\\laravel\\framework\\src\\Illuminate\\Pipeline\\Pipeline.php(183): Illuminate\\Cookie\\Middleware\\AddQueuedCookiesToResponse->handle(Object(Illuminate\\Http\\Request), Object(Closure))
#24 C:\\Users\\evaa2\\OneDrive\\Escritorio\\EvaluaPro\\evaluaPro\\vendor\\laravel\\framework\\src\\Illuminate\\Cookie\\Middleware\\EncryptCookies.php(67): Illuminate\\Pipeline\\Pipeline->Illuminate\\Pipeline\\{closure}(Object(Illuminate\\Http\\Request))
#25 C:\\Users\\evaa2\\OneDrive\\Escritorio\\EvaluaPro\\evaluaPro\\vendor\\laravel\\framework\\src\\Illuminate\\Pipeline\\Pipeline.php(183): Illuminate\\Cookie\\Middleware\\EncryptCookies->handle(Object(Illuminate\\Http\\Request), Object(Closure))
#26 C:\\Users\\evaa2\\OneDrive\\Escritorio\\EvaluaPro\\evaluaPro\\vendor\\laravel\\framework\\src\\Illuminate\\Pipeline\\Pipeline.php(119): Illuminate\\Pipeline\\Pipeline->Illuminate\\Pipeline\\{closure}(Object(Illuminate\\Http\\Request))
#27 C:\\Users\\evaa2\\OneDrive\\Escritorio\\EvaluaPro\\evaluaPro\\vendor\\laravel\\framework\\src\\Illuminate\\Routing\\Router.php(805): Illuminate\\Pipeline\\Pipeline->then(Object(Closure))
#28 C:\\Users\\evaa2\\OneDrive\\Escritorio\\EvaluaPro\\evaluaPro\\vendor\\laravel\\framework\\src\\Illuminate\\Routing\\Router.php(784): Illuminate\\Routing\\Router->runRouteWithinStack(Object(Illuminate\\Routing\\Route), Object(Illuminate\\Http\\Request))
#29 C:\\Users\\evaa2\\OneDrive\\Escritorio\\EvaluaPro\\evaluaPro\\vendor\\laravel\\framework\\src\\Illuminate\\Routing\\Router.php(748): Illuminate\\Routing\\Router->runRoute(Object(Illuminate\\Http\\Request), Object(Illuminate\\Routing\\Route))
#30 C:\\Users\\evaa2\\OneDrive\\Escritorio\\EvaluaPro\\evaluaPro\\vendor\\laravel\\framework\\src\\Illuminate\\Routing\\Router.php(737): Illuminate\\Routing\\Router->dispatchToRoute(Object(Illuminate\\Http\\Request))
#31 C:\\Users\\evaa2\\OneDrive\\Escritorio\\EvaluaPro\\evaluaPro\\vendor\\laravel\\framework\\src\\Illuminate\\Foundation\\Http\\Kernel.php(200): Illuminate\\Routing\\Router->dispatch(Object(Illuminate\\Http\\Request))
#32 C:\\Users\\evaa2\\OneDrive\\Escritorio\\EvaluaPro\\evaluaPro\\vendor\\laravel\\framework\\src\\Illuminate\\Pipeline\\Pipeline.php(144): Illuminate\\Foundation\\Http\\Kernel->Illuminate\\Foundation\\Http\\{closure}(Object(Illuminate\\Http\\Request))
#33 C:\\Users\\evaa2\\OneDrive\\Escritorio\\EvaluaPro\\evaluaPro\\vendor\\laravel\\framework\\src\\Illuminate\\Foundation\\Http\\Middleware\\TransformsRequest.php(21): Illuminate\\Pipeline\\Pipeline->Illuminate\\Pipeline\\{closure}(Object(Illuminate\\Http\\Request))
#34 C:\\Users\\evaa2\\OneDrive\\Escritorio\\EvaluaPro\\evaluaPro\\vendor\\laravel\\framework\\src\\Illuminate\\Foundation\\Http\\Middleware\\ConvertEmptyStringsToNull.php(31): Illuminate\\Foundation\\Http\\Middleware\\TransformsRequest->handle(Object(Illuminate\\Http\\Request), Object(Closure))
#35 C:\\Users\\evaa2\\OneDrive\\Escritorio\\EvaluaPro\\evaluaPro\\vendor\\laravel\\framework\\src\\Illuminate\\Pipeline\\Pipeline.php(183): Illuminate\\Foundation\\Http\\Middleware\\ConvertEmptyStringsToNull->handle(Object(Illuminate\\Http\\Request), Object(Closure))
#36 C:\\Users\\evaa2\\OneDrive\\Escritorio\\EvaluaPro\\evaluaPro\\vendor\\laravel\\framework\\src\\Illuminate\\Foundation\\Http\\Middleware\\TransformsRequest.php(21): Illuminate\\Pipeline\\Pipeline->Illuminate\\Pipeline\\{closure}(Object(Illuminate\\Http\\Request))
#37 C:\\Users\\evaa2\\OneDrive\\Escritorio\\EvaluaPro\\evaluaPro\\vendor\\laravel\\framework\\src\\Illuminate\\Foundation\\Http\\Middleware\\TrimStrings.php(40): Illuminate\\Foundation\\Http\\Middleware\\TransformsRequest->handle(Object(Illuminate\\Http\\Request), Object(Closure))
#38 C:\\Users\\evaa2\\OneDrive\\Escritorio\\EvaluaPro\\evaluaPro\\vendor\\laravel\\framework\\src\\Illuminate\\Pipeline\\Pipeline.php(183): Illuminate\\Foundation\\Http\\Middleware\\TrimStrings->handle(Object(Illuminate\\Http\\Request), Object(Closure))
#39 C:\\Users\\evaa2\\OneDrive\\Escritorio\\EvaluaPro\\evaluaPro\\vendor\\laravel\\framework\\src\\Illuminate\\Foundation\\Http\\Middleware\\ValidatePostSize.php(27): Illuminate\\Pipeline\\Pipeline->Illuminate\\Pipeline\\{closure}(Object(Illuminate\\Http\\Request))
#40 C:\\Users\\evaa2\\OneDrive\\Escritorio\\EvaluaPro\\evaluaPro\\vendor\\laravel\\framework\\src\\Illuminate\\Pipeline\\Pipeline.php(183): Illuminate\\Foundation\\Http\\Middleware\\ValidatePostSize->handle(Object(Illuminate\\Http\\Request), Object(Closure))
#41 C:\\Users\\evaa2\\OneDrive\\Escritorio\\EvaluaPro\\evaluaPro\\vendor\\laravel\\framework\\src\\Illuminate\\Foundation\\Http\\Middleware\\PreventRequestsDuringMaintenance.php(99): Illuminate\\Pipeline\\Pipeline->Illuminate\\Pipeline\\{closure}(Object(Illuminate\\Http\\Request))
#42 C:\\Users\\evaa2\\OneDrive\\Escritorio\\EvaluaPro\\evaluaPro\\vendor\\laravel\\framework\\src\\Illuminate\\Pipeline\\Pipeline.php(183): Illuminate\\Foundation\\Http\\Middleware\\PreventRequestsDuringMaintenance->handle(Object(Illuminate\\Http\\Request), Object(Closure))
#43 C:\\Users\\evaa2\\OneDrive\\Escritorio\\EvaluaPro\\evaluaPro\\vendor\\laravel\\framework\\src\\Illuminate\\Http\\Middleware\\HandleCors.php(49): Illuminate\\Pipeline\\Pipeline->Illuminate\\Pipeline\\{closure}(Object(Illuminate\\Http\\Request))
#44 C:\\Users\\evaa2\\OneDrive\\Escritorio\\EvaluaPro\\evaluaPro\\vendor\\laravel\\framework\\src\\Illuminate\\Pipeline\\Pipeline.php(183): Illuminate\\Http\\Middleware\\HandleCors->handle(Object(Illuminate\\Http\\Request), Object(Closure))
#45 C:\\Users\\evaa2\\OneDrive\\Escritorio\\EvaluaPro\\evaluaPro\\vendor\\laravel\\framework\\src\\Illuminate\\Http\\Middleware\\TrustProxies.php(39): Illuminate\\Pipeline\\Pipeline->Illuminate\\Pipeline\\{closure}(Object(Illuminate\\Http\\Request))
#46 C:\\Users\\evaa2\\OneDrive\\Escritorio\\EvaluaPro\\evaluaPro\\vendor\\laravel\\framework\\src\\Illuminate\\Pipeline\\Pipeline.php(183): Illuminate\\Http\\Middleware\\TrustProxies->handle(Object(Illuminate\\Http\\Request), Object(Closure))
#47 C:\\Users\\evaa2\\OneDrive\\Escritorio\\EvaluaPro\\evaluaPro\\vendor\\laravel\\framework\\src\\Illuminate\\Pipeline\\Pipeline.php(119): Illuminate\\Pipeline\\Pipeline->Illuminate\\Pipeline\\{closure}(Object(Illuminate\\Http\\Request))
#48 C:\\Users\\evaa2\\OneDrive\\Escritorio\\EvaluaPro\\evaluaPro\\vendor\\laravel\\framework\\src\\Illuminate\\Foundation\\Http\\Kernel.php(175): Illuminate\\Pipeline\\Pipeline->then(Object(Closure))
#49 C:\\Users\\evaa2\\OneDrive\\Escritorio\\EvaluaPro\\evaluaPro\\vendor\\laravel\\framework\\src\\Illuminate\\Foundation\\Http\\Kernel.php(144): Illuminate\\Foundation\\Http\\Kernel->sendRequestThroughRouter(Object(Illuminate\\Http\\Request))
#50 C:\\Users\\evaa2\\OneDrive\\Escritorio\\EvaluaPro\\evaluaPro\\public\\index.php(51): Illuminate\\Foundation\\Http\\Kernel->handle(Object(Illuminate\\Http\\Request))
#51 C:\\Users\\evaa2\\OneDrive\\Escritorio\\EvaluaPro\\evaluaPro\\vendor\\laravel\\framework\\src\\Illuminate\\Foundation\\resources\\server.php(16): require_once('C:\\\\Users\\\\evaa2\\\\...')
#52 {main}
"} 
[2025-08-15 00:31:24] local.ERROR: Attempt to read property "examenes" on null {"userId":"Damaris","exception":"[object] (ErrorException(code: 0): Attempt to read property \"examenes\" on null at C:\\Users\\evaa2\\OneDrive\\Escritorio\\EvaluaPro\\evaluaPro\\app\\Http\\Controllers\\UsuarioController.php:35)
[stacktrace]
#0 C:\\Users\\evaa2\\OneDrive\\Escritorio\\EvaluaPro\\evaluaPro\\vendor\\laravel\\framework\\src\\Illuminate\\Foundation\\Bootstrap\\HandleExceptions.php(255): Illuminate\\Foundation\\Bootstrap\\HandleExceptions->handleError(2, 'Attempt to read...', 'C:\\\\Users\\\\evaa2\\\\...', 35)
#1 C:\\Users\\evaa2\\OneDrive\\Escritorio\\EvaluaPro\\evaluaPro\\app\\Http\\Controllers\\UsuarioController.php(35): Illuminate\\Foundation\\Bootstrap\\HandleExceptions->Illuminate\\Foundation\\Bootstrap\\{closure}(2, 'Attempt to read...', 'C:\\\\Users\\\\evaa2\\\\...', 35)
#2 C:\\Users\\evaa2\\OneDrive\\Escritorio\\EvaluaPro\\evaluaPro\\app\\Http\\Controllers\\UsuarioController.php(120): App\\Http\\Controllers\\UsuarioController->getReticulaData(Object(App\\Models\\Usuario))
#3 C:\\Users\\evaa2\\OneDrive\\Escritorio\\EvaluaPro\\evaluaPro\\vendor\\laravel\\framework\\src\\Illuminate\\Routing\\Controller.php(54): App\\Http\\Controllers\\UsuarioController->reticula()
#4 C:\\Users\\evaa2\\OneDrive\\Escritorio\\EvaluaPro\\evaluaPro\\vendor\\laravel\\framework\\src\\Illuminate\\Routing\\ControllerDispatcher.php(43): Illuminate\\Routing\\Controller->callAction('reticula', Array)
#5 C:\\Users\\evaa2\\OneDrive\\Escritorio\\EvaluaPro\\evaluaPro\\vendor\\laravel\\framework\\src\\Illuminate\\Routing\\Route.php(259): Illuminate\\Routing\\ControllerDispatcher->dispatch(Object(Illuminate\\Routing\\Route), Object(App\\Http\\Controllers\\UsuarioController), 'reticula')
#6 C:\\Users\\evaa2\\OneDrive\\Escritorio\\EvaluaPro\\evaluaPro\\vendor\\laravel\\framework\\src\\Illuminate\\Routing\\Route.php(205): Illuminate\\Routing\\Route->runController()
#7 C:\\Users\\evaa2\\OneDrive\\Escritorio\\EvaluaPro\\evaluaPro\\vendor\\laravel\\framework\\src\\Illuminate\\Routing\\Router.php(806): Illuminate\\Routing\\Route->run()
#8 C:\\Users\\evaa2\\OneDrive\\Escritorio\\EvaluaPro\\evaluaPro\\vendor\\laravel\\framework\\src\\Illuminate\\Pipeline\\Pipeline.php(144): Illuminate\\Routing\\Router->Illuminate\\Routing\\{closure}(Object(Illuminate\\Http\\Request))
#9 C:\\Users\\evaa2\\OneDrive\\Escritorio\\EvaluaPro\\evaluaPro\\app\\Http\\Middleware\\RolMiddleware.php(21): Illuminate\\Pipeline\\Pipeline->Illuminate\\Pipeline\\{closure}(Object(Illuminate\\Http\\Request))
#10 C:\\Users\\evaa2\\OneDrive\\Escritorio\\EvaluaPro\\evaluaPro\\vendor\\laravel\\framework\\src\\Illuminate\\Pipeline\\Pipeline.php(183): App\\Http\\Middleware\\RolMiddleware->handle(Object(Illuminate\\Http\\Request), Object(Closure), 'admin', 'capacitador', 'usuario')
#11 C:\\Users\\evaa2\\OneDrive\\Escritorio\\EvaluaPro\\evaluaPro\\vendor\\laravel\\framework\\src\\Illuminate\\Routing\\Middleware\\SubstituteBindings.php(50): Illuminate\\Pipeline\\Pipeline->Illuminate\\Pipeline\\{closure}(Object(Illuminate\\Http\\Request))
#12 C:\\Users\\evaa2\\OneDrive\\Escritorio\\EvaluaPro\\evaluaPro\\vendor\\laravel\\framework\\src\\Illuminate\\Pipeline\\Pipeline.php(183): Illuminate\\Routing\\Middleware\\SubstituteBindings->handle(Object(Illuminate\\Http\\Request), Object(Closure))
#13 C:\\Users\\evaa2\\OneDrive\\Escritorio\\EvaluaPro\\evaluaPro\\vendor\\laravel\\framework\\src\\Illuminate\\Auth\\Middleware\\Authenticate.php(57): Illuminate\\Pipeline\\Pipeline->Illuminate\\Pipeline\\{closure}(Object(Illuminate\\Http\\Request))
#14 C:\\Users\\evaa2\\OneDrive\\Escritorio\\EvaluaPro\\evaluaPro\\vendor\\laravel\\framework\\src\\Illuminate\\Pipeline\\Pipeline.php(183): Illuminate\\Auth\\Middleware\\Authenticate->handle(Object(Illuminate\\Http\\Request), Object(Closure))
#15 C:\\Users\\evaa2\\OneDrive\\Escritorio\\EvaluaPro\\evaluaPro\\vendor\\laravel\\framework\\src\\Illuminate\\Foundation\\Http\\Middleware\\VerifyCsrfToken.php(78): Illuminate\\Pipeline\\Pipeline->Illuminate\\Pipeline\\{closure}(Object(Illuminate\\Http\\Request))
#16 C:\\Users\\evaa2\\OneDrive\\Escritorio\\EvaluaPro\\evaluaPro\\vendor\\laravel\\framework\\src\\Illuminate\\Pipeline\\Pipeline.php(183): Illuminate\\Foundation\\Http\\Middleware\\VerifyCsrfToken->handle(Object(Illuminate\\Http\\Request), Object(Closure))
#17 C:\\Users\\evaa2\\OneDrive\\Escritorio\\EvaluaPro\\evaluaPro\\vendor\\laravel\\framework\\src\\Illuminate\\View\\Middleware\\ShareErrorsFromSession.php(49): Illuminate\\Pipeline\\Pipeline->Illuminate\\Pipeline\\{closure}(Object(Illuminate\\Http\\Request))
#18 C:\\Users\\evaa2\\OneDrive\\Escritorio\\EvaluaPro\\evaluaPro\\vendor\\laravel\\framework\\src\\Illuminate\\Pipeline\\Pipeline.php(183): Illuminate\\View\\Middleware\\ShareErrorsFromSession->handle(Object(Illuminate\\Http\\Request), Object(Closure))
#19 C:\\Users\\evaa2\\OneDrive\\Escritorio\\EvaluaPro\\evaluaPro\\vendor\\laravel\\framework\\src\\Illuminate\\Session\\Middleware\\StartSession.php(121): Illuminate\\Pipeline\\Pipeline->Illuminate\\Pipeline\\{closure}(Object(Illuminate\\Http\\Request))
#20 C:\\Users\\evaa2\\OneDrive\\Escritorio\\EvaluaPro\\evaluaPro\\vendor\\laravel\\framework\\src\\Illuminate\\Session\\Middleware\\StartSession.php(64): Illuminate\\Session\\Middleware\\StartSession->handleStatefulRequest(Object(Illuminate\\Http\\Request), Object(Illuminate\\Session\\Store), Object(Closure))
#21 C:\\Users\\evaa2\\OneDrive\\Escritorio\\EvaluaPro\\evaluaPro\\vendor\\laravel\\framework\\src\\Illuminate\\Pipeline\\Pipeline.php(183): Illuminate\\Session\\Middleware\\StartSession->handle(Object(Illuminate\\Http\\Request), Object(Closure))
#22 C:\\Users\\evaa2\\OneDrive\\Escritorio\\EvaluaPro\\evaluaPro\\vendor\\laravel\\framework\\src\\Illuminate\\Cookie\\Middleware\\AddQueuedCookiesToResponse.php(37): Illuminate\\Pipeline\\Pipeline->Illuminate\\Pipeline\\{closure}(Object(Illuminate\\Http\\Request))
#23 C:\\Users\\evaa2\\OneDrive\\Escritorio\\EvaluaPro\\evaluaPro\\vendor\\laravel\\framework\\src\\Illuminate\\Pipeline\\Pipeline.php(183): Illuminate\\Cookie\\Middleware\\AddQueuedCookiesToResponse->handle(Object(Illuminate\\Http\\Request), Object(Closure))
#24 C:\\Users\\evaa2\\OneDrive\\Escritorio\\EvaluaPro\\evaluaPro\\vendor\\laravel\\framework\\src\\Illuminate\\Cookie\\Middleware\\EncryptCookies.php(67): Illuminate\\Pipeline\\Pipeline->Illuminate\\Pipeline\\{closure}(Object(Illuminate\\Http\\Request))
#25 C:\\Users\\evaa2\\OneDrive\\Escritorio\\EvaluaPro\\evaluaPro\\vendor\\laravel\\framework\\src\\Illuminate\\Pipeline\\Pipeline.php(183): Illuminate\\Cookie\\Middleware\\EncryptCookies->handle(Object(Illuminate\\Http\\Request), Object(Closure))
#26 C:\\Users\\evaa2\\OneDrive\\Escritorio\\EvaluaPro\\evaluaPro\\vendor\\laravel\\framework\\src\\Illuminate\\Pipeline\\Pipeline.php(119): Illuminate\\Pipeline\\Pipeline->Illuminate\\Pipeline\\{closure}(Object(Illuminate\\Http\\Request))
#27 C:\\Users\\evaa2\\OneDrive\\Escritorio\\EvaluaPro\\evaluaPro\\vendor\\laravel\\framework\\src\\Illuminate\\Routing\\Router.php(805): Illuminate\\Pipeline\\Pipeline->then(Object(Closure))
#28 C:\\Users\\evaa2\\OneDrive\\Escritorio\\EvaluaPro\\evaluaPro\\vendor\\laravel\\framework\\src\\Illuminate\\Routing\\Router.php(784): Illuminate\\Routing\\Router->runRouteWithinStack(Object(Illuminate\\Routing\\Route), Object(Illuminate\\Http\\Request))
#29 C:\\Users\\evaa2\\OneDrive\\Escritorio\\EvaluaPro\\evaluaPro\\vendor\\laravel\\framework\\src\\Illuminate\\Routing\\Router.php(748): Illuminate\\Routing\\Router->runRoute(Object(Illuminate\\Http\\Request), Object(Illuminate\\Routing\\Route))
#30 C:\\Users\\evaa2\\OneDrive\\Escritorio\\EvaluaPro\\evaluaPro\\vendor\\laravel\\framework\\src\\Illuminate\\Routing\\Router.php(737): Illuminate\\Routing\\Router->dispatchToRoute(Object(Illuminate\\Http\\Request))
#31 C:\\Users\\evaa2\\OneDrive\\Escritorio\\EvaluaPro\\evaluaPro\\vendor\\laravel\\framework\\src\\Illuminate\\Foundation\\Http\\Kernel.php(200): Illuminate\\Routing\\Router->dispatch(Object(Illuminate\\Http\\Request))
#32 C:\\Users\\evaa2\\OneDrive\\Escritorio\\EvaluaPro\\evaluaPro\\vendor\\laravel\\framework\\src\\Illuminate\\Pipeline\\Pipeline.php(144): Illuminate\\Foundation\\Http\\Kernel->Illuminate\\Foundation\\Http\\{closure}(Object(Illuminate\\Http\\Request))
#33 C:\\Users\\evaa2\\OneDrive\\Escritorio\\EvaluaPro\\evaluaPro\\vendor\\laravel\\framework\\src\\Illuminate\\Foundation\\Http\\Middleware\\TransformsRequest.php(21): Illuminate\\Pipeline\\Pipeline->Illuminate\\Pipeline\\{closure}(Object(Illuminate\\Http\\Request))
#34 C:\\Users\\evaa2\\OneDrive\\Escritorio\\EvaluaPro\\evaluaPro\\vendor\\laravel\\framework\\src\\Illuminate\\Foundation\\Http\\Middleware\\ConvertEmptyStringsToNull.php(31): Illuminate\\Foundation\\Http\\Middleware\\TransformsRequest->handle(Object(Illuminate\\Http\\Request), Object(Closure))
#35 C:\\Users\\evaa2\\OneDrive\\Escritorio\\EvaluaPro\\evaluaPro\\vendor\\laravel\\framework\\src\\Illuminate\\Pipeline\\Pipeline.php(183): Illuminate\\Foundation\\Http\\Middleware\\ConvertEmptyStringsToNull->handle(Object(Illuminate\\Http\\Request), Object(Closure))
#36 C:\\Users\\evaa2\\OneDrive\\Escritorio\\EvaluaPro\\evaluaPro\\vendor\\laravel\\framework\\src\\Illuminate\\Foundation\\Http\\Middleware\\TransformsRequest.php(21): Illuminate\\Pipeline\\Pipeline->Illuminate\\Pipeline\\{closure}(Object(Illuminate\\Http\\Request))
#37 C:\\Users\\evaa2\\OneDrive\\Escritorio\\EvaluaPro\\evaluaPro\\vendor\\laravel\\framework\\src\\Illuminate\\Foundation\\Http\\Middleware\\TrimStrings.php(40): Illuminate\\Foundation\\Http\\Middleware\\TransformsRequest->handle(Object(Illuminate\\Http\\Request), Object(Closure))
#38 C:\\Users\\evaa2\\OneDrive\\Escritorio\\EvaluaPro\\evaluaPro\\vendor\\laravel\\framework\\src\\Illuminate\\Pipeline\\Pipeline.php(183): Illuminate\\Foundation\\Http\\Middleware\\TrimStrings->handle(Object(Illuminate\\Http\\Request), Object(Closure))
#39 C:\\Users\\evaa2\\OneDrive\\Escritorio\\EvaluaPro\\evaluaPro\\vendor\\laravel\\framework\\src\\Illuminate\\Foundation\\Http\\Middleware\\ValidatePostSize.php(27): Illuminate\\Pipeline\\Pipeline->Illuminate\\Pipeline\\{closure}(Object(Illuminate\\Http\\Request))
#40 C:\\Users\\evaa2\\OneDrive\\Escritorio\\EvaluaPro\\evaluaPro\\vendor\\laravel\\framework\\src\\Illuminate\\Pipeline\\Pipeline.php(183): Illuminate\\Foundation\\Http\\Middleware\\ValidatePostSize->handle(Object(Illuminate\\Http\\Request), Object(Closure))
#41 C:\\Users\\evaa2\\OneDrive\\Escritorio\\EvaluaPro\\evaluaPro\\vendor\\laravel\\framework\\src\\Illuminate\\Foundation\\Http\\Middleware\\PreventRequestsDuringMaintenance.php(99): Illuminate\\Pipeline\\Pipeline->Illuminate\\Pipeline\\{closure}(Object(Illuminate\\Http\\Request))
#42 C:\\Users\\evaa2\\OneDrive\\Escritorio\\EvaluaPro\\evaluaPro\\vendor\\laravel\\framework\\src\\Illuminate\\Pipeline\\Pipeline.php(183): Illuminate\\Foundation\\Http\\Middleware\\PreventRequestsDuringMaintenance->handle(Object(Illuminate\\Http\\Request), Object(Closure))
#43 C:\\Users\\evaa2\\OneDrive\\Escritorio\\EvaluaPro\\evaluaPro\\vendor\\laravel\\framework\\src\\Illuminate\\Http\\Middleware\\HandleCors.php(49): Illuminate\\Pipeline\\Pipeline->Illuminate\\Pipeline\\{closure}(Object(Illuminate\\Http\\Request))
#44 C:\\Users\\evaa2\\OneDrive\\Escritorio\\EvaluaPro\\evaluaPro\\vendor\\laravel\\framework\\src\\Illuminate\\Pipeline\\Pipeline.php(183): Illuminate\\Http\\Middleware\\HandleCors->handle(Object(Illuminate\\Http\\Request), Object(Closure))
#45 C:\\Users\\evaa2\\OneDrive\\Escritorio\\EvaluaPro\\evaluaPro\\vendor\\laravel\\framework\\src\\Illuminate\\Http\\Middleware\\TrustProxies.php(39): Illuminate\\Pipeline\\Pipeline->Illuminate\\Pipeline\\{closure}(Object(Illuminate\\Http\\Request))
#46 C:\\Users\\evaa2\\OneDrive\\Escritorio\\EvaluaPro\\evaluaPro\\vendor\\laravel\\framework\\src\\Illuminate\\Pipeline\\Pipeline.php(183): Illuminate\\Http\\Middleware\\TrustProxies->handle(Object(Illuminate\\Http\\Request), Object(Closure))
#47 C:\\Users\\evaa2\\OneDrive\\Escritorio\\EvaluaPro\\evaluaPro\\vendor\\laravel\\framework\\src\\Illuminate\\Pipeline\\Pipeline.php(119): Illuminate\\Pipeline\\Pipeline->Illuminate\\Pipeline\\{closure}(Object(Illuminate\\Http\\Request))
#48 C:\\Users\\evaa2\\OneDrive\\Escritorio\\EvaluaPro\\evaluaPro\\vendor\\laravel\\framework\\src\\Illuminate\\Foundation\\Http\\Kernel.php(175): Illuminate\\Pipeline\\Pipeline->then(Object(Closure))
#49 C:\\Users\\evaa2\\OneDrive\\Escritorio\\EvaluaPro\\evaluaPro\\vendor\\laravel\\framework\\src\\Illuminate\\Foundation\\Http\\Kernel.php(144): Illuminate\\Foundation\\Http\\Kernel->sendRequestThroughRouter(Object(Illuminate\\Http\\Request))
#50 C:\\Users\\evaa2\\OneDrive\\Escritorio\\EvaluaPro\\evaluaPro\\public\\index.php(51): Illuminate\\Foundation\\Http\\Kernel->handle(Object(Illuminate\\Http\\Request))
#51 C:\\Users\\evaa2\\OneDrive\\Escritorio\\EvaluaPro\\evaluaPro\\vendor\\laravel\\framework\\src\\Illuminate\\Foundation\\resources\\server.php(16): require_once('C:\\\\Users\\\\evaa2\\\\...')
#52 {main}
"} 
[2025-08-15 00:31:37] local.ERROR: Attempt to read property "examenes" on null {"userId":"Damaris","exception":"[object] (ErrorException(code: 0): Attempt to read property \"examenes\" on null at C:\\Users\\evaa2\\OneDrive\\Escritorio\\EvaluaPro\\evaluaPro\\app\\Http\\Controllers\\UsuarioController.php:35)
[stacktrace]
#0 C:\\Users\\evaa2\\OneDrive\\Escritorio\\EvaluaPro\\evaluaPro\\vendor\\laravel\\framework\\src\\Illuminate\\Foundation\\Bootstrap\\HandleExceptions.php(255): Illuminate\\Foundation\\Bootstrap\\HandleExceptions->handleError(2, 'Attempt to read...', 'C:\\\\Users\\\\evaa2\\\\...', 35)
#1 C:\\Users\\evaa2\\OneDrive\\Escritorio\\EvaluaPro\\evaluaPro\\app\\Http\\Controllers\\UsuarioController.php(35): Illuminate\\Foundation\\Bootstrap\\HandleExceptions->Illuminate\\Foundation\\Bootstrap\\{closure}(2, 'Attempt to read...', 'C:\\\\Users\\\\evaa2\\\\...', 35)
#2 C:\\Users\\evaa2\\OneDrive\\Escritorio\\EvaluaPro\\evaluaPro\\app\\Http\\Controllers\\UsuarioController.php(120): App\\Http\\Controllers\\UsuarioController->getReticulaData(Object(App\\Models\\Usuario))
#3 C:\\Users\\evaa2\\OneDrive\\Escritorio\\EvaluaPro\\evaluaPro\\vendor\\laravel\\framework\\src\\Illuminate\\Routing\\Controller.php(54): App\\Http\\Controllers\\UsuarioController->reticula()
#4 C:\\Users\\evaa2\\OneDrive\\Escritorio\\EvaluaPro\\evaluaPro\\vendor\\laravel\\framework\\src\\Illuminate\\Routing\\ControllerDispatcher.php(43): Illuminate\\Routing\\Controller->callAction('reticula', Array)
#5 C:\\Users\\evaa2\\OneDrive\\Escritorio\\EvaluaPro\\evaluaPro\\vendor\\laravel\\framework\\src\\Illuminate\\Routing\\Route.php(259): Illuminate\\Routing\\ControllerDispatcher->dispatch(Object(Illuminate\\Routing\\Route), Object(App\\Http\\Controllers\\UsuarioController), 'reticula')
#6 C:\\Users\\evaa2\\OneDrive\\Escritorio\\EvaluaPro\\evaluaPro\\vendor\\laravel\\framework\\src\\Illuminate\\Routing\\Route.php(205): Illuminate\\Routing\\Route->runController()
#7 C:\\Users\\evaa2\\OneDrive\\Escritorio\\EvaluaPro\\evaluaPro\\vendor\\laravel\\framework\\src\\Illuminate\\Routing\\Router.php(806): Illuminate\\Routing\\Route->run()
#8 C:\\Users\\evaa2\\OneDrive\\Escritorio\\EvaluaPro\\evaluaPro\\vendor\\laravel\\framework\\src\\Illuminate\\Pipeline\\Pipeline.php(144): Illuminate\\Routing\\Router->Illuminate\\Routing\\{closure}(Object(Illuminate\\Http\\Request))
#9 C:\\Users\\evaa2\\OneDrive\\Escritorio\\EvaluaPro\\evaluaPro\\app\\Http\\Middleware\\RolMiddleware.php(21): Illuminate\\Pipeline\\Pipeline->Illuminate\\Pipeline\\{closure}(Object(Illuminate\\Http\\Request))
#10 C:\\Users\\evaa2\\OneDrive\\Escritorio\\EvaluaPro\\evaluaPro\\vendor\\laravel\\framework\\src\\Illuminate\\Pipeline\\Pipeline.php(183): App\\Http\\Middleware\\RolMiddleware->handle(Object(Illuminate\\Http\\Request), Object(Closure), 'admin', 'capacitador', 'usuario')
#11 C:\\Users\\evaa2\\OneDrive\\Escritorio\\EvaluaPro\\evaluaPro\\vendor\\laravel\\framework\\src\\Illuminate\\Routing\\Middleware\\SubstituteBindings.php(50): Illuminate\\Pipeline\\Pipeline->Illuminate\\Pipeline\\{closure}(Object(Illuminate\\Http\\Request))
#12 C:\\Users\\evaa2\\OneDrive\\Escritorio\\EvaluaPro\\evaluaPro\\vendor\\laravel\\framework\\src\\Illuminate\\Pipeline\\Pipeline.php(183): Illuminate\\Routing\\Middleware\\SubstituteBindings->handle(Object(Illuminate\\Http\\Request), Object(Closure))
#13 C:\\Users\\evaa2\\OneDrive\\Escritorio\\EvaluaPro\\evaluaPro\\vendor\\laravel\\framework\\src\\Illuminate\\Auth\\Middleware\\Authenticate.php(57): Illuminate\\Pipeline\\Pipeline->Illuminate\\Pipeline\\{closure}(Object(Illuminate\\Http\\Request))
#14 C:\\Users\\evaa2\\OneDrive\\Escritorio\\EvaluaPro\\evaluaPro\\vendor\\laravel\\framework\\src\\Illuminate\\Pipeline\\Pipeline.php(183): Illuminate\\Auth\\Middleware\\Authenticate->handle(Object(Illuminate\\Http\\Request), Object(Closure))
#15 C:\\Users\\evaa2\\OneDrive\\Escritorio\\EvaluaPro\\evaluaPro\\vendor\\laravel\\framework\\src\\Illuminate\\Foundation\\Http\\Middleware\\VerifyCsrfToken.php(78): Illuminate\\Pipeline\\Pipeline->Illuminate\\Pipeline\\{closure}(Object(Illuminate\\Http\\Request))
#16 C:\\Users\\evaa2\\OneDrive\\Escritorio\\EvaluaPro\\evaluaPro\\vendor\\laravel\\framework\\src\\Illuminate\\Pipeline\\Pipeline.php(183): Illuminate\\Foundation\\Http\\Middleware\\VerifyCsrfToken->handle(Object(Illuminate\\Http\\Request), Object(Closure))
#17 C:\\Users\\evaa2\\OneDrive\\Escritorio\\EvaluaPro\\evaluaPro\\vendor\\laravel\\framework\\src\\Illuminate\\View\\Middleware\\ShareErrorsFromSession.php(49): Illuminate\\Pipeline\\Pipeline->Illuminate\\Pipeline\\{closure}(Object(Illuminate\\Http\\Request))
#18 C:\\Users\\evaa2\\OneDrive\\Escritorio\\EvaluaPro\\evaluaPro\\vendor\\laravel\\framework\\src\\Illuminate\\Pipeline\\Pipeline.php(183): Illuminate\\View\\Middleware\\ShareErrorsFromSession->handle(Object(Illuminate\\Http\\Request), Object(Closure))
#19 C:\\Users\\evaa2\\OneDrive\\Escritorio\\EvaluaPro\\evaluaPro\\vendor\\laravel\\framework\\src\\Illuminate\\Session\\Middleware\\StartSession.php(121): Illuminate\\Pipeline\\Pipeline->Illuminate\\Pipeline\\{closure}(Object(Illuminate\\Http\\Request))
#20 C:\\Users\\evaa2\\OneDrive\\Escritorio\\EvaluaPro\\evaluaPro\\vendor\\laravel\\framework\\src\\Illuminate\\Session\\Middleware\\StartSession.php(64): Illuminate\\Session\\Middleware\\StartSession->handleStatefulRequest(Object(Illuminate\\Http\\Request), Object(Illuminate\\Session\\Store), Object(Closure))
#21 C:\\Users\\evaa2\\OneDrive\\Escritorio\\EvaluaPro\\evaluaPro\\vendor\\laravel\\framework\\src\\Illuminate\\Pipeline\\Pipeline.php(183): Illuminate\\Session\\Middleware\\StartSession->handle(Object(Illuminate\\Http\\Request), Object(Closure))
#22 C:\\Users\\evaa2\\OneDrive\\Escritorio\\EvaluaPro\\evaluaPro\\vendor\\laravel\\framework\\src\\Illuminate\\Cookie\\Middleware\\AddQueuedCookiesToResponse.php(37): Illuminate\\Pipeline\\Pipeline->Illuminate\\Pipeline\\{closure}(Object(Illuminate\\Http\\Request))
#23 C:\\Users\\evaa2\\OneDrive\\Escritorio\\EvaluaPro\\evaluaPro\\vendor\\laravel\\framework\\src\\Illuminate\\Pipeline\\Pipeline.php(183): Illuminate\\Cookie\\Middleware\\AddQueuedCookiesToResponse->handle(Object(Illuminate\\Http\\Request), Object(Closure))
#24 C:\\Users\\evaa2\\OneDrive\\Escritorio\\EvaluaPro\\evaluaPro\\vendor\\laravel\\framework\\src\\Illuminate\\Cookie\\Middleware\\EncryptCookies.php(67): Illuminate\\Pipeline\\Pipeline->Illuminate\\Pipeline\\{closure}(Object(Illuminate\\Http\\Request))
#25 C:\\Users\\evaa2\\OneDrive\\Escritorio\\EvaluaPro\\evaluaPro\\vendor\\laravel\\framework\\src\\Illuminate\\Pipeline\\Pipeline.php(183): Illuminate\\Cookie\\Middleware\\EncryptCookies->handle(Object(Illuminate\\Http\\Request), Object(Closure))
#26 C:\\Users\\evaa2\\OneDrive\\Escritorio\\EvaluaPro\\evaluaPro\\vendor\\laravel\\framework\\src\\Illuminate\\Pipeline\\Pipeline.php(119): Illuminate\\Pipeline\\Pipeline->Illuminate\\Pipeline\\{closure}(Object(Illuminate\\Http\\Request))
#27 C:\\Users\\evaa2\\OneDrive\\Escritorio\\EvaluaPro\\evaluaPro\\vendor\\laravel\\framework\\src\\Illuminate\\Routing\\Router.php(805): Illuminate\\Pipeline\\Pipeline->then(Object(Closure))
#28 C:\\Users\\evaa2\\OneDrive\\Escritorio\\EvaluaPro\\evaluaPro\\vendor\\laravel\\framework\\src\\Illuminate\\Routing\\Router.php(784): Illuminate\\Routing\\Router->runRouteWithinStack(Object(Illuminate\\Routing\\Route), Object(Illuminate\\Http\\Request))
#29 C:\\Users\\evaa2\\OneDrive\\Escritorio\\EvaluaPro\\evaluaPro\\vendor\\laravel\\framework\\src\\Illuminate\\Routing\\Router.php(748): Illuminate\\Routing\\Router->runRoute(Object(Illuminate\\Http\\Request), Object(Illuminate\\Routing\\Route))
#30 C:\\Users\\evaa2\\OneDrive\\Escritorio\\EvaluaPro\\evaluaPro\\vendor\\laravel\\framework\\src\\Illuminate\\Routing\\Router.php(737): Illuminate\\Routing\\Router->dispatchToRoute(Object(Illuminate\\Http\\Request))
#31 C:\\Users\\evaa2\\OneDrive\\Escritorio\\EvaluaPro\\evaluaPro\\vendor\\laravel\\framework\\src\\Illuminate\\Foundation\\Http\\Kernel.php(200): Illuminate\\Routing\\Router->dispatch(Object(Illuminate\\Http\\Request))
#32 C:\\Users\\evaa2\\OneDrive\\Escritorio\\EvaluaPro\\evaluaPro\\vendor\\laravel\\framework\\src\\Illuminate\\Pipeline\\Pipeline.php(144): Illuminate\\Foundation\\Http\\Kernel->Illuminate\\Foundation\\Http\\{closure}(Object(Illuminate\\Http\\Request))
#33 C:\\Users\\evaa2\\OneDrive\\Escritorio\\EvaluaPro\\evaluaPro\\vendor\\laravel\\framework\\src\\Illuminate\\Foundation\\Http\\Middleware\\TransformsRequest.php(21): Illuminate\\Pipeline\\Pipeline->Illuminate\\Pipeline\\{closure}(Object(Illuminate\\Http\\Request))
#34 C:\\Users\\evaa2\\OneDrive\\Escritorio\\EvaluaPro\\evaluaPro\\vendor\\laravel\\framework\\src\\Illuminate\\Foundation\\Http\\Middleware\\ConvertEmptyStringsToNull.php(31): Illuminate\\Foundation\\Http\\Middleware\\TransformsRequest->handle(Object(Illuminate\\Http\\Request), Object(Closure))
#35 C:\\Users\\evaa2\\OneDrive\\Escritorio\\EvaluaPro\\evaluaPro\\vendor\\laravel\\framework\\src\\Illuminate\\Pipeline\\Pipeline.php(183): Illuminate\\Foundation\\Http\\Middleware\\ConvertEmptyStringsToNull->handle(Object(Illuminate\\Http\\Request), Object(Closure))
#36 C:\\Users\\evaa2\\OneDrive\\Escritorio\\EvaluaPro\\evaluaPro\\vendor\\laravel\\framework\\src\\Illuminate\\Foundation\\Http\\Middleware\\TransformsRequest.php(21): Illuminate\\Pipeline\\Pipeline->Illuminate\\Pipeline\\{closure}(Object(Illuminate\\Http\\Request))
#37 C:\\Users\\evaa2\\OneDrive\\Escritorio\\EvaluaPro\\evaluaPro\\vendor\\laravel\\framework\\src\\Illuminate\\Foundation\\Http\\Middleware\\TrimStrings.php(40): Illuminate\\Foundation\\Http\\Middleware\\TransformsRequest->handle(Object(Illuminate\\Http\\Request), Object(Closure))
#38 C:\\Users\\evaa2\\OneDrive\\Escritorio\\EvaluaPro\\evaluaPro\\vendor\\laravel\\framework\\src\\Illuminate\\Pipeline\\Pipeline.php(183): Illuminate\\Foundation\\Http\\Middleware\\TrimStrings->handle(Object(Illuminate\\Http\\Request), Object(Closure))
#39 C:\\Users\\evaa2\\OneDrive\\Escritorio\\EvaluaPro\\evaluaPro\\vendor\\laravel\\framework\\src\\Illuminate\\Foundation\\Http\\Middleware\\ValidatePostSize.php(27): Illuminate\\Pipeline\\Pipeline->Illuminate\\Pipeline\\{closure}(Object(Illuminate\\Http\\Request))
#40 C:\\Users\\evaa2\\OneDrive\\Escritorio\\EvaluaPro\\evaluaPro\\vendor\\laravel\\framework\\src\\Illuminate\\Pipeline\\Pipeline.php(183): Illuminate\\Foundation\\Http\\Middleware\\ValidatePostSize->handle(Object(Illuminate\\Http\\Request), Object(Closure))
#41 C:\\Users\\evaa2\\OneDrive\\Escritorio\\EvaluaPro\\evaluaPro\\vendor\\laravel\\framework\\src\\Illuminate\\Foundation\\Http\\Middleware\\PreventRequestsDuringMaintenance.php(99): Illuminate\\Pipeline\\Pipeline->Illuminate\\Pipeline\\{closure}(Object(Illuminate\\Http\\Request))
#42 C:\\Users\\evaa2\\OneDrive\\Escritorio\\EvaluaPro\\evaluaPro\\vendor\\laravel\\framework\\src\\Illuminate\\Pipeline\\Pipeline.php(183): Illuminate\\Foundation\\Http\\Middleware\\PreventRequestsDuringMaintenance->handle(Object(Illuminate\\Http\\Request), Object(Closure))
#43 C:\\Users\\evaa2\\OneDrive\\Escritorio\\EvaluaPro\\evaluaPro\\vendor\\laravel\\framework\\src\\Illuminate\\Http\\Middleware\\HandleCors.php(49): Illuminate\\Pipeline\\Pipeline->Illuminate\\Pipeline\\{closure}(Object(Illuminate\\Http\\Request))
#44 C:\\Users\\evaa2\\OneDrive\\Escritorio\\EvaluaPro\\evaluaPro\\vendor\\laravel\\framework\\src\\Illuminate\\Pipeline\\Pipeline.php(183): Illuminate\\Http\\Middleware\\HandleCors->handle(Object(Illuminate\\Http\\Request), Object(Closure))
#45 C:\\Users\\evaa2\\OneDrive\\Escritorio\\EvaluaPro\\evaluaPro\\vendor\\laravel\\framework\\src\\Illuminate\\Http\\Middleware\\TrustProxies.php(39): Illuminate\\Pipeline\\Pipeline->Illuminate\\Pipeline\\{closure}(Object(Illuminate\\Http\\Request))
#46 C:\\Users\\evaa2\\OneDrive\\Escritorio\\EvaluaPro\\evaluaPro\\vendor\\laravel\\framework\\src\\Illuminate\\Pipeline\\Pipeline.php(183): Illuminate\\Http\\Middleware\\TrustProxies->handle(Object(Illuminate\\Http\\Request), Object(Closure))
#47 C:\\Users\\evaa2\\OneDrive\\Escritorio\\EvaluaPro\\evaluaPro\\vendor\\laravel\\framework\\src\\Illuminate\\Pipeline\\Pipeline.php(119): Illuminate\\Pipeline\\Pipeline->Illuminate\\Pipeline\\{closure}(Object(Illuminate\\Http\\Request))
#48 C:\\Users\\evaa2\\OneDrive\\Escritorio\\EvaluaPro\\evaluaPro\\vendor\\laravel\\framework\\src\\Illuminate\\Foundation\\Http\\Kernel.php(175): Illuminate\\Pipeline\\Pipeline->then(Object(Closure))
#49 C:\\Users\\evaa2\\OneDrive\\Escritorio\\EvaluaPro\\evaluaPro\\vendor\\laravel\\framework\\src\\Illuminate\\Foundation\\Http\\Kernel.php(144): Illuminate\\Foundation\\Http\\Kernel->sendRequestThroughRouter(Object(Illuminate\\Http\\Request))
#50 C:\\Users\\evaa2\\OneDrive\\Escritorio\\EvaluaPro\\evaluaPro\\public\\index.php(51): Illuminate\\Foundation\\Http\\Kernel->handle(Object(Illuminate\\Http\\Request))
#51 C:\\Users\\evaa2\\OneDrive\\Escritorio\\EvaluaPro\\evaluaPro\\vendor\\laravel\\framework\\src\\Illuminate\\Foundation\\resources\\server.php(16): require_once('C:\\\\Users\\\\evaa2\\\\...')
#52 {main}
"} 
[2025-08-15 01:06:02] local.ERROR: Undefined variable $reticula {"view":{"view":"C:\\Users\\evaa2\\OneDrive\\Escritorio\\EvaluaPro\\evaluaPro\\resources\\views\\generales\\reticulas.blade.php","data":{"errors":"<pre class=sf-dump id=sf-dump-691294424 data-indent-pad=\"  \"><span class=sf-dump-note>Illuminate\\Support\\ViewErrorBag</span> {<a class=sf-dump-ref>#1460</a><samp data-depth=1 class=sf-dump-expanded>
  #<span class=sf-dump-protected title=\"Protected property\">bags</span>: []
</samp>}
</pre><script>Sfdump(\"sf-dump-691294424\", {\"maxDepth\":3,\"maxStringLength\":160})</script>
"}},"userId":"Damaris","exception":"[object] (Spatie\\LaravelIgnition\\Exceptions\\ViewException(code: 0): Undefined variable $reticula at C:\\Users\\evaa2\\OneDrive\\Escritorio\\EvaluaPro\\evaluaPro\\resources\\views\\generales\\reticulas.blade.php:5)
[stacktrace]
#0 C:\\Users\\evaa2\\OneDrive\\Escritorio\\EvaluaPro\\evaluaPro\\vendor\\laravel\\framework\\src\\Illuminate\\Filesystem\\Filesystem.php(123): require('C:\\\\Users\\\\evaa2\\\\...')
#1 C:\\Users\\evaa2\\OneDrive\\Escritorio\\EvaluaPro\\evaluaPro\\vendor\\laravel\\framework\\src\\Illuminate\\Filesystem\\Filesystem.php(124): Illuminate\\Filesystem\\Filesystem::Illuminate\\Filesystem\\{closure}()
#2 C:\\Users\\evaa2\\OneDrive\\Escritorio\\EvaluaPro\\evaluaPro\\vendor\\laravel\\framework\\src\\Illuminate\\View\\Engines\\PhpEngine.php(58): Illuminate\\Filesystem\\Filesystem->getRequire('C:\\\\Users\\\\evaa2\\\\...', Array)
#3 C:\\Users\\evaa2\\OneDrive\\Escritorio\\EvaluaPro\\evaluaPro\\vendor\\laravel\\framework\\src\\Illuminate\\View\\Engines\\CompilerEngine.php(72): Illuminate\\View\\Engines\\PhpEngine->evaluatePath('C:\\\\Users\\\\evaa2\\\\...', Array)
#4 C:\\Users\\evaa2\\OneDrive\\Escritorio\\EvaluaPro\\evaluaPro\\vendor\\laravel\\framework\\src\\Illuminate\\View\\View.php(207): Illuminate\\View\\Engines\\CompilerEngine->get('C:\\\\Users\\\\evaa2\\\\...', Array)
#5 C:\\Users\\evaa2\\OneDrive\\Escritorio\\EvaluaPro\\evaluaPro\\vendor\\laravel\\framework\\src\\Illuminate\\View\\View.php(190): Illuminate\\View\\View->getContents()
#6 C:\\Users\\evaa2\\OneDrive\\Escritorio\\EvaluaPro\\evaluaPro\\vendor\\laravel\\framework\\src\\Illuminate\\View\\View.php(159): Illuminate\\View\\View->renderContents()
#7 C:\\Users\\evaa2\\OneDrive\\Escritorio\\EvaluaPro\\evaluaPro\\vendor\\laravel\\framework\\src\\Illuminate\\Http\\Response.php(69): Illuminate\\View\\View->render()
#8 C:\\Users\\evaa2\\OneDrive\\Escritorio\\EvaluaPro\\evaluaPro\\vendor\\laravel\\framework\\src\\Illuminate\\Http\\Response.php(35): Illuminate\\Http\\Response->setContent(Object(Illuminate\\View\\View))
#9 C:\\Users\\evaa2\\OneDrive\\Escritorio\\EvaluaPro\\evaluaPro\\vendor\\laravel\\framework\\src\\Illuminate\\Routing\\Router.php(918): Illuminate\\Http\\Response->__construct(Object(Illuminate\\View\\View), 200, Array)
#10 C:\\Users\\evaa2\\OneDrive\\Escritorio\\EvaluaPro\\evaluaPro\\vendor\\laravel\\framework\\src\\Illuminate\\Routing\\Router.php(885): Illuminate\\Routing\\Router::toResponse(Object(Illuminate\\Http\\Request), Object(Illuminate\\View\\View))
#11 C:\\Users\\evaa2\\OneDrive\\Escritorio\\EvaluaPro\\evaluaPro\\vendor\\laravel\\framework\\src\\Illuminate\\Routing\\Router.php(805): Illuminate\\Routing\\Router->prepareResponse(Object(Illuminate\\Http\\Request), Object(Illuminate\\View\\View))
#12 C:\\Users\\evaa2\\OneDrive\\Escritorio\\EvaluaPro\\evaluaPro\\vendor\\laravel\\framework\\src\\Illuminate\\Pipeline\\Pipeline.php(144): Illuminate\\Routing\\Router->Illuminate\\Routing\\{closure}(Object(Illuminate\\Http\\Request))
#13 C:\\Users\\evaa2\\OneDrive\\Escritorio\\EvaluaPro\\evaluaPro\\app\\Http\\Middleware\\RolMiddleware.php(21): Illuminate\\Pipeline\\Pipeline->Illuminate\\Pipeline\\{closure}(Object(Illuminate\\Http\\Request))
#14 C:\\Users\\evaa2\\OneDrive\\Escritorio\\EvaluaPro\\evaluaPro\\vendor\\laravel\\framework\\src\\Illuminate\\Pipeline\\Pipeline.php(183): App\\Http\\Middleware\\RolMiddleware->handle(Object(Illuminate\\Http\\Request), Object(Closure), 'admin', 'capacitador', 'usuario')
#15 C:\\Users\\evaa2\\OneDrive\\Escritorio\\EvaluaPro\\evaluaPro\\vendor\\laravel\\framework\\src\\Illuminate\\Routing\\Middleware\\SubstituteBindings.php(50): Illuminate\\Pipeline\\Pipeline->Illuminate\\Pipeline\\{closure}(Object(Illuminate\\Http\\Request))
#16 C:\\Users\\evaa2\\OneDrive\\Escritorio\\EvaluaPro\\evaluaPro\\vendor\\laravel\\framework\\src\\Illuminate\\Pipeline\\Pipeline.php(183): Illuminate\\Routing\\Middleware\\SubstituteBindings->handle(Object(Illuminate\\Http\\Request), Object(Closure))
#17 C:\\Users\\evaa2\\OneDrive\\Escritorio\\EvaluaPro\\evaluaPro\\vendor\\laravel\\framework\\src\\Illuminate\\Auth\\Middleware\\Authenticate.php(57): Illuminate\\Pipeline\\Pipeline->Illuminate\\Pipeline\\{closure}(Object(Illuminate\\Http\\Request))
#18 C:\\Users\\evaa2\\OneDrive\\Escritorio\\EvaluaPro\\evaluaPro\\vendor\\laravel\\framework\\src\\Illuminate\\Pipeline\\Pipeline.php(183): Illuminate\\Auth\\Middleware\\Authenticate->handle(Object(Illuminate\\Http\\Request), Object(Closure))
#19 C:\\Users\\evaa2\\OneDrive\\Escritorio\\EvaluaPro\\evaluaPro\\vendor\\laravel\\framework\\src\\Illuminate\\Foundation\\Http\\Middleware\\VerifyCsrfToken.php(78): Illuminate\\Pipeline\\Pipeline->Illuminate\\Pipeline\\{closure}(Object(Illuminate\\Http\\Request))
#20 C:\\Users\\evaa2\\OneDrive\\Escritorio\\EvaluaPro\\evaluaPro\\vendor\\laravel\\framework\\src\\Illuminate\\Pipeline\\Pipeline.php(183): Illuminate\\Foundation\\Http\\Middleware\\VerifyCsrfToken->handle(Object(Illuminate\\Http\\Request), Object(Closure))
#21 C:\\Users\\evaa2\\OneDrive\\Escritorio\\EvaluaPro\\evaluaPro\\vendor\\laravel\\framework\\src\\Illuminate\\View\\Middleware\\ShareErrorsFromSession.php(49): Illuminate\\Pipeline\\Pipeline->Illuminate\\Pipeline\\{closure}(Object(Illuminate\\Http\\Request))
#22 C:\\Users\\evaa2\\OneDrive\\Escritorio\\EvaluaPro\\evaluaPro\\vendor\\laravel\\framework\\src\\Illuminate\\Pipeline\\Pipeline.php(183): Illuminate\\View\\Middleware\\ShareErrorsFromSession->handle(Object(Illuminate\\Http\\Request), Object(Closure))
#23 C:\\Users\\evaa2\\OneDrive\\Escritorio\\EvaluaPro\\evaluaPro\\vendor\\laravel\\framework\\src\\Illuminate\\Session\\Middleware\\StartSession.php(121): Illuminate\\Pipeline\\Pipeline->Illuminate\\Pipeline\\{closure}(Object(Illuminate\\Http\\Request))
#24 C:\\Users\\evaa2\\OneDrive\\Escritorio\\EvaluaPro\\evaluaPro\\vendor\\laravel\\framework\\src\\Illuminate\\Session\\Middleware\\StartSession.php(64): Illuminate\\Session\\Middleware\\StartSession->handleStatefulRequest(Object(Illuminate\\Http\\Request), Object(Illuminate\\Session\\Store), Object(Closure))
#25 C:\\Users\\evaa2\\OneDrive\\Escritorio\\EvaluaPro\\evaluaPro\\vendor\\laravel\\framework\\src\\Illuminate\\Pipeline\\Pipeline.php(183): Illuminate\\Session\\Middleware\\StartSession->handle(Object(Illuminate\\Http\\Request), Object(Closure))
#26 C:\\Users\\evaa2\\OneDrive\\Escritorio\\EvaluaPro\\evaluaPro\\vendor\\laravel\\framework\\src\\Illuminate\\Cookie\\Middleware\\AddQueuedCookiesToResponse.php(37): Illuminate\\Pipeline\\Pipeline->Illuminate\\Pipeline\\{closure}(Object(Illuminate\\Http\\Request))
#27 C:\\Users\\evaa2\\OneDrive\\Escritorio\\EvaluaPro\\evaluaPro\\vendor\\laravel\\framework\\src\\Illuminate\\Pipeline\\Pipeline.php(183): Illuminate\\Cookie\\Middleware\\AddQueuedCookiesToResponse->handle(Object(Illuminate\\Http\\Request), Object(Closure))
#28 C:\\Users\\evaa2\\OneDrive\\Escritorio\\EvaluaPro\\evaluaPro\\vendor\\laravel\\framework\\src\\Illuminate\\Cookie\\Middleware\\EncryptCookies.php(67): Illuminate\\Pipeline\\Pipeline->Illuminate\\Pipeline\\{closure}(Object(Illuminate\\Http\\Request))
#29 C:\\Users\\evaa2\\OneDrive\\Escritorio\\EvaluaPro\\evaluaPro\\vendor\\laravel\\framework\\src\\Illuminate\\Pipeline\\Pipeline.php(183): Illuminate\\Cookie\\Middleware\\EncryptCookies->handle(Object(Illuminate\\Http\\Request), Object(Closure))
#30 C:\\Users\\evaa2\\OneDrive\\Escritorio\\EvaluaPro\\evaluaPro\\vendor\\laravel\\framework\\src\\Illuminate\\Pipeline\\Pipeline.php(119): Illuminate\\Pipeline\\Pipeline->Illuminate\\Pipeline\\{closure}(Object(Illuminate\\Http\\Request))
#31 C:\\Users\\evaa2\\OneDrive\\Escritorio\\EvaluaPro\\evaluaPro\\vendor\\laravel\\framework\\src\\Illuminate\\Routing\\Router.php(805): Illuminate\\Pipeline\\Pipeline->then(Object(Closure))
#32 C:\\Users\\evaa2\\OneDrive\\Escritorio\\EvaluaPro\\evaluaPro\\vendor\\laravel\\framework\\src\\Illuminate\\Routing\\Router.php(784): Illuminate\\Routing\\Router->runRouteWithinStack(Object(Illuminate\\Routing\\Route), Object(Illuminate\\Http\\Request))
#33 C:\\Users\\evaa2\\OneDrive\\Escritorio\\EvaluaPro\\evaluaPro\\vendor\\laravel\\framework\\src\\Illuminate\\Routing\\Router.php(748): Illuminate\\Routing\\Router->runRoute(Object(Illuminate\\Http\\Request), Object(Illuminate\\Routing\\Route))
#34 C:\\Users\\evaa2\\OneDrive\\Escritorio\\EvaluaPro\\evaluaPro\\vendor\\laravel\\framework\\src\\Illuminate\\Routing\\Router.php(737): Illuminate\\Routing\\Router->dispatchToRoute(Object(Illuminate\\Http\\Request))
#35 C:\\Users\\evaa2\\OneDrive\\Escritorio\\EvaluaPro\\evaluaPro\\vendor\\laravel\\framework\\src\\Illuminate\\Foundation\\Http\\Kernel.php(200): Illuminate\\Routing\\Router->dispatch(Object(Illuminate\\Http\\Request))
#36 C:\\Users\\evaa2\\OneDrive\\Escritorio\\EvaluaPro\\evaluaPro\\vendor\\laravel\\framework\\src\\Illuminate\\Pipeline\\Pipeline.php(144): Illuminate\\Foundation\\Http\\Kernel->Illuminate\\Foundation\\Http\\{closure}(Object(Illuminate\\Http\\Request))
#37 C:\\Users\\evaa2\\OneDrive\\Escritorio\\EvaluaPro\\evaluaPro\\vendor\\laravel\\framework\\src\\Illuminate\\Foundation\\Http\\Middleware\\TransformsRequest.php(21): Illuminate\\Pipeline\\Pipeline->Illuminate\\Pipeline\\{closure}(Object(Illuminate\\Http\\Request))
#38 C:\\Users\\evaa2\\OneDrive\\Escritorio\\EvaluaPro\\evaluaPro\\vendor\\laravel\\framework\\src\\Illuminate\\Foundation\\Http\\Middleware\\ConvertEmptyStringsToNull.php(31): Illuminate\\Foundation\\Http\\Middleware\\TransformsRequest->handle(Object(Illuminate\\Http\\Request), Object(Closure))
#39 C:\\Users\\evaa2\\OneDrive\\Escritorio\\EvaluaPro\\evaluaPro\\vendor\\laravel\\framework\\src\\Illuminate\\Pipeline\\Pipeline.php(183): Illuminate\\Foundation\\Http\\Middleware\\ConvertEmptyStringsToNull->handle(Object(Illuminate\\Http\\Request), Object(Closure))
#40 C:\\Users\\evaa2\\OneDrive\\Escritorio\\EvaluaPro\\evaluaPro\\vendor\\laravel\\framework\\src\\Illuminate\\Foundation\\Http\\Middleware\\TransformsRequest.php(21): Illuminate\\Pipeline\\Pipeline->Illuminate\\Pipeline\\{closure}(Object(Illuminate\\Http\\Request))
#41 C:\\Users\\evaa2\\OneDrive\\Escritorio\\EvaluaPro\\evaluaPro\\vendor\\laravel\\framework\\src\\Illuminate\\Foundation\\Http\\Middleware\\TrimStrings.php(40): Illuminate\\Foundation\\Http\\Middleware\\TransformsRequest->handle(Object(Illuminate\\Http\\Request), Object(Closure))
#42 C:\\Users\\evaa2\\OneDrive\\Escritorio\\EvaluaPro\\evaluaPro\\vendor\\laravel\\framework\\src\\Illuminate\\Pipeline\\Pipeline.php(183): Illuminate\\Foundation\\Http\\Middleware\\TrimStrings->handle(Object(Illuminate\\Http\\Request), Object(Closure))
#43 C:\\Users\\evaa2\\OneDrive\\Escritorio\\EvaluaPro\\evaluaPro\\vendor\\laravel\\framework\\src\\Illuminate\\Foundation\\Http\\Middleware\\ValidatePostSize.php(27): Illuminate\\Pipeline\\Pipeline->Illuminate\\Pipeline\\{closure}(Object(Illuminate\\Http\\Request))
#44 C:\\Users\\evaa2\\OneDrive\\Escritorio\\EvaluaPro\\evaluaPro\\vendor\\laravel\\framework\\src\\Illuminate\\Pipeline\\Pipeline.php(183): Illuminate\\Foundation\\Http\\Middleware\\ValidatePostSize->handle(Object(Illuminate\\Http\\Request), Object(Closure))
#45 C:\\Users\\evaa2\\OneDrive\\Escritorio\\EvaluaPro\\evaluaPro\\vendor\\laravel\\framework\\src\\Illuminate\\Foundation\\Http\\Middleware\\PreventRequestsDuringMaintenance.php(99): Illuminate\\Pipeline\\Pipeline->Illuminate\\Pipeline\\{closure}(Object(Illuminate\\Http\\Request))
#46 C:\\Users\\evaa2\\OneDrive\\Escritorio\\EvaluaPro\\evaluaPro\\vendor\\laravel\\framework\\src\\Illuminate\\Pipeline\\Pipeline.php(183): Illuminate\\Foundation\\Http\\Middleware\\PreventRequestsDuringMaintenance->handle(Object(Illuminate\\Http\\Request), Object(Closure))
#47 C:\\Users\\evaa2\\OneDrive\\Escritorio\\EvaluaPro\\evaluaPro\\vendor\\laravel\\framework\\src\\Illuminate\\Http\\Middleware\\HandleCors.php(49): Illuminate\\Pipeline\\Pipeline->Illuminate\\Pipeline\\{closure}(Object(Illuminate\\Http\\Request))
#48 C:\\Users\\evaa2\\OneDrive\\Escritorio\\EvaluaPro\\evaluaPro\\vendor\\laravel\\framework\\src\\Illuminate\\Pipeline\\Pipeline.php(183): Illuminate\\Http\\Middleware\\HandleCors->handle(Object(Illuminate\\Http\\Request), Object(Closure))
#49 C:\\Users\\evaa2\\OneDrive\\Escritorio\\EvaluaPro\\evaluaPro\\vendor\\laravel\\framework\\src\\Illuminate\\Http\\Middleware\\TrustProxies.php(39): Illuminate\\Pipeline\\Pipeline->Illuminate\\Pipeline\\{closure}(Object(Illuminate\\Http\\Request))
#50 C:\\Users\\evaa2\\OneDrive\\Escritorio\\EvaluaPro\\evaluaPro\\vendor\\laravel\\framework\\src\\Illuminate\\Pipeline\\Pipeline.php(183): Illuminate\\Http\\Middleware\\TrustProxies->handle(Object(Illuminate\\Http\\Request), Object(Closure))
#51 C:\\Users\\evaa2\\OneDrive\\Escritorio\\EvaluaPro\\evaluaPro\\vendor\\laravel\\framework\\src\\Illuminate\\Pipeline\\Pipeline.php(119): Illuminate\\Pipeline\\Pipeline->Illuminate\\Pipeline\\{closure}(Object(Illuminate\\Http\\Request))
#52 C:\\Users\\evaa2\\OneDrive\\Escritorio\\EvaluaPro\\evaluaPro\\vendor\\laravel\\framework\\src\\Illuminate\\Foundation\\Http\\Kernel.php(175): Illuminate\\Pipeline\\Pipeline->then(Object(Closure))
#53 C:\\Users\\evaa2\\OneDrive\\Escritorio\\EvaluaPro\\evaluaPro\\vendor\\laravel\\framework\\src\\Illuminate\\Foundation\\Http\\Kernel.php(144): Illuminate\\Foundation\\Http\\Kernel->sendRequestThroughRouter(Object(Illuminate\\Http\\Request))
#54 C:\\Users\\evaa2\\OneDrive\\Escritorio\\EvaluaPro\\evaluaPro\\public\\index.php(51): Illuminate\\Foundation\\Http\\Kernel->handle(Object(Illuminate\\Http\\Request))
#55 C:\\Users\\evaa2\\OneDrive\\Escritorio\\EvaluaPro\\evaluaPro\\vendor\\laravel\\framework\\src\\Illuminate\\Foundation\\resources\\server.php(16): require_once('C:\\\\Users\\\\evaa2\\\\...')
#56 {main}

[previous exception] [object] (ErrorException(code: 0): Undefined variable $reticula at C:\\Users\\evaa2\\OneDrive\\Escritorio\\EvaluaPro\\evaluaPro\\storage\\framework\\views\\500d217e2efc97b3a9049936a72244af.php:14)
[stacktrace]
#0 C:\\Users\\evaa2\\OneDrive\\Escritorio\\EvaluaPro\\evaluaPro\\vendor\\laravel\\framework\\src\\Illuminate\\Foundation\\Bootstrap\\HandleExceptions.php(255): Illuminate\\Foundation\\Bootstrap\\HandleExceptions->handleError(2, 'Undefined varia...', 'C:\\\\Users\\\\evaa2\\\\...', 14)
#1 C:\\Users\\evaa2\\OneDrive\\Escritorio\\EvaluaPro\\evaluaPro\\storage\\framework\\views\\500d217e2efc97b3a9049936a72244af.php(14): Illuminate\\Foundation\\Bootstrap\\HandleExceptions->Illuminate\\Foundation\\Bootstrap\\{closure}(2, 'Undefined varia...', 'C:\\\\Users\\\\evaa2\\\\...', 14)
#2 C:\\Users\\evaa2\\OneDrive\\Escritorio\\EvaluaPro\\evaluaPro\\vendor\\laravel\\framework\\src\\Illuminate\\Filesystem\\Filesystem.php(123): require('C:\\\\Users\\\\evaa2\\\\...')
#3 C:\\Users\\evaa2\\OneDrive\\Escritorio\\EvaluaPro\\evaluaPro\\vendor\\laravel\\framework\\src\\Illuminate\\Filesystem\\Filesystem.php(124): Illuminate\\Filesystem\\Filesystem::Illuminate\\Filesystem\\{closure}()
#4 C:\\Users\\evaa2\\OneDrive\\Escritorio\\EvaluaPro\\evaluaPro\\vendor\\laravel\\framework\\src\\Illuminate\\View\\Engines\\PhpEngine.php(58): Illuminate\\Filesystem\\Filesystem->getRequire('C:\\\\Users\\\\evaa2\\\\...', Array)
#5 C:\\Users\\evaa2\\OneDrive\\Escritorio\\EvaluaPro\\evaluaPro\\vendor\\laravel\\framework\\src\\Illuminate\\View\\Engines\\CompilerEngine.php(72): Illuminate\\View\\Engines\\PhpEngine->evaluatePath('C:\\\\Users\\\\evaa2\\\\...', Array)
#6 C:\\Users\\evaa2\\OneDrive\\Escritorio\\EvaluaPro\\evaluaPro\\vendor\\laravel\\framework\\src\\Illuminate\\View\\View.php(207): Illuminate\\View\\Engines\\CompilerEngine->get('C:\\\\Users\\\\evaa2\\\\...', Array)
#7 C:\\Users\\evaa2\\OneDrive\\Escritorio\\EvaluaPro\\evaluaPro\\vendor\\laravel\\framework\\src\\Illuminate\\View\\View.php(190): Illuminate\\View\\View->getContents()
#8 C:\\Users\\evaa2\\OneDrive\\Escritorio\\EvaluaPro\\evaluaPro\\vendor\\laravel\\framework\\src\\Illuminate\\View\\View.php(159): Illuminate\\View\\View->renderContents()
#9 C:\\Users\\evaa2\\OneDrive\\Escritorio\\EvaluaPro\\evaluaPro\\vendor\\laravel\\framework\\src\\Illuminate\\Http\\Response.php(69): Illuminate\\View\\View->render()
#10 C:\\Users\\evaa2\\OneDrive\\Escritorio\\EvaluaPro\\evaluaPro\\vendor\\laravel\\framework\\src\\Illuminate\\Http\\Response.php(35): Illuminate\\Http\\Response->setContent(Object(Illuminate\\View\\View))
#11 C:\\Users\\evaa2\\OneDrive\\Escritorio\\EvaluaPro\\evaluaPro\\vendor\\laravel\\framework\\src\\Illuminate\\Routing\\Router.php(918): Illuminate\\Http\\Response->__construct(Object(Illuminate\\View\\View), 200, Array)
#12 C:\\Users\\evaa2\\OneDrive\\Escritorio\\EvaluaPro\\evaluaPro\\vendor\\laravel\\framework\\src\\Illuminate\\Routing\\Router.php(885): Illuminate\\Routing\\Router::toResponse(Object(Illuminate\\Http\\Request), Object(Illuminate\\View\\View))
#13 C:\\Users\\evaa2\\OneDrive\\Escritorio\\EvaluaPro\\evaluaPro\\vendor\\laravel\\framework\\src\\Illuminate\\Routing\\Router.php(805): Illuminate\\Routing\\Router->prepareResponse(Object(Illuminate\\Http\\Request), Object(Illuminate\\View\\View))
#14 C:\\Users\\evaa2\\OneDrive\\Escritorio\\EvaluaPro\\evaluaPro\\vendor\\laravel\\framework\\src\\Illuminate\\Pipeline\\Pipeline.php(144): Illuminate\\Routing\\Router->Illuminate\\Routing\\{closure}(Object(Illuminate\\Http\\Request))
#15 C:\\Users\\evaa2\\OneDrive\\Escritorio\\EvaluaPro\\evaluaPro\\app\\Http\\Middleware\\RolMiddleware.php(21): Illuminate\\Pipeline\\Pipeline->Illuminate\\Pipeline\\{closure}(Object(Illuminate\\Http\\Request))
#16 C:\\Users\\evaa2\\OneDrive\\Escritorio\\EvaluaPro\\evaluaPro\\vendor\\laravel\\framework\\src\\Illuminate\\Pipeline\\Pipeline.php(183): App\\Http\\Middleware\\RolMiddleware->handle(Object(Illuminate\\Http\\Request), Object(Closure), 'admin', 'capacitador', 'usuario')
#17 C:\\Users\\evaa2\\OneDrive\\Escritorio\\EvaluaPro\\evaluaPro\\vendor\\laravel\\framework\\src\\Illuminate\\Routing\\Middleware\\SubstituteBindings.php(50): Illuminate\\Pipeline\\Pipeline->Illuminate\\Pipeline\\{closure}(Object(Illuminate\\Http\\Request))
#18 C:\\Users\\evaa2\\OneDrive\\Escritorio\\EvaluaPro\\evaluaPro\\vendor\\laravel\\framework\\src\\Illuminate\\Pipeline\\Pipeline.php(183): Illuminate\\Routing\\Middleware\\SubstituteBindings->handle(Object(Illuminate\\Http\\Request), Object(Closure))
#19 C:\\Users\\evaa2\\OneDrive\\Escritorio\\EvaluaPro\\evaluaPro\\vendor\\laravel\\framework\\src\\Illuminate\\Auth\\Middleware\\Authenticate.php(57): Illuminate\\Pipeline\\Pipeline->Illuminate\\Pipeline\\{closure}(Object(Illuminate\\Http\\Request))
#20 C:\\Users\\evaa2\\OneDrive\\Escritorio\\EvaluaPro\\evaluaPro\\vendor\\laravel\\framework\\src\\Illuminate\\Pipeline\\Pipeline.php(183): Illuminate\\Auth\\Middleware\\Authenticate->handle(Object(Illuminate\\Http\\Request), Object(Closure))
#21 C:\\Users\\evaa2\\OneDrive\\Escritorio\\EvaluaPro\\evaluaPro\\vendor\\laravel\\framework\\src\\Illuminate\\Foundation\\Http\\Middleware\\VerifyCsrfToken.php(78): Illuminate\\Pipeline\\Pipeline->Illuminate\\Pipeline\\{closure}(Object(Illuminate\\Http\\Request))
#22 C:\\Users\\evaa2\\OneDrive\\Escritorio\\EvaluaPro\\evaluaPro\\vendor\\laravel\\framework\\src\\Illuminate\\Pipeline\\Pipeline.php(183): Illuminate\\Foundation\\Http\\Middleware\\VerifyCsrfToken->handle(Object(Illuminate\\Http\\Request), Object(Closure))
#23 C:\\Users\\evaa2\\OneDrive\\Escritorio\\EvaluaPro\\evaluaPro\\vendor\\laravel\\framework\\src\\Illuminate\\View\\Middleware\\ShareErrorsFromSession.php(49): Illuminate\\Pipeline\\Pipeline->Illuminate\\Pipeline\\{closure}(Object(Illuminate\\Http\\Request))
#24 C:\\Users\\evaa2\\OneDrive\\Escritorio\\EvaluaPro\\evaluaPro\\vendor\\laravel\\framework\\src\\Illuminate\\Pipeline\\Pipeline.php(183): Illuminate\\View\\Middleware\\ShareErrorsFromSession->handle(Object(Illuminate\\Http\\Request), Object(Closure))
#25 C:\\Users\\evaa2\\OneDrive\\Escritorio\\EvaluaPro\\evaluaPro\\vendor\\laravel\\framework\\src\\Illuminate\\Session\\Middleware\\StartSession.php(121): Illuminate\\Pipeline\\Pipeline->Illuminate\\Pipeline\\{closure}(Object(Illuminate\\Http\\Request))
#26 C:\\Users\\evaa2\\OneDrive\\Escritorio\\EvaluaPro\\evaluaPro\\vendor\\laravel\\framework\\src\\Illuminate\\Session\\Middleware\\StartSession.php(64): Illuminate\\Session\\Middleware\\StartSession->handleStatefulRequest(Object(Illuminate\\Http\\Request), Object(Illuminate\\Session\\Store), Object(Closure))
#27 C:\\Users\\evaa2\\OneDrive\\Escritorio\\EvaluaPro\\evaluaPro\\vendor\\laravel\\framework\\src\\Illuminate\\Pipeline\\Pipeline.php(183): Illuminate\\Session\\Middleware\\StartSession->handle(Object(Illuminate\\Http\\Request), Object(Closure))
#28 C:\\Users\\evaa2\\OneDrive\\Escritorio\\EvaluaPro\\evaluaPro\\vendor\\laravel\\framework\\src\\Illuminate\\Cookie\\Middleware\\AddQueuedCookiesToResponse.php(37): Illuminate\\Pipeline\\Pipeline->Illuminate\\Pipeline\\{closure}(Object(Illuminate\\Http\\Request))
#29 C:\\Users\\evaa2\\OneDrive\\Escritorio\\EvaluaPro\\evaluaPro\\vendor\\laravel\\framework\\src\\Illuminate\\Pipeline\\Pipeline.php(183): Illuminate\\Cookie\\Middleware\\AddQueuedCookiesToResponse->handle(Object(Illuminate\\Http\\Request), Object(Closure))
#30 C:\\Users\\evaa2\\OneDrive\\Escritorio\\EvaluaPro\\evaluaPro\\vendor\\laravel\\framework\\src\\Illuminate\\Cookie\\Middleware\\EncryptCookies.php(67): Illuminate\\Pipeline\\Pipeline->Illuminate\\Pipeline\\{closure}(Object(Illuminate\\Http\\Request))
#31 C:\\Users\\evaa2\\OneDrive\\Escritorio\\EvaluaPro\\evaluaPro\\vendor\\laravel\\framework\\src\\Illuminate\\Pipeline\\Pipeline.php(183): Illuminate\\Cookie\\Middleware\\EncryptCookies->handle(Object(Illuminate\\Http\\Request), Object(Closure))
#32 C:\\Users\\evaa2\\OneDrive\\Escritorio\\EvaluaPro\\evaluaPro\\vendor\\laravel\\framework\\src\\Illuminate\\Pipeline\\Pipeline.php(119): Illuminate\\Pipeline\\Pipeline->Illuminate\\Pipeline\\{closure}(Object(Illuminate\\Http\\Request))
#33 C:\\Users\\evaa2\\OneDrive\\Escritorio\\EvaluaPro\\evaluaPro\\vendor\\laravel\\framework\\src\\Illuminate\\Routing\\Router.php(805): Illuminate\\Pipeline\\Pipeline->then(Object(Closure))
#34 C:\\Users\\evaa2\\OneDrive\\Escritorio\\EvaluaPro\\evaluaPro\\vendor\\laravel\\framework\\src\\Illuminate\\Routing\\Router.php(784): Illuminate\\Routing\\Router->runRouteWithinStack(Object(Illuminate\\Routing\\Route), Object(Illuminate\\Http\\Request))
#35 C:\\Users\\evaa2\\OneDrive\\Escritorio\\EvaluaPro\\evaluaPro\\vendor\\laravel\\framework\\src\\Illuminate\\Routing\\Router.php(748): Illuminate\\Routing\\Router->runRoute(Object(Illuminate\\Http\\Request), Object(Illuminate\\Routing\\Route))
#36 C:\\Users\\evaa2\\OneDrive\\Escritorio\\EvaluaPro\\evaluaPro\\vendor\\laravel\\framework\\src\\Illuminate\\Routing\\Router.php(737): Illuminate\\Routing\\Router->dispatchToRoute(Object(Illuminate\\Http\\Request))
#37 C:\\Users\\evaa2\\OneDrive\\Escritorio\\EvaluaPro\\evaluaPro\\vendor\\laravel\\framework\\src\\Illuminate\\Foundation\\Http\\Kernel.php(200): Illuminate\\Routing\\Router->dispatch(Object(Illuminate\\Http\\Request))
#38 C:\\Users\\evaa2\\OneDrive\\Escritorio\\EvaluaPro\\evaluaPro\\vendor\\laravel\\framework\\src\\Illuminate\\Pipeline\\Pipeline.php(144): Illuminate\\Foundation\\Http\\Kernel->Illuminate\\Foundation\\Http\\{closure}(Object(Illuminate\\Http\\Request))
#39 C:\\Users\\evaa2\\OneDrive\\Escritorio\\EvaluaPro\\evaluaPro\\vendor\\laravel\\framework\\src\\Illuminate\\Foundation\\Http\\Middleware\\TransformsRequest.php(21): Illuminate\\Pipeline\\Pipeline->Illuminate\\Pipeline\\{closure}(Object(Illuminate\\Http\\Request))
#40 C:\\Users\\evaa2\\OneDrive\\Escritorio\\EvaluaPro\\evaluaPro\\vendor\\laravel\\framework\\src\\Illuminate\\Foundation\\Http\\Middleware\\ConvertEmptyStringsToNull.php(31): Illuminate\\Foundation\\Http\\Middleware\\TransformsRequest->handle(Object(Illuminate\\Http\\Request), Object(Closure))
#41 C:\\Users\\evaa2\\OneDrive\\Escritorio\\EvaluaPro\\evaluaPro\\vendor\\laravel\\framework\\src\\Illuminate\\Pipeline\\Pipeline.php(183): Illuminate\\Foundation\\Http\\Middleware\\ConvertEmptyStringsToNull->handle(Object(Illuminate\\Http\\Request), Object(Closure))
#42 C:\\Users\\evaa2\\OneDrive\\Escritorio\\EvaluaPro\\evaluaPro\\vendor\\laravel\\framework\\src\\Illuminate\\Foundation\\Http\\Middleware\\TransformsRequest.php(21): Illuminate\\Pipeline\\Pipeline->Illuminate\\Pipeline\\{closure}(Object(Illuminate\\Http\\Request))
#43 C:\\Users\\evaa2\\OneDrive\\Escritorio\\EvaluaPro\\evaluaPro\\vendor\\laravel\\framework\\src\\Illuminate\\Foundation\\Http\\Middleware\\TrimStrings.php(40): Illuminate\\Foundation\\Http\\Middleware\\TransformsRequest->handle(Object(Illuminate\\Http\\Request), Object(Closure))
#44 C:\\Users\\evaa2\\OneDrive\\Escritorio\\EvaluaPro\\evaluaPro\\vendor\\laravel\\framework\\src\\Illuminate\\Pipeline\\Pipeline.php(183): Illuminate\\Foundation\\Http\\Middleware\\TrimStrings->handle(Object(Illuminate\\Http\\Request), Object(Closure))
#45 C:\\Users\\evaa2\\OneDrive\\Escritorio\\EvaluaPro\\evaluaPro\\vendor\\laravel\\framework\\src\\Illuminate\\Foundation\\Http\\Middleware\\ValidatePostSize.php(27): Illuminate\\Pipeline\\Pipeline->Illuminate\\Pipeline\\{closure}(Object(Illuminate\\Http\\Request))
#46 C:\\Users\\evaa2\\OneDrive\\Escritorio\\EvaluaPro\\evaluaPro\\vendor\\laravel\\framework\\src\\Illuminate\\Pipeline\\Pipeline.php(183): Illuminate\\Foundation\\Http\\Middleware\\ValidatePostSize->handle(Object(Illuminate\\Http\\Request), Object(Closure))
#47 C:\\Users\\evaa2\\OneDrive\\Escritorio\\EvaluaPro\\evaluaPro\\vendor\\laravel\\framework\\src\\Illuminate\\Foundation\\Http\\Middleware\\PreventRequestsDuringMaintenance.php(99): Illuminate\\Pipeline\\Pipeline->Illuminate\\Pipeline\\{closure}(Object(Illuminate\\Http\\Request))
#48 C:\\Users\\evaa2\\OneDrive\\Escritorio\\EvaluaPro\\evaluaPro\\vendor\\laravel\\framework\\src\\Illuminate\\Pipeline\\Pipeline.php(183): Illuminate\\Foundation\\Http\\Middleware\\PreventRequestsDuringMaintenance->handle(Object(Illuminate\\Http\\Request), Object(Closure))
#49 C:\\Users\\evaa2\\OneDrive\\Escritorio\\EvaluaPro\\evaluaPro\\vendor\\laravel\\framework\\src\\Illuminate\\Http\\Middleware\\HandleCors.php(49): Illuminate\\Pipeline\\Pipeline->Illuminate\\Pipeline\\{closure}(Object(Illuminate\\Http\\Request))
#50 C:\\Users\\evaa2\\OneDrive\\Escritorio\\EvaluaPro\\evaluaPro\\vendor\\laravel\\framework\\src\\Illuminate\\Pipeline\\Pipeline.php(183): Illuminate\\Http\\Middleware\\HandleCors->handle(Object(Illuminate\\Http\\Request), Object(Closure))
#51 C:\\Users\\evaa2\\OneDrive\\Escritorio\\EvaluaPro\\evaluaPro\\vendor\\laravel\\framework\\src\\Illuminate\\Http\\Middleware\\TrustProxies.php(39): Illuminate\\Pipeline\\Pipeline->Illuminate\\Pipeline\\{closure}(Object(Illuminate\\Http\\Request))
#52 C:\\Users\\evaa2\\OneDrive\\Escritorio\\EvaluaPro\\evaluaPro\\vendor\\laravel\\framework\\src\\Illuminate\\Pipeline\\Pipeline.php(183): Illuminate\\Http\\Middleware\\TrustProxies->handle(Object(Illuminate\\Http\\Request), Object(Closure))
#53 C:\\Users\\evaa2\\OneDrive\\Escritorio\\EvaluaPro\\evaluaPro\\vendor\\laravel\\framework\\src\\Illuminate\\Pipeline\\Pipeline.php(119): Illuminate\\Pipeline\\Pipeline->Illuminate\\Pipeline\\{closure}(Object(Illuminate\\Http\\Request))
#54 C:\\Users\\evaa2\\OneDrive\\Escritorio\\EvaluaPro\\evaluaPro\\vendor\\laravel\\framework\\src\\Illuminate\\Foundation\\Http\\Kernel.php(175): Illuminate\\Pipeline\\Pipeline->then(Object(Closure))
#55 C:\\Users\\evaa2\\OneDrive\\Escritorio\\EvaluaPro\\evaluaPro\\vendor\\laravel\\framework\\src\\Illuminate\\Foundation\\Http\\Kernel.php(144): Illuminate\\Foundation\\Http\\Kernel->sendRequestThroughRouter(Object(Illuminate\\Http\\Request))
#56 C:\\Users\\evaa2\\OneDrive\\Escritorio\\EvaluaPro\\evaluaPro\\public\\index.php(51): Illuminate\\Foundation\\Http\\Kernel->handle(Object(Illuminate\\Http\\Request))
#57 C:\\Users\\evaa2\\OneDrive\\Escritorio\\EvaluaPro\\evaluaPro\\vendor\\laravel\\framework\\src\\Illuminate\\Foundation\\resources\\server.php(16): require_once('C:\\\\Users\\\\evaa2\\\\...')
#58 {main}
"} 
